statsDataId,survey_year_label,table_title,table_no,cycle,survey_date,updated,total_cells
0000150001,人口推計,年齢各歳（９２），男女別人口数及び性比－総人口，日本人人口　　　　，全国,001,-,199110,2025-10-03,736
0000150002,人口推計,年齢５歳階級（４６），男女別（３），年（５），人口数及び割合－総人口（各年１０月１日現在），全国,002,-,199110,2025-10-03,690
0000150003,人口推計,人口の増加要因（２９），男女別人口数－総人口，日本人人口，外国人人口，全国,003,-,199110,2025-10-03,87
0000150004,人口推計,年齢各歳（９３），男女別（３），人口・死亡者数・入国超過数及び国籍異動による純増－総人口，日本人人口，全国,004,-,199110,2025-10-03,2511
0000150005,人口推計,年齢５歳階級（２５），男女別（３），死亡者数－日本人，外国人（平成２年１０月－３年９月），全国,005,-,199110,2025-10-03,150
0000150006,人口推計,年齢５歳階級（２１），日本人・外国人（２），男女別出入国者数，全国,006,-,199110,2025-10-03,252
0000150007,人口推計,男女別（３），人口数及び性比－総人口，日本人人口，全国・都道府県,007,-,199110,2025-10-03,384
0000150008,人口推計,男女別（３），年（５），人口数－総人口（各年１０月１日現在），全国・都道府県,008,-,199110,2025-10-03,720
0000150009,人口推計,年（５），人口の割合－総人口（各年１０月１日現在），全国・都道府県,009,-,199110,2025-10-03,240
0000150010,人口推計,男女別（３），人口数・自然増加及び社会増加－総人口，全国・都道府県,01001,-,199110,2025-10-03,720
0000150011,人口推計,男女別（３），人口数・自然増加及び社会増加－日本人人口，全国・都道府県,01002,-,199110,2025-10-03,864
0000150012,人口推計,男女別（３），出生児数及び死亡者数－日本人，全国・都道府県,011,-,199110,2025-10-03,864
0000150013,人口推計,男女別（３），都道府県間転出入者数－日本人，全国・都道府県,012,-,199110,2025-10-03,864
0000150014,人口推計,年（２），男女別出入国者数－日本人，全国・都道府県,013,-,199110,2025-10-03,576
0000150015,人口推計,年（５），人口増加率・自然増加率・社会増加率－総人口，全国・都道府県,014,-,199110,2025-10-03,720
0000150017,人口推計,男女別（３），年齢５歳階級別人口数－総人口，全国・都道府県,015,-,199110,2025-10-03,2592
0000150018,人口推計,男女別（３），年齢３区分別人口数－総人口，全国・都道府県,016,-,199110,2025-10-03,576
0000150019,人口推計,男女別（３），年齢３区分別人口の割合－総人口，全国・都道府県,017,-,199110,2025-10-03,576
0000150016,人口推計,[参考表]住民基本台帳に基づく人口数（平成３年３月３１日現在），全国・都道府県,R01,-,199110,2025-10-03,192
0000150020,人口推計,年齢各歳（９２），男女別人口数及び性比－総人口，日本人人口，全国,001,-,199210,2025-10-03,736
0000150021,人口推計,年齢５歳階級（４６），男女別（３），年（５），人口数及び割合－総人口（各年１０月１日現在），全国,002,-,199210,2025-10-03,690
0000150022,人口推計,人口の増加要因（２９），男女別（３）人口数－総人口，日本人人口，外国人人口，全国,003,-,199210,2025-10-03,87
0000150023,人口推計,年齢各歳（９３），男女別（３），人口・死亡者数・入国超過数及び国籍異動による純増－総人口，日本人人口，全国,004,-,199210,2025-10-03,2511
0000150024,人口推計,年齢５歳階級（２５），男女別（３），死亡者数－日本人，外国人（平成３年１０月－４年９月），全国,005,-,199210,2025-10-03,150
0000150025,人口推計,年齢５歳階級（２１），日本人・外国人（２），男女別出入国者数，全国,006,-,199210,2025-10-03,252
0000150026,人口推計,男女別（３），人口数及び性比－総人口，日本人人口，全国・都道府県,007,-,199210,2025-10-03,384
0000150027,人口推計,男女別（３），年（５），人口数－総人口（各年１０月１日現在），全国・都道府県,008,-,199210,2025-10-03,720
0000150028,人口推計,年（５），人口の割合－総人口（各年１０月１日現在），全国・都道府県,009,-,199210,2025-10-03,240
0000150029,人口推計,男女別（３），人口数・自然増加及び社会増加－総人口，全国・都道府県,01001,-,199210,2025-10-03,720
0000150030,人口推計,男女別（３），人口数・自然増加及び社会増加－日本人人口，全国・都道府県,01002,-,199210,2025-10-03,864
0000150031,人口推計,男女別（３），出生児数及び死亡者数－日本人，全国・都道府県,011,-,199210,2025-10-03,864
0000150032,人口推計,男女別（３），都道府県間転出入者数－日本人，全国・都道府県,012,-,199210,2025-10-03,864
0000150033,人口推計,年（２），男女別（３），出入国者数－日本人，全国・都道府県,013,-,199210,2025-10-03,576
0000150034,人口推計,年（５），人口増加率・自然増加率，社会増加率－総人口，全国・都道府県,014,-,199210,2025-10-03,720
0000150036,人口推計,男女（３），年齢５歳階級別人口数－総人口，全国・都道府県,015,-,199210,2025-10-03,2592
0000150037,人口推計,男女別（３），年齢３区分別人口数－総人口，全国・都道府県,016,-,199210,2025-10-03,576
0000150038,人口推計,男女別（３），年齢３区分別人口の割合－総人口，全国・都道府県,017,-,199210,2025-10-03,576
0000150035,人口推計,[参考表]住民基本台帳に基づく人口数（平成４年３月３１日現在），全国・都道府県,R01,-,199210,2025-10-03,192
0000150039,人口推計,年齢各歳（９２），男女別人口数及び性比－総人口，日本人人口，全国,001,-,199310,2025-10-03,736
0000150040,人口推計,年齢５歳階級（４６），男女別（３），年（５），人口数及び割合－総人口（各年１０月１日現在），全国,002,-,199310,2025-10-03,690
0000150041,人口推計,人口及び人口増加（２９），男女別（３）人口数－総人口，日本人人口，外国人人口，全国,003,-,199310,2025-10-03,87
0000150042,人口推計,年齢各歳（９３），男女別（３），人口・死亡者数・入国超過数及び国籍異動による純増－総人口，日本人人口，全国,004,-,199310,2025-10-03,2511
0000150043,人口推計,年齢５歳階級（２５），男女別（３），死亡者数－日本人，外国人（平成４年１０月－５年９月），全国,005,-,199310,2025-10-03,150
0000150044,人口推計,年齢５歳階級（２１），日本人・外国人（２），男女別出入国者数，全国,006,-,199310,2025-10-03,252
0000150045,人口推計,男女別（３），人口数及び性比－総人口，日本人人口，全国・都道府県,007,-,199310,2025-10-03,384
0000150046,人口推計,男女別（３），年（５），人口数－総人口，日本人人口，全国・都道府県,008,-,199310,2025-10-03,1440
0000150047,人口推計,年（５），人口の割合－総人口，日本人人口，全国・都道府県,009,-,199310,2025-10-03,240
0000150048,人口推計,人口増加率－総人口，全国・都道府県,010,-,199310,2025-10-03,240
0000150049,人口推計,自然増加率－総人口，全国・都道府県,011,-,199310,2025-10-03,240
0000150050,人口推計,社会増加率－総人口，全国・都道府県,012,-,199310,2025-10-03,240
0000150051,人口推計,男女別（３），人口数（平成４・５年１０月１日現在）自然増加・社会増加・増加の計－総人口，全国・都道府県,01301,-,199310,2025-10-03,720
0000150052,人口推計,男女別（３），人口数（平成４・５年１０月１日現在）自然増加・社会増加・国籍の異動による純増・増加の計－日本人人口，全国・都道府県,01302,-,199310,2025-10-03,864
0000150053,人口推計,男女別（３），出生児数，死亡者数，－日本人・外国人，全国・都道府県,014,-,199310,2025-10-03,576
0000150054,人口推計,男女別（３），都道府県間転出入者数（平成４年１０月－５年３月）－日本人，全国・都道府県,015,-,199310,2025-10-03,288
0000150055,人口推計,男女別（３），出入国者数－日本人，全国・都道府県,016,-,199310,2025-10-03,288
0000150056,人口推計,男女別（３），年齢５歳階級別人口－総人口，全国・都道府県,017,-,199310,2025-10-03,2592
0000150057,人口推計,男女別（３），年齢３区分別人口－総人口，全国・都道府県,018,-,199310,2025-10-03,576
0000150058,人口推計,男女別（３），年齢３区分別人口の割合－総人口，全国・都道府県,019,-,199310,2025-10-03,576
0000150059,人口推計,[参考表]住民基本台帳に基づく人口（平成５年３月３１日現在），推計人口（総人口・日本人人口・外国人人口）（平成５年３月３１日現在）,R01,-,199310,2025-10-03,192
0000150060,人口推計,年齢各歳（９２），男女別人口数及び性比－総人口，日本人人口，全国,001,-,199410,2025-10-03,736
0000150061,人口推計,年齢５歳階級（４６），男女別（３），年（５），人口数及び割合－総人口（各年１０月１日現在），全国,002,-,199410,2025-10-03,690
0000150062,人口推計,人口及び人口増加（２９），男女別（３）人口数－総人口，日本人人口，外国人人口，全国,003,-,199410,2025-10-03,87
0000150063,人口推計,年齢各歳（９３），男女別（３），人口・死亡者数・入国超過数及び国籍異動による純増－総人口，日本人人口，全国,004,-,199410,2025-10-03,2511
0000150064,人口推計,年齢５歳階級（２５），男女別（３），死亡者数－日本人，外国人（平成５年１０月－６年９月），全国,005,-,199410,2025-10-03,150
0000150065,人口推計,年齢５歳階級（２１），日本人・外国人（２），男女別出入国者数，全国,006,-,199410,2025-10-03,252
0000150066,人口推計,男女別（３），人口数及び性比－総人口，日本人人口，全国・都道府県,007,-,199410,2025-10-03,384
0000150067,人口推計,男女別（３），年（５），人口数－総人口，日本人人口，全国・都道府県,008,-,199410,2025-10-03,1440
0000150068,人口推計,年（５），人口の割合－総人口，日本人人口，全国・都道府県,009,-,199410,2025-10-03,240
0000150069,人口推計,人口増加率－総人口，全国・都道府県,010,-,199410,2025-10-03,240
0000150070,人口推計,自然増加率－総人口，全国・都道府県,011,-,199410,2025-10-03,240
0000150071,人口推計,社会増加率－総人口，全国・都道府県,012,-,199410,2025-10-03,240
0000150072,人口推計,男女別（３），人口数（平成５・６年１０月１日現在）自然増加・社会増加・増加の計－総人口，全国・都道府県,01301,-,199410,2025-10-03,720
0000150073,人口推計,男女別（３），人口数（平成５・６年１０月１日現在）自然増加・社会増加・国籍の異動による純増・増加の計－日本人人口，全国・都道府県,01302,-,199410,2025-10-03,864
0000150074,人口推計,男女別（３），出生児数，死亡者数，－日本人・外国人，全国・都道府県,014,-,199410,2025-10-03,576
0000150075,人口推計,男女別（３），都道府県間転出入者数（平成５年１０月－６年３月）－日本人，全国・都道府県,015,-,199410,2025-10-03,288
0000150076,人口推計,男女別（３），出入国者数－日本人，全国・都道府県,016,-,199410,2025-10-03,288
0000150077,人口推計,男女別（３），年齢５歳階級別人口－総人口，全国・都道府県,017,-,199410,2025-10-03,2592
0000150078,人口推計,男女別（３），年齢３区分別人口－総人口，全国・都道府県,018,-,199410,2025-10-03,576
0000150079,人口推計,男女別（３），年齢３区分別人口の割合－総人口，全国・都道府県,019,-,199410,2025-10-03,576
0000150080,人口推計,[参考表]住民基本台帳に基づく人口（平成６年３月３１日現在），推計人口（総人口・日本人人口・外国人人口）（平成６年３月３１日現在）,R01,-,199410,2025-10-03,192
0003426414,人口推計,概算値 年齢（５歳階級），男女，月別人口－総人口（各月１日現在）-平成27年国勢調査基準-,001,月次,0,2026-01-20,1134
0003443838,人口推計,概算値 年齢（５歳階級），男女，月別人口－総人口（各月１日現在）-令和２年国勢調査基準-,001,月次,0,2026-08-20,4536
0003426416,人口推計,概算値 年齢（３区分），男女別割合－総人口（各月１日現在）-平成27年国勢調査基準-,002,月次,0,2026-01-20,210
0003443839,人口推計,概算値 年齢（３区分），男女別割合－総人口（各月１日現在）-令和２年国勢調査基準-,002,月次,0,2026-08-20,840
0003425734,人口推計,確定値 年齢（５歳階級），男女，月別人口－総人口，日本人人口 （各月１日現在）-平成27年国勢調査基準-,003,月次,0,2026-01-20,810
0003443840,人口推計,確定値 年齢（５歳階級），男女，月別人口－総人口，日本人人口 ，外国人人口 （各月１日現在）-令和２年国勢調査基準-,003,月次,0,2026-08-20,11826
0003425736,人口推計,確定値 年齢（３区分），男女別割合－総人口，日本人人口 （各月１日現在）-平成27年国勢調査基準-,004,月次,0,2026-01-20,150
0003443841,人口推計,確定値 年齢（３区分），男女別割合－総人口，日本人人口 ，外国人人口 （各月１日現在）-令和２年国勢調査基準-,004,月次,0,2026-08-20,2190
0003448228,人口推計,年齢（各歳），男女別人口及び人口性比－総人口，日本人人口,001,年次,0,2025-10-03,3876
0003448229,人口推計,年齢（５歳階級），男女，月別人口－総人口，日本人人口,002,年次,0,2026-08-13,7938
0003448230,人口推計,年齢（５歳階級），男女別人口及び割合－総人口,003,年次,0,2026-08-13,1296
0003448231,人口推計,都道府県，男女別人口及び人口性比－総人口，日本人人口,004,年次,0,2025-10-03,1536
0003448232,人口推計,都道府県，男女別人口－総人口，日本人人口,005,年次,0,2026-08-13,2304
0003448233,人口推計,都道府県別人口の割合－総人口,006,年次,0,2026-08-13,384
0003448234,人口推計,都道府県別人口増減率－総人口,007,年次,0,2026-08-13,384
0003448235,人口推計,都道府県別自然増減率－総人口,008,年次,0,2026-08-13,384
0003448236,人口推計,都道府県別社会増減率－総人口,009,年次,0,2026-08-13,384
0003448237,人口推計,都道府県，年齢（5歳階級），男女別人口－総人口，日本人人口,010,年次,0,2025-10-03,27360
0003448225,人口推計,都道府県，年齢（3区分），男女別人口－総人口，日本人人口,011,年次,0,2025-10-03,6912
0003448226,人口推計,都道府県，年齢（3区分），男女別人口の割合－総人口，日本人人口,012,年次,0,2025-10-03,6912
0003448218,人口推計,都道府県，男女別年齢構造指数－総人口,013,年次,0,2025-10-03,2304
0003448219,人口推計,参考表　男女別人口の計算表－総人口，日本人人口，外国人人口,014,年次,202110,2026-08-13,87
0004001640,人口推計,参考表　男女別人口の計算表－総人口，日本人人口，外国人人口,014,年次,202210,2026-08-13,87
0004012960,人口推計,参考表　男女別人口の計算表－総人口，日本人人口，外国人人口,014,年次,202310,2026-08-13,87
0004026260,人口推計,参考表　男女別人口の計算表－総人口，日本人人口，外国人人口,014,年次,202410,2026-08-13,87
0003448220,人口推計,参考表　年齢（各歳），男女別人口の計算表－総人口，日本人人口,015,年次,202110,2026-08-13,2490
0004001641,人口推計,参考表　年齢（各歳），男女別人口の計算表－総人口，日本人人口,015,年次,202210,2026-08-13,2490
0004012961,人口推計,参考表　年齢（各歳），男女別人口の計算表－総人口，日本人人口,015,年次,202310,2026-08-13,2490
0004026261,人口推計,参考表　年齢（各歳），男女別人口の計算表－総人口，日本人人口,015,年次,202410,2026-08-13,2490
0003448221,人口推計,参考表　年齢（５歳階級），男女別死亡者数－日本人，外国人,016,年次,202110,2026-08-13,120
0004001642,人口推計,参考表　年齢（５歳階級），男女別死亡者数－日本人，外国人,016,年次,202210,2026-08-13,120
0004012962,人口推計,参考表　年齢（５歳階級），男女別死亡者数－日本人，外国人,016,年次,202310,2026-08-13,120
0004026262,人口推計,参考表　年齢（５歳階級），男女別死亡者数－日本人，外国人,016,年次,202410,2026-08-13,120
0003448227,人口推計,参考表　年齢（５歳階級），男女別出入国者数－日本人，外国人,017,年次,202110,2026-08-13,240
0004001643,人口推計,参考表　年齢（５歳階級），男女別出入国者数－日本人，外国人,017,年次,202210,2026-08-13,240
0004012963,人口推計,参考表　年齢（５歳階級），男女別出入国者数－日本人，外国人,017,年次,202310,2026-08-13,240
0004026263,人口推計,参考表　年齢（５歳階級），男女別出入国者数－日本人，外国人,017,年次,202410,2026-08-13,240
0003448222,人口推計,参考表　都道府県，男女別人口の計算表－総人口，日本人人口,018,年次,202110,2026-08-13,1584
0004001644,人口推計,参考表　都道府県，男女別人口の計算表－総人口，日本人人口,018,年次,202210,2026-08-13,1584
0004012964,人口推計,参考表　都道府県，男女別人口の計算表－総人口，日本人人口,018,年次,202310,2026-08-13,1584
0004026264,人口推計,参考表　都道府県，男女別人口の計算表－総人口，日本人人口,018,年次,202410,2026-08-13,1584
0003448223,人口推計,参考表　都道府県，男女別出生児数及び死亡者数－日本人，外国人,019,年次,202110,2026-08-13,576
0004001645,人口推計,参考表　都道府県，男女別出生児数及び死亡者数－日本人，外国人,019,年次,202210,2026-08-13,576
0004012965,人口推計,参考表　都道府県，男女別出生児数及び死亡者数－日本人，外国人,019,年次,202310,2026-08-13,576
0004026265,人口推計,参考表　都道府県，男女別出生児数及び死亡者数－日本人，外国人,019,年次,202410,2026-08-13,576
0003448224,人口推計,参考表　都道府県，男女別都道府県間転出入者数－日本人，外国人,020,年次,202110,2026-08-13,576
0004001646,人口推計,参考表　都道府県，男女別都道府県間転出入者数－日本人，外国人,020,年次,202210,2026-08-13,576
0004012966,人口推計,参考表　都道府県，男女別都道府県間転出入者数－日本人，外国人,020,年次,202310,2026-08-13,576
0004026266,人口推計,参考表　都道府県，男女別都道府県間転出入者数－日本人，外国人,020,年次,202410,2026-08-13,576
0003448239,人口推計,参考表　都道府県，男女別出入国者数－日本人，外国人,021,年次,202110,2026-08-13,576
0004001647,人口推計,参考表　都道府県，男女別出入国者数－日本人，外国人,021,年次,202210,2026-08-13,576
0004012967,人口推計,参考表　都道府県，男女別出入国者数－日本人，外国人,021,年次,202310,2026-08-13,576
0004026267,人口推計,参考表　都道府県，男女別出入国者数－日本人，外国人,021,年次,202410,2026-08-13,576
0003448418,人口推計,参考表　都道府県，年齢（5歳階級），男女別人口－ 総人口，日本人人口,022,年次,202110,2025-10-03,5472
0004001660,人口推計,参考表　都道府県，年齢（5歳階級），男女別人口－ 総人口,022,年次,202210,2025-10-03,2736
0004012968,人口推計,参考表　都道府県，年齢（5歳階級），男女別人口－ 総人口,022,年次,202310,2025-10-03,2736
0004026268,人口推計,参考表　都道府県，年齢（5歳階級），男女別人口－ 総人口,022,年次,202410,2025-10-03,2736
0003459018,人口推計,年齢（各歳），男女別人口及び人口性比－総人口，日本人人口,001,年次,0,2025-10-03,3876
0003459019,人口推計,年齢（５歳階級），男女，月別人口－総人口，日本人人口,002,年次,0,2026-08-13,9720
0003459020,人口推計,年齢（５歳階級），男女別人口及び割合－総人口,003,年次,0,2026-08-13,1296
0003459021,人口推計,都道府県，男女別人口及び人口性比－総人口，日本人人口,004,年次,0,2025-10-03,1536
0003459022,人口推計,都道府県，男女別人口－総人口，日本人人口,005,年次,0,2026-08-13,2304
0003459023,人口推計,都道府県別人口の割合－総人口,006,年次,0,2026-08-13,384
0003459024,人口推計,都道府県別人口増減率－総人口,007,年次,0,2026-08-13,384
0003459025,人口推計,都道府県別自然増減率－総人口,008,年次,0,2026-08-13,384
0003459026,人口推計,都道府県別社会増減率－総人口,009,年次,0,2026-08-13,384
0003459027,人口推計,都道府県，年齢（5歳階級），男女別人口－総人口，日本人人口,010,年次,0,2025-10-03,27360
0003459028,人口推計,都道府県，年齢（3区分），男女別人口－総人口，日本人人口,011,年次,0,2025-10-03,6912
0003459029,人口推計,都道府県，年齢（3区分），男女別人口の割合－総人口，日本人人口,012,年次,0,2025-10-03,6912
0003459030,人口推計,都道府県，男女別年齢構造指数－総人口,013,年次,0,2025-10-03,2304
0003171323,人口推計,参考表　男女別人口の計算表－総人口，日本人人口，外国人人口,014,年次,201610,2026-08-13,87
0003215863,人口推計,参考表　男女別人口の計算表－総人口，日本人人口，外国人人口,014,年次,201710,2026-08-13,87
0003312325,人口推計,参考表　男女別人口の計算表－総人口，日本人人口，外国人人口,014,年次,201810,2026-08-13,87
0003412326,人口推計,参考表　男女別人口の計算表－総人口，日本人人口，外国人人口,014,年次,201910,2026-08-13,87
0003171268,人口推計,参考表　年齢（各歳），男女別人口の計算表－総人口，日本人人口,015,年次,201610,2026-08-13,2490
0003215864,人口推計,参考表　年齢（各歳），男女別人口の計算表－総人口，日本人人口,015,年次,201710,2026-08-13,2490
0003312326,人口推計,参考表　年齢（各歳），男女別人口の計算表－総人口，日本人人口,015,年次,201810,2026-08-13,2490
0003412327,人口推計,参考表　年齢（各歳），男女別人口の計算表－総人口，日本人人口,015,年次,201910,2026-08-13,2490
0003171286,人口推計,参考表　年齢（５歳階級），男女別死亡者数－日本人，外国人,016,年次,201610,2026-08-13,120
0003215865,人口推計,参考表　年齢（５歳階級），男女別死亡者数－日本人，外国人,016,年次,201710,2026-08-13,120
0003312327,人口推計,参考表　年齢（５歳階級），男女別死亡者数－日本人，外国人,016,年次,201810,2026-08-13,120
0003412328,人口推計,参考表　年齢（５歳階級），男女別死亡者数－日本人，外国人,016,年次,201910,2026-08-13,120
0003171306,人口推計,参考表　年齢（５歳階級），男女別出入国者数－日本人，外国人,017,年次,201610,2026-08-13,240
0003215866,人口推計,参考表　年齢（５歳階級），男女別出入国者数－日本人，外国人,017,年次,201710,2026-08-13,240
0003312328,人口推計,参考表　年齢（５歳階級），男女別出入国者数－日本人，外国人,017,年次,201810,2026-08-13,240
0003412329,人口推計,参考表　年齢（５歳階級），男女別出入国者数－日本人，外国人,017,年次,201910,2026-08-13,240
0003171324,人口推計,参考表　都道府県，男女別人口の計算表－総人口，日本人人口,018,年次,201610,2026-08-13,1584
0003215867,人口推計,参考表　都道府県，男女別人口の計算表－総人口，日本人人口,018,年次,201710,2026-08-13,1584
0003312329,人口推計,参考表　都道府県，男女別人口の計算表－総人口，日本人人口,018,年次,201810,2026-08-13,1584
0003412330,人口推計,参考表　都道府県，男女別人口の計算表－総人口，日本人人口,018,年次,201910,2026-08-13,1584
0003171269,人口推計,参考表　都道府県，男女別出生児数及び死亡者数－日本人，外国人,019,年次,201610,2026-08-13,576
0003215868,人口推計,参考表　都道府県，男女別出生児数及び死亡者数－日本人，外国人,019,年次,201710,2026-08-13,576
0003312330,人口推計,参考表　都道府県，男女別出生児数及び死亡者数－日本人，外国人,019,年次,201810,2026-08-13,576
0003412331,人口推計,参考表　都道府県，男女別出生児数及び死亡者数－日本人，外国人,019,年次,201910,2026-08-13,576
0003171287,人口推計,参考表　都道府県，男女別都道府県間転出入者数－日本人，外国人,020,年次,201610,2026-08-13,576
0003215869,人口推計,参考表　都道府県，男女別都道府県間転出入者数－日本人，外国人,020,年次,201710,2026-08-13,576
0003312331,人口推計,参考表　都道府県，男女別都道府県間転出入者数－日本人，外国人,020,年次,201810,2026-08-13,576
0003412332,人口推計,参考表　都道府県，男女別都道府県間転出入者数－日本人，外国人,020,年次,201910,2026-08-13,576
0003171307,人口推計,参考表　都道府県，男女別出入国者数－日本人，外国人,021,年次,201610,2026-08-13,576
0003215870,人口推計,参考表　都道府県，男女別出入国者数－日本人，外国人,021,年次,201710,2026-08-13,576
0003312332,人口推計,参考表　都道府県，男女別出入国者数－日本人，外国人,021,年次,201810,2026-08-13,576
0003412333,人口推計,参考表　都道府県，男女別出入国者数－日本人，外国人,021,年次,201910,2026-08-13,576
0004008040,人口推計,年齢（各歳），男女別人口及び人口性比－総人口，日本人人口,001,年次,0,2025-10-03,3876
0004008041,人口推計,年齢（５歳階級），男女，月別人口－総人口，日本人人口,002,年次,0,2026-08-13,8856
0004008042,人口推計,年齢（５歳階級），男女別人口及び割合－総人口,003,年次,0,2026-08-13,1296
0004008043,人口推計,都道府県，男女別人口及び人口性比－総人口，日本人人口,004,年次,0,2025-10-03,1536
0004008044,人口推計,都道府県，男女別人口－総人口，日本人人口,005,年次,0,2026-08-13,2304
0004008045,人口推計,都道府県別人口の割合－総人口,006,年次,0,2026-08-13,384
0004008046,人口推計,都道府県別人口増減率－総人口,007,年次,0,2026-08-13,384
0004008047,人口推計,都道府県別自然増減率－総人口,008,年次,0,2026-08-13,384
0004008048,人口推計,都道府県別社会増減率－総人口,009,年次,0,2026-08-13,384
0004008049,人口推計,都道府県，年齢（5歳階級），男女別人口－総人口,010,年次,0,2025-10-03,13680
0004008050,人口推計,都道府県，年齢（3区分），男女別人口－総人口,011,年次,0,2025-10-03,3456
0004008051,人口推計,都道府県，年齢（3区分），男女別人口の割合－総人口,012,年次,0,2025-10-03,3456
0004008052,人口推計,都道府県，男女別年齢構造指数－総人口,013,年次,0,2025-10-03,2304
0003046409,人口推計,参考表　男女別人口の計算表－総人口，日本人人口，外国人人口,014,年次,201110,2025-10-03,87
0003080185,人口推計,参考表　男女別人口の計算表－総人口，日本人人口，外国人人口,014,年次,201210,2025-10-03,87
0003094403,人口推計,参考表　男女別人口の計算表－総人口，日本人人口，外国人人口,014,年次,201310,2025-10-03,87
0003104196,人口推計,参考表　男女別人口の計算表－総人口，日本人人口，外国人人口,014,年次,201410,2026-08-13,87
0003046410,人口推計,参考表　年齢（各歳），男女別人口の計算表－総人口，日本人人口,015,年次,201110,2025-10-03,2490
0003080204,人口推計,参考表　年齢（各歳），男女別人口の計算表－総人口，日本人人口,015,年次,201210,2025-10-03,2490
0003094423,人口推計,参考表　年齢（各歳），男女別人口の計算表－総人口，日本人人口,015,年次,201310,2025-10-03,2490
0003104215,人口推計,参考表　年齢（各歳），男女別人口の計算表－総人口，日本人人口,015,年次,201410,2026-08-13,2490
0003046411,人口推計,参考表　年齢（５歳階級），男女別死亡者数－日本人，外国人,016,年次,201110,2026-08-13,120
0003080223,人口推計,参考表　年齢（５歳階級），男女別死亡者数－日本人，外国人,016,年次,201210,2026-08-13,120
0003094388,人口推計,参考表　年齢（５歳階級），男女別死亡者数－日本人，外国人,016,年次,201310,2026-08-13,120
0003104143,人口推計,参考表　年齢（５歳階級），男女別死亡者数－日本人，外国人,016,年次,201410,2026-08-13,120
0003046412,人口推計,参考表　年齢（５歳階級），男女別出入国者数－日本人，外国人,017,年次,201110,2026-08-13,240
0003080166,人口推計,参考表　年齢（５歳階級），男女別出入国者数－日本人，外国人,017,年次,201210,2026-08-13,240
0003094356,人口推計,参考表　年齢（５歳階級），男女別出入国者数－日本人，外国人,017,年次,201310,2026-08-13,240
0003104176,人口推計,参考表　年齢（５歳階級），男女別出入国者数－日本人，外国人,017,年次,201410,2026-08-13,240
0003104195,人口推計,参考表　都道府県，男女別人口の計算表－総人口，日本人人口,018,年次,201410,2026-08-13,1584
0003046413,人口推計,参考表　都道府県，男女別人口の計算表－総人口,01801,年次,201110,2025-10-03,720
0003080186,人口推計,参考表　都道府県，男女別人口の計算表－総人口,01801,年次,201210,2025-10-03,720
0003094404,人口推計,参考表　都道府県，男女別人口の計算表－総人口,01801,年次,201310,2025-10-03,720
0003046414,人口推計,参考表　都道府県，男女別人口の計算表－日本人人口,01802,年次,201110,2025-10-03,864
0003080205,人口推計,参考表　都道府県，男女別人口の計算表－日本人人口,01802,年次,201210,2025-10-03,864
0003094424,人口推計,参考表　都道府県，男女別人口の計算表－日本人人口,01802,年次,201310,2025-10-03,864
0003046415,人口推計,参考表　都道府県，男女別出生児数及び死亡者数－日本人，外国人,019,年次,201110,2026-08-13,576
0003080224,人口推計,参考表　都道府県，男女別出生児数及び死亡者数－日本人，外国人,019,年次,201210,2026-08-13,576
0003094389,人口推計,参考表　都道府県，男女別出生児数及び死亡者数－日本人，外国人,019,年次,201310,2026-08-13,576
0003104142,人口推計,参考表　都道府県，男女別出生児数及び死亡者数－日本人，外国人,019,年次,201410,2026-08-13,576
0003046416,人口推計,参考表　都道府県，男女別都道府県間転出入者数－日本人,020,年次,201110,2026-08-13,288
0003080167,人口推計,参考表　都道府県，男女別都道府県間転出入者数－日本人,020,年次,201210,2026-08-13,288
0003094357,人口推計,参考表　都道府県，男女別都道府県間転出入者数－日本人,020,年次,201310,2026-08-13,288
0003104175,人口推計,参考表　都道府県，男女別都道府県間転出入者数－日本人,020,年次,201410,2026-08-13,288
0003046417,人口推計,参考表　都道府県，男女別出入国者数－日本人,021,年次,201110,2026-08-13,288
0003080187,人口推計,参考表　都道府県，男女別出入国者数－日本人,021,年次,201210,2026-08-13,288
0003094405,人口推計,参考表　都道府県，男女別出入国者数－日本人,021,年次,201310,2026-08-13,288
0003104194,人口推計,参考表　都道府県，男女別出入国者数－日本人,021,年次,201410,2026-08-13,288
0004010040,人口推計,年齢（各歳），男女別人口及び人口性比－総人口，日本人人口,001,年次,0,2025-10-03,3876
0004010041,人口推計,年齢（５歳階級），男女，月別人口－総人口，日本人人口,002,年次,0,2026-08-13,8280
0004010042,人口推計,年齢（５歳階級），男女別人口及び割合－総人口,003,年次,0,2026-08-13,1296
0004010043,人口推計,都道府県，男女別人口及び人口性比－総人口，日本人人口,004,年次,0,2025-10-03,1536
0004010044,人口推計,都道府県，男女別人口－総人口，日本人人口,005,年次,0,2026-08-13,2304
0004010045,人口推計,都道府県別人口の割合－総人口,006,年次,0,2026-08-13,384
0004010046,人口推計,都道府県別人口増減率－総人口,007,年次,0,2026-08-13,384
0004010047,人口推計,都道府県別自然増減率－総人口,008,年次,0,2026-08-13,384
0004010048,人口推計,都道府県別社会増減率－総人口,009,年次,0,2026-08-13,384
0004010049,人口推計,都道府県，年齢（5歳階級），男女別人口－総人口,010,年次,0,2025-10-03,13392
0004010050,人口推計,都道府県，年齢（3区分），男女別人口－総人口,011,年次,0,2025-10-03,3456
0004010051,人口推計,都道府県，年齢（3区分），男女別人口の割合－総人口,012,年次,0,2025-10-03,3456
0004010052,人口推計,都道府県，男女別年齢構造指数－総人口,013,年次,0,2025-10-03,2304
0003014720,人口推計,参考表　男女別人口の計算表－総人口，日本人人口，外国人人口,014,年次,200910,2025-10-03,87
0003014721,人口推計,参考表　年齢（各歳），男女別人口の計算表－総人口，日本人人口,015,年次,200910,2025-10-03,2490
0003014722,人口推計,参考表　年齢（５歳階級），男女別死亡者数－日本人，外国人,016,年次,200910,2026-08-13,120
0003014723,人口推計,参考表　年齢（５歳階級），男女別出入国者数－日本人，外国人,017,年次,200910,2026-08-13,240
0003014724,人口推計,参考表　都道府県，男女別人口の計算表－総人口,01801,年次,200910,2025-10-03,720
0003014725,人口推計,参考表　都道府県，男女別人口の計算表－日本人人口,01802,年次,200910,2025-10-03,864
0003014726,人口推計,参考表　都道府県，男女別出生児数及び死亡者数－日本人，外国人,019,年次,200910,2026-08-13,576
0003014727,人口推計,参考表　都道府県，男女別都道府県間転出入者数－日本人,020,年次,200910,2026-08-13,288
0003014728,人口推計,参考表　都道府県，男女別出入国者数－日本人,021,年次,200910,2026-08-13,288
0000150270,人口推計,[参考表]人口増減要因（２９）、男女別（３）、男女（３）－総人口・日本人人口・外国人人口、全国,R01,年次,200610,2025-10-03,87
0003001307,人口推計,参考表　男女別人口の計算表－総人口，日本人人口，外国人人口,R01,年次,200710,2025-10-03,87
0003006728,人口推計,参考表　男女別人口の計算表－総人口，日本人人口，外国人人口,R01,年次,200810,2025-10-03,87
0000150271,人口推計,[参考表]年齢各歳（９４）、男女別（３）、人口数、死亡者数、入国超過－総人口、日本人人口（９）、人口数、死亡者数、入国超過数及び国籍異動による純増－総人口、日本人人口、全国,R02,年次,200610,2025-10-03,2538
0003001308,人口推計,参考表　年齢（各歳），男女別人口の計算表－総人口，日本人人口,R02,年次,200710,2025-10-03,2490
0003006729,人口推計,参考表　年齢（各歳），男女別人口の計算表－総人口，日本人人口,R02,年次,200810,2025-10-03,2490
0000150272,人口推計,[参考表]年齢５歳階級（２０）、日本人、外国人及び男女の別、男女（３）－日本人・外国人死亡者数、全国,R03,年次,200610,2025-10-03,120
0003001309,人口推計,参考表　年齢（５歳階級），男女別死亡者数－日本人，外国人,R03,年次,200710,2026-08-13,120
0003006730,人口推計,参考表　年齢（５歳階級），男女別死亡者数－日本人，外国人,R03,年次,200810,2026-08-13,120
0000150273,人口推計,[参考表]年齢５歳階級（２０）、日本人外国人（２）、男女別出入国者数、出入国者数、全国,R04,年次,200610,2025-10-03,240
0003001310,人口推計,参考表　年齢（５歳階級），男女別出入国者数－日本人，外国人,R04,年次,200710,2026-08-13,240
0003006731,人口推計,参考表　年齢（５歳階級），男女別出入国者数－日本人，外国人,R04,年次,200810,2026-08-13,240
0000150274,人口推計,[参考表]男女別（３）、人口数・自然増減・社会増減・増減の計－総人口（５）、人口及び人口増加（自然増減・社会増減）、全国・都道府県,R0501,年次,200610,2025-10-03,720
0003001311,人口推計,参考表　都道府県，男女別人口の計算表－総人口,R0501,年次,200710,2025-10-03,720
0003006732,人口推計,参考表　都道府県，男女別人口の計算表－総人口,R0501,年次,200810,2025-10-03,720
0000150275,人口推計,[参考表]男女別（３）、人口数・自然増減・社会増減・国籍の異動による純増・増減の計－日本人人口（６）、人口及び人口増加（自然増減・社会増減・国籍異動による純増）、全国・都道府県,R0502,年次,200610,2025-10-03,864
0003001312,人口推計,参考表　都道府県，男女別人口の計算表－日本人人口,R0502,年次,200710,2025-10-03,864
0003006733,人口推計,参考表　都道府県，男女別人口の計算表－日本人人口,R0502,年次,200810,2025-10-03,864
0000150276,人口推計,[参考表]日本人外国人（２）、男女別出生児数・死亡者数（６）、出生児数、死亡者数－日本人、外国人、全国・都道府県,R06,年次,200610,2025-10-03,576
0003001313,人口推計,参考表　都道府県，男女別出生児数及び死亡者数－日本人，外国人,R06,年次,200710,2026-08-13,576
0003006734,人口推計,参考表　都道府県，男女別出生児数及び死亡者数－日本人，外国人,R06,年次,200810,2026-08-13,576
0000150277,人口推計,[参考表]男女別転出入者数、転入者数、転出者数－日本人、全国・都道府県,R07,年次,200610,2025-10-03,288
0003001314,人口推計,参考表　都道府県，男女別都道府県間転出入者数－日本人,R07,年次,200710,2026-08-13,288
0003006735,人口推計,参考表　都道府県，男女別都道府県間転出入者数－日本人,R07,年次,200810,2026-08-13,288
0000150278,人口推計,[参考表]男女別出入国者数、出入国者数－日本人、全国・都道府県,R08,年次,200610,2025-10-03,288
0003001315,人口推計,参考表　都道府県，男女別出入国者数－日本人,R08,年次,200710,2026-08-13,288
0003006736,人口推計,参考表　都道府県，男女別出入国者数－日本人,R08,年次,200810,2026-08-13,288
0004018845,人口推計,年齢（各歳），男女別人口及び人口性比－総人口，日本人人口,001,年次,0,2025-10-03,3496
0004018846,人口推計,年齢（５歳階級），男女，月別人口－総人口，日本人人口,002,年次,0,2025-10-03,7848
0004018847,人口推計,年齢（５歳階級），男女別人口及び割合－総人口,003,年次,0,2026-08-13,1200
0004018848,人口推計,都道府県，男女別人口及び人口性比－総人口，日本人人口,004,年次,0,2025-10-03,1536
0004018849,人口推計,都道府県，男女別人口－総人口，日本人人口,005,年次,0,2026-08-13,2304
0004018850,人口推計,都道府県別人口の割合－総人口,006,年次,0,2026-08-13,384
0004018851,人口推計,都道府県別人口増減率－総人口,007,年次,0,2026-08-13,384
0004018852,人口推計,都道府県別自然増減率－総人口,008,年次,0,2026-08-13,384
0004018853,人口推計,都道府県別社会増減率－総人口,009,年次,0,2026-08-13,384
0004018854,人口推計,都道府県，年齢（5歳階級），男女別人口－総人口,010,年次,0,2025-10-03,12960
0004018855,人口推計,都道府県，年齢（3区分），男女別人口－総人口,011,年次,0,2025-10-03,3456
0004018856,人口推計,都道府県，年齢（3区分），男女別人口の割合－総人口,012,年次,0,2025-10-03,3456
0004018857,人口推計,都道府県，男女別年齢構造指数－総人口,013,年次,0,2025-10-03,2304
0000150181,人口推計,[参考表]人口増減要因（２９）、男女別（３）、男女（３）－総人口・日本人人口・外国人人口、全国,R01,年次,200110,2025-10-03,87
0000150203,人口推計,[参考表]人口増減要因（２９）、男女別（３）、男女（３）－総人口・日本人人口・外国人人口、全国,R01,年次,200210,2025-10-03,87
0000150225,人口推計,[参考表]人口増減要因（２９）、男女別（３）、男女（３）－総人口・日本人人口・外国人人口、全国,R01,年次,200310,2025-10-03,87
0000150247,人口推計,[参考表]人口増減要因（２９）、男女別（３）、男女（３）－総人口・日本人人口・外国人人口、全国,R01,年次,200410,2025-10-03,87
0000150182,人口推計,[参考表]年齢各歳（９４）、男女別（３）、人口数、死亡者数、入国超過数－総人口、日本人人口、人口数、死亡者数、入国超過数及び国籍異動による純増－総人口、日本人人口、全国,R02,年次,200110,2025-10-03,2538
0000150204,人口推計,[参考表]年齢各歳（９４）、男女別（３）、人口数、死亡者数、入国超過数－総人口、日本人人口（９）、人口数、死亡者数、入国超過数及び国籍異動による純増－総人口、日本人人口、全国,R02,年次,200210,2025-10-03,2538
0000150226,人口推計,[参考表]年齢各歳（９４）、男女別（３）、人口数、死亡者数、入国超過－総人口、日本人人口（９）、人口数、死亡者数、入国超過数及び国籍異動による純増－総人口、日本人人口、全国,R02,年次,200310,2025-10-03,2538
0000150248,人口推計,[参考表]年齢各歳（９４）、男女別（３）、人口数、死亡者数、入国超過－総人口、日本人人口（９）、人口数、死亡者数、入国超過数及び国籍異動による純増－総人口、日本人人口、全国,R02,年次,200410,2025-10-03,2538
0000150183,人口推計,[参考表]年齢５歳階級（２５）、日本人、外国人及び男女の別、男女（３）－日本人・外国人死亡数、全国,R03,年次,200110,2025-10-03,150
0000150205,人口推計,[参考表]年齢５歳階級（２５）、日本人、外国人及び男女の別、男女（３）－日本人・外国人死亡数、全国,R03,年次,200210,2025-10-03,150
0000150227,人口推計,[参考表]年齢５歳階級（２０）、日本人、外国人及び男女の別、男女（３）－日本人・外国人死亡者数、全国,R03,年次,200310,2025-10-03,120
0000150249,人口推計,[参考表]年齢５歳階級（２０）、日本人、外国人及び男女の別、男女（３）－日本人・外国人死亡者数、全国,R03,年次,200410,2025-10-03,120
0000150184,人口推計,[参考表]年齢５歳階級（２１）、日本人外国人（２）、男女別出入国者数、出入国者数、全国,R04,年次,200110,2025-10-03,252
0000150206,人口推計,[参考表]年齢５歳階級（２１）、日本人外国人（２）、男女別出入国者数、出入国者数、全国,R04,年次,200210,2025-10-03,252
0000150228,人口推計,[参考表]年齢５歳階級（２０）、日本人外国人（２）、男女別出入国者数、出入国者数、全国,R04,年次,200310,2025-10-03,240
0000150250,人口推計,[参考表]年齢５歳階級（２０）、日本人外国人（２）、男女別出入国者数、出入国者数、全国,R04,年次,200410,2025-10-03,240
0000150185,人口推計,[参考表]男女別（３）、人口数・自然増減・社会増減・増減の計－総人口、人口及び人口増加（自然増・社会増）、全国・都道府県,R0501,年次,200110,2025-10-03,720
0000150207,人口推計,[参考表]男女別（３）、人口数・自然増減・社会増減・増減の計－総人口（５）、人口及び人口増加（自然増・社会増）、全国・都道府県,R0501,年次,200210,2025-10-03,720
0000150229,人口推計,[参考表]男女別（３）、人口数・自然増減・社会増減・増減の計－総人口（５）、人口及び人口増加（自然増・社会増）、全国・都道府県,R0501,年次,200310,2025-10-03,720
0000150251,人口推計,[参考表]男女別（３）、人口数・自然増減・社会増減・増減の計－総人口（５）、人口及び人口増加（自然増減・社会増減）、全国・都道府県,R0501,年次,200410,2025-10-03,720
0000150186,人口推計,[参考表]男女別（３）、人口数・自然増減・社会増減・国籍の異動による純増・増減の計－日本人人口、人口及び人口増加（自然増・社会増・国籍異動による純増）、全国・都道府県,R0502,年次,200110,2025-10-03,864
0000150208,人口推計,[参考表]男女別（３）、人口数・自然増減・社会増減・国籍の異動による純増・増減の計－日本人人口（６）、人口及び人口増加（自然増・社会増・国籍異動による純増）、全国・都道府県,R0502,年次,200210,2025-10-03,864
0000150230,人口推計,[参考表]男女別（３）、人口数・自然増減・社会増減・国籍の異動による純増・増減の計－日本人人口（６）、人口及び人口増加（自然増・社会増・国籍異動による純増）、全国・都道府県,R0502,年次,200310,2025-10-03,864
0000150252,人口推計,[参考表]男女別（３）、人口数・自然増減・社会増減・国籍の異動による純増・増減の計－日本人人口（６）、人口及び人口増加（自然増減・社会増減・国籍異動による純増）、全国・都道府県,R0502,年次,200410,2025-10-03,864
0000150187,人口推計,[参考表]日本人外国人（２）、男女別出生児数・死亡者数（６）、出生児数、死亡者数、全国・都道府県,R06,年次,200110,2025-10-03,576
0000150209,人口推計,[参考表]日本人外国人（２）、男女別出生児数・死亡者数（６）、出生児数、死亡者数、全国・都道府県,R06,年次,200210,2025-10-03,576
0000150231,人口推計,[参考表]日本人外国人（２）、男女別出生児数・死亡者数（６）、出生児数、死亡者数、全国・都道府県,R06,年次,200310,2025-10-03,576
0000150253,人口推計,[参考表]日本人外国人（２）、男女別出生児数・死亡者数（６）、出生児数、死亡者数－日本人、外国人、全国・都道府県,R06,年次,200410,2025-10-03,576
0000150188,人口推計,[参考表]男女（３）都道府県間転出入者数－日本人（平成１２年１０月～１３年９月）、全国・都道府県,R07,年次,200110,2025-10-03,288
0000150210,人口推計,[参考表]男女（３）都道府県間転出入者数－日本人（平成１３年１０月～１４年９月）、全国・都道府県,R07,年次,200210,2025-10-03,288
0000150232,人口推計,[参考表]男女（３）都道府県間転出入者数－日本人（平成１４年１０月～１５年９月）、全国・都道府県,R07,年次,200310,2025-10-03,288
0000150254,人口推計,[参考表]男女別転出入者数、転入者数、転出者数－日本人、全国・都道府県,R07,年次,200410,2025-10-03,288
0000150189,人口推計,[参考表]男女別出入国者数、出入国者数、全国・都道府県,R08,年次,200110,2025-10-03,288
0000150211,人口推計,[参考表]男女別出入国者数、出入国者数、全国・都道府県,R08,年次,200210,2025-10-03,288
0000150233,人口推計,[参考表]男女別出入国者数、出入国者数－日本人、全国・都道府県,R08,年次,200310,2025-10-03,288
0000150255,人口推計,[参考表]男女別出入国者数、出入国者数－日本人、全国・都道府県,R08,年次,200410,2025-10-03,288
0004029959,人口推計,年齢（各歳），男女別人口及び人口性比－総人口，日本人人口,001,年次,0,2025-10-03,3496
0004029960,人口推計,年齢（５歳階級），男女，月別人口－総人口，日本人人口,002,年次,0,2026-08-13,5880
0004029961,人口推計,年齢（５歳階級），男女別人口及び割合－総人口,003,年次,0,2026-08-13,1188
0004029962,人口推計,都道府県，男女別人口及び人口性比－総人口，日本人人口,004,年次,0,2025-10-03,1536
0004029963,人口推計,都道府県，男女別人口－総人口，日本人人口,005,年次,0,2026-08-13,2304
0004029964,人口推計,都道府県別人口の割合－総人口,006,年次,0,2026-08-13,384
0004029965,人口推計,都道府県別人口増加率－総人口,007,年次,0,2026-08-13,384
0004029966,人口推計,都道府県別自然増加率－総人口,008,年次,0,2026-08-13,384
0004029967,人口推計,都道府県別社会増加率－総人口,009,年次,0,2026-08-13,384
0004029968,人口推計,都道府県，年齢（5歳階級），男女別人口－総人口,010,年次,0,2025-10-03,12960
0004029969,人口推計,都道府県，年齢（3区分），男女別人口－総人口,011,年次,0,2025-10-03,3168
0004029970,人口推計,都道府県，年齢（3区分），男女別人口の割合－総人口,012,年次,0,2025-10-03,3168
0004030019,人口推計,都道府県，男女別年齢構造指数－総人口,013,年次,0,2025-10-03,1728
0000150083,人口推計,人口及び人口増加（２９），男女別（３）人口数－総人口，日本人人口，外国人人口，全国,003,年次,199610,2025-10-03,87
0000150084,人口推計,年齢各歳（９３），男女別（３），人口・死亡者数・入国超過数及び国籍異動による純増－総人口，日本人人口，全国,004,年次,199610,2025-10-03,2511
0000150085,人口推計,年齢５歳階級（２５），男女別（３），死亡者数－日本人，外国人（平成７年１０月－８年９月），全国,005,年次,199610,2025-10-03,150
0000150086,人口推計,年齢５歳階級（２１），日本人・外国人（２），男女別出入国者数，全国,006,年次,199610,2025-10-03,252
0000150093,人口推計,男女別（３），人口数（平成７・８年１０月１日現在）自然増加・社会増加・増加の計－総人口，全国・都道府県,01301,年次,199610,2025-10-03,720
0000150094,人口推計,男女別（３），人口数（平成７・８年１０月１日現在）自然増加・社会増加・国籍の異動による純増・増加の計－日本人人口，全国・都道府県,01302,年次,199610,2025-10-03,864
0000150095,人口推計,男女別（３），出生児数，死亡者数，－日本人・外国人，全国・都道府県,014,年次,199610,2025-10-03,576
0000150096,人口推計,男女別（３），都道府県間転出入者数（平成７年１０月－８年３月）－日本人，全国・都道府県,015,年次,199610,2025-10-03,288
0000150097,人口推計,男女別（３），出入国者数－日本人，全国・都道府県,016,年次,199610,2025-10-03,288
0000150101,人口推計,[参考表]住民基本台帳に基づく人口（平成７年３月３１日現在），推計人口（総人口・日本人人口・外国人人口）（平成７年３月３１日現在）,R01,年次,199610,2025-10-03,192
0000150115,人口推計,[参考表]男女（３）人口及び人口増加－総人口・日本人人口・外国人人口，全国,R01,年次,199710,2025-10-03,87
0000150137,人口推計,[参考表]男女（３）人口及び人口増加－総人口・日本人人口・外国人人口、全国,R01,年次,199810,2025-10-03,87
0000150159,人口推計,[参考表]男女（３）人口及び人口増加－総人口・日本人人口・外国人人口、全国,R01,年次,199910,2025-10-03,87
0000150116,人口推計,[参考表]男女（３），年齢各歳（９３）人口数－総人口・日本人人口，全国,R02,年次,199710,2025-10-03,2538
0000150138,人口推計,[参考表]年齢各歳（９４）、男女（３）人口・死亡者数・入国超過数及び国籍異動による純増－総人口・日本人人口、全国,R02,年次,199810,2025-10-03,2538
0000150160,人口推計,[参考表]年齢各歳（９４）、男女（３）人口・死亡者数・入国超過数及び国籍異動による純増－総人口・日本人人口、全国,R02,年次,199910,2025-10-03,2538
0000150117,人口推計,[参考表]男女（３），年齢５歳階級（２５）死亡者数－日本人・外国人（平成８年１０月～９年９月），全国,R03,年次,199710,2025-10-03,150
0000150139,人口推計,[参考表]年齢５歳階級（２５）、男女（３）死亡者数－日本人・外国人（平成９年１０月～１０年９月）、全国,R03,年次,199810,2025-10-03,150
0000150161,人口推計,[参考表]年齢５歳階級（２５）、男女（３）死亡者数－日本人・外国人（平成１０年１０月～１１年９月）、全国,R03,年次,199910,2025-10-03,150
0000150118,人口推計,[参考表]男女（３），年齢５歳階級（２１）出入国者数－日本人・外国人（平成８年１０月～９年９月），全国,R04,年次,199710,2025-10-03,252
0000150140,人口推計,[参考表]年齢５歳階級（２１）、男女（３）出入国者数－日本人・外国人（平成９年１０月～１０年９月）、全国,R04,年次,199810,2025-10-03,252
0000150162,人口推計,[参考表]年齢５歳階級（２１）、男女（３）出入国者数－日本人・外国人（平成１０年１０月～１１年９月）、全国,R04,年次,199910,2025-10-03,252
0000150119,人口推計,[参考表]男女（３）人口及び人口増加（自然増・社会増）（平成８年１０月１日～９年９月３０日），総人口，全国・都道府県,R0501,年次,199710,2025-10-03,720
0000150141,人口推計,[参考表]男女（３）総人口及び人口増加（自然増・社会増）－総人口・日本人人口、全国・都道府県,R0501,年次,199810,2025-10-03,720
0000150163,人口推計,[参考表]男女（３）総人口及び人口増加（自然増・社会増）－総人口・日本人人口、全国・都道府県,R0501,年次,199910,2025-10-03,720
0000150120,人口推計,[参考表]男女（３）人口及び人口増加（自然増・社会増・国籍の異動による純増）（平成８年１０月１日～９年９月３０日），日本人人口，全国・都道府県,R0502,年次,199710,2025-10-03,864
0000150142,人口推計,[参考表]男女（３）日本人人口及び人口増加（自然増・社会増・国籍異動による純増）－総人口・日本人人口、全国・都道府県,R0502,年次,199810,2025-10-03,864
0000150164,人口推計,[参考表]男女（３）日本人人口及び人口増加（自然増・社会増・国籍異動による純増）－総人口・日本人人口、全国・都道府県,R0502,年次,199910,2025-10-03,864
0000150121,人口推計,[参考表]男女（３）出生児数・死亡者数－日本人・外国人（平成８年１０月～９年９月），全国・都道府県,R06,年次,199710,2025-10-03,576
0000150143,人口推計,[参考表]男女（３）出生児数・死亡者数－日本人・外国人（平成９年１０月～１０年９月）、全国・都道府県,R06,年次,199810,2025-10-03,576
0000150165,人口推計,[参考表]男女（３）出生児数・死亡者数－日本人・外国人（平成１０年１０月～１１年９月）、全国・都道府県,R06,年次,199910,2025-10-03,576
0000150122,人口推計,[参考表]男女（３）都道府県間転出入者数－日本人（平成８年１０月～９年９月），全国・都道府県,R07,年次,199710,2025-10-03,288
0000150144,人口推計,[参考表]男女（３）都道府県間転出入者数－日本人（平成９年１０月～１０年９月）、全国・都道府県,R07,年次,199810,2025-10-03,288
0000150166,人口推計,[参考表]男女（３）都道府県間転出入者数－日本人（平成１０年１０月～１１年９月）、全国・都道府県,R07,年次,199910,2025-10-03,288
0000150123,人口推計,[参考表]男女（３）出入国者数－日本人（平成８年１０月～９年９月），全国・都道府県,R08,年次,199710,2025-10-03,288
0000150145,人口推計,[参考表]男女（３）出入国者数－日本人（平成９年１０月～１０年９月）、全国・都道府県,R08,年次,199810,2025-10-03,288
0000150167,人口推計,[参考表]男女（３）出入国者数－日本人（平成１０年１０月～１１年９月）、全国・都道府県,R08,年次,199910,2025-10-03,288
0004021107,人口推計,年齢（各歳），男女別人口及び人口性比－総人口，日本人人口（各年10月１日現在）,001,-,0,2025-10-03,4080
0003446819,人口推計,年齢（５歳階級），男女，月別人口－総人口，日本人人口（各月１日現在）,002,-,0,2026-01-20,9882
0003446820,人口推計,年齢（３区分），男女別割合－総人口，日本人人口（各月１日現在）,002,-,0,2026-01-20,1830
0004021100,人口推計,年齢（５歳階級），男女別人口－総人口（各年10月１日現在）,003,-,0,2026-08-13,486
0004021101,人口推計,年齢（５歳階級），男女別割合－総人口（各年10月１日現在）,003,-,0,2026-08-13,486
0004021108,人口推計,都道府県，男女別人口及び人口性比－総人口，日本人人口（各年10月１日現在）,004,-,0,2025-10-03,1920
0004021108,人口推計,都道府県，男女別人口及び人口性比－総人口，日本人人口（各年10月１日現在）,004,-,0,2025-10-03,1920
0004021102,人口推計,都道府県，男女別人口－総人口，日本人人口（各年10月１日現在）,005,-,0,2026-08-13,1728
0004021102,人口推計,都道府県，男女別人口－総人口，日本人人口（各年10月１日現在）,005,-,0,2026-08-13,1728
0004021103,人口推計,都道府県別人口の割合－総人口（各年10月１日現在）,006,-,0,2026-08-13,288
0004021103,人口推計,都道府県別人口の割合－総人口（各年10月１日現在）,006,-,0,2026-08-13,288
0004021104,人口推計,都道府県別人口増減率－総人口,007,-,0,2026-08-13,240
0004021104,人口推計,都道府県別人口増減率－総人口,007,-,0,2026-08-13,240
0004021105,人口推計,都道府県別自然増減率－総人口,008,-,0,2026-08-13,240
0004021105,人口推計,都道府県別自然増減率－総人口,008,-,0,2026-08-13,240
0004021106,人口推計,都道府県別社会増減率－総人口,009,-,0,2026-08-13,240
0004021106,人口推計,都道府県別社会増減率－総人口,009,-,0,2026-08-13,240
0004021109,人口推計,都道府県，年齢（５歳階級），男女別人口－総人口，日本人人口（各年10月１日現在）,010,-,0,2025-10-03,27360
0004021109,人口推計,都道府県，年齢（５歳階級），男女別人口－総人口，日本人人口（各年10月１日現在）,010,-,0,2025-10-03,27360
0004021110,人口推計,都道府県，年齢（３区分），男女別人口－総人口，日本人人口（各年10月１日現在）,011,-,0,2025-10-03,8640
0004021110,人口推計,都道府県，年齢（３区分），男女別人口－総人口，日本人人口（各年10月１日現在）,011,-,0,2025-10-03,8640
0004021111,人口推計,都道府県，年齢（３区分），男女別人口の割合－総人口，日本人人口（各年10月１日現在）,012,-,0,2025-10-03,8640
0004021111,人口推計,都道府県，年齢（３区分），男女別人口の割合－総人口，日本人人口（各年10月１日現在）,012,-,0,2025-10-03,8640
0004021112,人口推計,都道府県，男女別年齢構造指数－総人口（各年10月１日現在）,013,-,0,2025-10-03,2304
0004021112,人口推計,都道府県，男女別年齢構造指数－総人口（各年10月１日現在）,013,-,0,2025-10-03,2304
0004029362,人口推計,全国，男女別人口－総人口，日本人人口（各月１日現在）,001,-,0,2026-08-13,1806
0004029363,人口推計,都道府県，男女別人口－総人口，日本人人口（各年10月１日現在）,002,-,0,2026-08-13,7488
0004029363,人口推計,都道府県，男女別人口－総人口，日本人人口（各年10月１日現在）,002,-,0,2026-08-13,7488
0004029364,人口推計,都道府県別人口の割合－総人口（各年10月１日現在）,003,-,0,2026-08-13,1248
0004029364,人口推計,都道府県別人口の割合－総人口（各年10月１日現在）,003,-,0,2026-08-13,1248
0004029365,人口推計,都道府県別人口増減率－総人口（1995年～2015年）,004,-,0,2026-08-13,960
0004029365,人口推計,都道府県別人口増減率－総人口（1995年～2015年）,004,-,0,2026-08-13,960
0004057064,人口推計,都道府県別人口増減率－総人口（1990年～1995年）,004,-,0,2026-08-13,240
0004057064,人口推計,都道府県別人口増減率－総人口（1990年～1995年）,004,-,0,2026-08-13,240
0004029366,人口推計,都道府県別自然増減率－総人口（1995年～2015年）,005,-,0,2026-08-13,960
0004029366,人口推計,都道府県別自然増減率－総人口（1995年～2015年）,005,-,0,2026-08-13,960
0004057065,人口推計,都道府県別自然増減率－総人口（1990年～1995年）,005,-,0,2026-08-13,240
0004057065,人口推計,都道府県別自然増減率－総人口（1990年～1995年）,005,-,0,2026-08-13,240
0004029367,人口推計,都道府県別社会増減率－総人口（1995年～2015年）,006,-,0,2026-08-13,960
0004029367,人口推計,都道府県別社会増減率－総人口（1995年～2015年）,006,-,0,2026-08-13,960
0004057066,人口推計,都道府県別社会増減率－総人口（1990年～1995年）,006,-,0,2026-08-13,240
0004057066,人口推計,都道府県別社会増減率－総人口（1990年～1995年）,006,-,0,2026-08-13,240
