year,prefecture_code,prefecture_name,industry_code,industry_name,establishments,establishments_flag,capital_stock_year_end,capital_stock_year_end_flag,capital_investment,capital_investment_flag,capital_depreciation,capital_depreciation_flag,capital_open_land,capital_open_land_flag,capital_open_nonland,capital_open_nonland_flag
2019,01,北海道,09,食料品製造業,617.0,ok,518877.0,ok,83937.0,ok,50219.0,ok,82065.0,ok,435155.0,ok
2019,01,北海道,10,飲料・たばこ・飼料製造業,35.0,ok,63262.0,ok,8380.0,ok,4429.0,ok,17023.0,ok,41582.0,ok
2019,01,北海道,11,繊維工業,17.0,ok,4481.0,ok,250.0,ok,223.0,ok,1731.0,ok,2745.0,ok
2019,01,北海道,12,木材・木製品製造業（家具を除く）,46.0,ok,31762.0,ok,2853.0,ok,2130.0,ok,11480.0,ok,19739.0,ok
2019,01,北海道,13,家具・装備品製造業,23.0,ok,5299.0,ok,432.0,ok,512.0,ok,2307.0,ok,3092.0,ok
2019,01,北海道,14,パルプ・紙・紙加工品製造業,43.0,ok,145673.0,ok,12543.0,ok,14095.0,ok,43383.0,ok,106191.0,ok
2019,01,北海道,15,印刷・同関連業,55.0,ok,16792.0,ok,1901.0,ok,1566.0,ok,4990.0,ok,11981.0,ok
2019,01,北海道,16,化学工業,32.0,ok,73325.0,ok,8574.0,ok,5940.0,ok,12004.0,ok,65241.0,ok
2019,01,北海道,17,石油製品・石炭製品製造業,3.0,ok,46549.0,ok,4348.0,ok,3760.0,ok,23416.0,ok,23593.0,ok
2019,01,北海道,18,プラスチック製品製造業（別掲を除く）,39.0,ok,19251.0,ok,3438.0,ok,2593.0,ok,5102.0,ok,13908.0,ok
2019,01,北海道,19,ゴム製品製造業,5.0,ok,1880.0,ok,460.0,ok,108.0,ok,742.0,ok,881.0,ok
2019,01,北海道,20,なめし革・同製品・毛皮製造業,5.0,ok,955.0,ok,110.0,ok,134.0,ok,191.0,ok,804.0,ok
2019,01,北海道,21,窯業・土石製品製造業,36.0,ok,52170.0,ok,7445.0,ok,5500.0,ok,9367.0,ok,40814.0,ok
2019,01,北海道,22,鉄鋼業,32.0,ok,98179.0,ok,26199.0,ok,13335.0,ok,10658.0,ok,78864.0,ok
2019,01,北海道,23,非鉄金属製造業,3.0,ok,1152.0,ok,250.0,ok,133.0,ok,269.0,ok,809.0,ok
2019,01,北海道,24,金属製品製造業,84.0,ok,63796.0,ok,14925.0,ok,6264.0,ok,13604.0,ok,41884.0,ok
2019,01,北海道,25,はん用機械器具製造業,22.0,ok,12062.0,ok,2062.0,ok,1161.0,ok,2232.0,ok,7610.0,ok
2019,01,北海道,26,生産用機械器具製造業,38.0,ok,14941.0,ok,1675.0,ok,1428.0,ok,5192.0,ok,9742.0,ok
2019,01,北海道,27,業務用機械器具製造業,4.0,ok,1126.0,ok,593.0,ok,30.0,ok,475.0,ok,150.0,ok
2019,01,北海道,28,電子部品・デバイス・電子回路製造業,24.0,ok,58576.0,ok,18574.0,ok,10200.0,ok,8559.0,ok,44997.0,ok
2019,01,北海道,29,電気機械器具製造業,18.0,ok,6852.0,ok,2080.0,ok,786.0,ok,2356.0,ok,4232.0,ok
2019,01,北海道,30,情報通信機械器具製造業,6.0,ok,1704.0,ok,147.0,ok,246.0,ok,380.0,ok,1480.0,ok
2019,01,北海道,31,輸送用機械器具製造業,28.0,ok,166822.0,ok,48511.0,ok,24018.0,ok,23827.0,ok,116926.0,ok
2019,01,北海道,32,その他の製造業,11.0,ok,7545.0,ok,1729.0,ok,679.0,ok,1545.0,ok,5234.0,ok
2019,02,青森,09,食料品製造業,109.0,ok,70382.0,ok,6979.0,ok,6996.0,ok,15277.0,ok,57126.0,ok
2019,02,青森,10,飲料・たばこ・飼料製造業,11.0,ok,17623.0,ok,2171.0,ok,1659.0,ok,3059.0,ok,13546.0,ok
2019,02,青森,11,繊維工業,39.0,ok,3569.0,ok,586.0,ok,410.0,ok,1153.0,ok,2381.0,ok
2019,02,青森,12,木材・木製品製造業（家具を除く）,5.0,ok,3120.0,ok,1048.0,ok,327.0,ok,317.0,ok,2088.0,ok
2019,02,青森,13,家具・装備品製造業,3.0,ok,1071.0,ok,97.0,ok,96.0,ok,467.0,ok,611.0,ok
2019,02,青森,14,パルプ・紙・紙加工品製造業,13.0,ok,58346.0,ok,3932.0,ok,6185.0,ok,12008.0,ok,45197.0,ok
2019,02,青森,15,印刷・同関連業,16.0,ok,6435.0,ok,425.0,ok,843.0,ok,1917.0,ok,5383.0,ok
2019,02,青森,16,化学工業,4.0,ok,10253.0,ok,1312.0,ok,1639.0,ok,1082.0,ok,9710.0,ok
2019,02,青森,17,石油製品・石炭製品製造業,,absent_from_source,,absent_from_source,,absent_from_source,,absent_from_source,,absent_from_source,,absent_from_source
2019,02,青森,18,プラスチック製品製造業（別掲を除く）,10.0,ok,6850.0,ok,328.0,ok,564.0,ok,2011.0,ok,5135.0,ok
2019,02,青森,19,ゴム製品製造業,3.0,ok,,suppressed,,suppressed,,suppressed,,suppressed,,suppressed
2019,02,青森,20,なめし革・同製品・毛皮製造業,,absent_from_source,,absent_from_source,,absent_from_source,,absent_from_source,,absent_from_source,,absent_from_source
2019,02,青森,21,窯業・土石製品製造業,10.0,ok,11815.0,ok,1421.0,ok,1693.0,ok,829.0,ok,10879.0,ok
2019,02,青森,22,鉄鋼業,10.0,ok,29782.0,ok,2469.0,ok,2334.0,ok,12448.0,ok,18541.0,ok
2019,02,青森,23,非鉄金属製造業,10.0,ok,332919.0,ok,73600.0,ok,28336.0,ok,72296.0,ok,272277.0,ok
2019,02,青森,24,金属製品製造業,25.0,ok,12115.0,ok,1211.0,ok,741.0,ok,4197.0,ok,7462.0,ok
2019,02,青森,25,はん用機械器具製造業,3.0,ok,,suppressed,,suppressed,,suppressed,,suppressed,,suppressed
2019,02,青森,26,生産用機械器具製造業,13.0,ok,8540.0,ok,1475.0,ok,408.0,ok,3262.0,ok,4648.0,ok
2019,02,青森,27,業務用機械器具製造業,20.0,ok,8255.0,ok,1013.0,ok,1135.0,ok,2803.0,ok,5500.0,ok
2019,02,青森,28,電子部品・デバイス・電子回路製造業,45.0,ok,26067.0,ok,3458.0,ok,4370.0,ok,5477.0,ok,21458.0,ok
2019,02,青森,29,電気機械器具製造業,20.0,ok,15935.0,ok,3110.0,ok,2714.0,ok,3140.0,ok,12238.0,ok
2019,02,青森,30,情報通信機械器具製造業,6.0,ok,1926.0,ok,213.0,ok,134.0,ok,740.0,ok,1116.0,ok
2019,02,青森,31,輸送用機械器具製造業,9.0,ok,4506.0,ok,153.0,ok,475.0,ok,817.0,ok,3992.0,ok
2019,02,青森,32,その他の製造業,5.0,ok,919.0,ok,94.0,ok,93.0,ok,260.0,ok,691.0,ok
2019,03,岩手,09,食料品製造業,142.0,ok,95366.0,ok,21988.0,ok,9402.0,ok,15384.0,ok,76070.0,ok
2019,03,岩手,10,飲料・たばこ・飼料製造業,6.0,ok,15961.0,ok,929.0,ok,932.0,ok,786.0,ok,15991.0,ok
2019,03,岩手,11,繊維工業,52.0,ok,3459.0,ok,400.0,ok,257.0,ok,1274.0,ok,2030.0,ok
2019,03,岩手,12,木材・木製品製造業（家具を除く）,20.0,ok,10799.0,ok,501.0,ok,945.0,ok,3262.0,ok,8013.0,ok
2019,03,岩手,13,家具・装備品製造業,2.0,ok,,suppressed,,suppressed,,suppressed,,suppressed,,suppressed
2019,03,岩手,14,パルプ・紙・紙加工品製造業,11.0,ok,18011.0,ok,1255.0,ok,2248.0,ok,2359.0,ok,16726.0,ok
2019,03,岩手,15,印刷・同関連業,16.0,ok,9675.0,ok,4493.0,ok,1284.0,ok,2475.0,ok,7640.0,ok
2019,03,岩手,16,化学工業,9.0,ok,30763.0,ok,3584.0,ok,3311.0,ok,3568.0,ok,27788.0,ok
2019,03,岩手,17,石油製品・石炭製品製造業,,absent_from_source,,absent_from_source,,absent_from_source,,absent_from_source,,absent_from_source,,absent_from_source
2019,03,岩手,18,プラスチック製品製造業（別掲を除く）,36.0,ok,21759.0,ok,5697.0,ok,2451.0,ok,4288.0,ok,14190.0,ok
2019,03,岩手,19,ゴム製品製造業,5.0,ok,1763.0,ok,331.0,ok,249.0,ok,112.0,ok,1574.0,ok
2019,03,岩手,20,なめし革・同製品・毛皮製造業,4.0,ok,,suppressed,,suppressed,,suppressed,,suppressed,,suppressed
2019,03,岩手,21,窯業・土石製品製造業,17.0,ok,15907.0,ok,4952.0,ok,2515.0,ok,3068.0,ok,13119.0,ok
2019,03,岩手,22,鉄鋼業,17.0,ok,24404.0,ok,2520.0,ok,2994.0,ok,4932.0,ok,19689.0,ok
2019,03,岩手,23,非鉄金属製造業,11.0,ok,5661.0,ok,1653.0,ok,794.0,ok,845.0,ok,4097.0,ok
2019,03,岩手,24,金属製品製造業,42.0,ok,28735.0,ok,5711.0,ok,2786.0,ok,8208.0,ok,17939.0,ok
2019,03,岩手,25,はん用機械器具製造業,15.0,ok,26279.0,ok,7673.0,ok,2811.0,ok,4794.0,ok,15994.0,ok
2019,03,岩手,26,生産用機械器具製造業,60.0,ok,36178.0,ok,15712.0,ok,4676.0,ok,6513.0,ok,25705.0,ok
2019,03,岩手,27,業務用機械器具製造業,19.0,ok,14598.0,ok,1643.0,ok,1975.0,ok,3366.0,ok,10768.0,ok
2019,03,岩手,28,電子部品・デバイス・電子回路製造業,49.0,ok,74697.0,ok,26172.0,ok,18637.0,ok,8115.0,ok,64668.0,ok
2019,03,岩手,29,電気機械器具製造業,27.0,ok,14912.0,ok,2166.0,ok,1896.0,ok,3032.0,ok,11833.0,ok
2019,03,岩手,30,情報通信機械器具製造業,15.0,ok,4701.0,ok,800.0,ok,741.0,ok,2128.0,ok,2756.0,ok
2019,03,岩手,31,輸送用機械器具製造業,33.0,ok,85624.0,ok,17221.0,ok,11360.0,ok,15753.0,ok,59668.0,ok
2019,03,岩手,32,その他の製造業,13.0,ok,8291.0,ok,2770.0,ok,1618.0,ok,705.0,ok,6878.0,ok
2019,04,宮城,09,食料品製造業,204.0,ok,174725.0,ok,22989.0,ok,16920.0,ok,45282.0,ok,132640.0,ok
2019,04,宮城,10,飲料・たばこ・飼料製造業,13.0,ok,36222.0,ok,2546.0,ok,2454.0,ok,7789.0,ok,28413.0,ok
2019,04,宮城,11,繊維工業,27.0,ok,2215.0,ok,121.0,ok,163.0,ok,653.0,ok,1640.0,ok
2019,04,宮城,12,木材・木製品製造業（家具を除く）,15.0,ok,17392.0,ok,2414.0,ok,1693.0,ok,7191.0,ok,9389.0,ok
2019,04,宮城,13,家具・装備品製造業,4.0,ok,1737.0,ok,114.0,ok,110.0,ok,994.0,ok,739.0,ok
2019,04,宮城,14,パルプ・紙・紙加工品製造業,18.0,ok,100498.0,ok,6043.0,ok,13445.0,ok,24127.0,ok,83591.0,ok
2019,04,宮城,15,印刷・同関連業,37.0,ok,21999.0,ok,1534.0,ok,1901.0,ok,7791.0,ok,14743.0,ok
2019,04,宮城,16,化学工業,17.0,ok,35502.0,ok,6658.0,ok,2500.0,ok,9403.0,ok,23656.0,ok
2019,04,宮城,17,石油製品・石炭製品製造業,2.0,ok,,suppressed,,suppressed,,suppressed,,suppressed,,suppressed
2019,04,宮城,18,プラスチック製品製造業（別掲を除く）,44.0,ok,32623.0,ok,3177.0,ok,3419.0,ok,6942.0,ok,26171.0,ok
2019,04,宮城,19,ゴム製品製造業,12.0,ok,21141.0,ok,4897.0,ok,5593.0,ok,2876.0,ok,19036.0,ok
2019,04,宮城,20,なめし革・同製品・毛皮製造業,1.0,ok,,suppressed,,suppressed,,suppressed,,suppressed,,suppressed
2019,04,宮城,21,窯業・土石製品製造業,28.0,ok,40828.0,ok,4744.0,ok,3707.0,ok,16308.0,ok,22487.0,ok
2019,04,宮城,22,鉄鋼業,13.0,ok,58601.0,ok,11769.0,ok,6509.0,ok,6222.0,ok,50242.0,ok
2019,04,宮城,23,非鉄金属製造業,17.0,ok,37315.0,ok,7484.0,ok,2787.0,ok,9108.0,ok,26124.0,ok
2019,04,宮城,24,金属製品製造業,49.0,ok,61864.0,ok,8409.0,ok,6788.0,ok,14531.0,ok,45415.0,ok
2019,04,宮城,25,はん用機械器具製造業,13.0,ok,3662.0,ok,406.0,ok,597.0,ok,517.0,ok,3329.0,ok
2019,04,宮城,26,生産用機械器具製造業,53.0,ok,72901.0,ok,16541.0,ok,10029.0,ok,6277.0,ok,57663.0,ok
2019,04,宮城,27,業務用機械器具製造業,15.0,ok,11591.0,ok,2385.0,ok,2069.0,ok,1762.0,ok,9588.0,ok
2019,04,宮城,28,電子部品・デバイス・電子回路製造業,52.0,ok,91162.0,ok,26801.0,ok,19701.0,ok,13500.0,ok,76936.0,ok
2019,04,宮城,29,電気機械器具製造業,37.0,ok,51384.0,ok,16876.0,ok,7844.0,ok,7006.0,ok,39457.0,ok
2019,04,宮城,30,情報通信機械器具製造業,19.0,ok,28030.0,ok,3278.0,ok,2867.0,ok,6169.0,ok,22376.0,ok
2019,04,宮城,31,輸送用機械器具製造業,47.0,ok,101583.0,ok,30902.0,ok,12213.0,ok,19786.0,ok,71745.0,ok
2019,04,宮城,32,その他の製造業,10.0,ok,3821.0,ok,272.0,ok,580.0,ok,645.0,ok,3525.0,ok
2019,05,秋田,09,食料品製造業,54.0,ok,22734.0,ok,2000.0,ok,2117.0,ok,5715.0,ok,17334.0,ok
2019,05,秋田,10,飲料・たばこ・飼料製造業,9.0,ok,8193.0,ok,976.0,ok,614.0,ok,2287.0,ok,5821.0,ok
2019,05,秋田,11,繊維工業,57.0,ok,5093.0,ok,630.0,ok,415.0,ok,1987.0,ok,2904.0,ok
2019,05,秋田,12,木材・木製品製造業（家具を除く）,20.0,ok,16101.0,ok,1427.0,ok,2380.0,ok,4604.0,ok,12463.0,ok
2019,05,秋田,13,家具・装備品製造業,7.0,ok,740.0,ok,180.0,ok,147.0,ok,209.0,ok,504.0,ok
2019,05,秋田,14,パルプ・紙・紙加工品製造業,5.0,ok,37605.0,ok,5837.0,ok,3198.0,ok,11117.0,ok,23853.0,ok
2019,05,秋田,15,印刷・同関連業,9.0,ok,1727.0,ok,235.0,ok,212.0,ok,463.0,ok,1238.0,ok
2019,05,秋田,16,化学工業,6.0,ok,47557.0,ok,7284.0,ok,5019.0,ok,5372.0,ok,41209.0,ok
2019,05,秋田,17,石油製品・石炭製品製造業,,absent_from_source,,absent_from_source,,absent_from_source,,absent_from_source,,absent_from_source,,absent_from_source
2019,05,秋田,18,プラスチック製品製造業（別掲を除く）,16.0,ok,6293.0,ok,820.0,ok,568.0,ok,1253.0,ok,4481.0,ok
2019,05,秋田,19,ゴム製品製造業,6.0,ok,1271.0,ok,57.0,ok,251.0,ok,198.0,ok,1234.0,ok
2019,05,秋田,20,なめし革・同製品・毛皮製造業,4.0,ok,682.0,ok,6.0,ok,11.0,ok,154.0,ok,532.0,ok
2019,05,秋田,21,窯業・土石製品製造業,12.0,ok,7339.0,ok,685.0,ok,697.0,ok,2001.0,ok,5445.0,ok
2019,05,秋田,22,鉄鋼業,7.0,ok,4090.0,ok,1072.0,ok,538.0,ok,856.0,ok,2942.0,ok
2019,05,秋田,23,非鉄金属製造業,13.0,ok,30602.0,ok,7108.0,ok,4846.0,ok,2788.0,ok,26383.0,ok
2019,05,秋田,24,金属製品製造業,35.0,ok,15617.0,ok,3136.0,ok,2298.0,ok,4898.0,ok,10048.0,ok
2019,05,秋田,25,はん用機械器具製造業,12.0,ok,5525.0,ok,985.0,ok,710.0,ok,1683.0,ok,3660.0,ok
2019,05,秋田,26,生産用機械器具製造業,47.0,ok,28695.0,ok,3517.0,ok,3451.0,ok,4795.0,ok,25374.0,ok
2019,05,秋田,27,業務用機械器具製造業,21.0,ok,27935.0,ok,3637.0,ok,4796.0,ok,2525.0,ok,26309.0,ok
2019,05,秋田,28,電子部品・デバイス・電子回路製造業,52.0,ok,141286.0,ok,42535.0,ok,20387.0,ok,9941.0,ok,110779.0,ok
2019,05,秋田,29,電気機械器具製造業,20.0,ok,7158.0,ok,1344.0,ok,693.0,ok,1244.0,ok,5487.0,ok
2019,05,秋田,30,情報通信機械器具製造業,4.0,ok,2518.0,ok,515.0,ok,245.0,ok,264.0,ok,1981.0,ok
2019,05,秋田,31,輸送用機械器具製造業,19.0,ok,45717.0,ok,7483.0,ok,3827.0,ok,1631.0,ok,41688.0,ok
2019,05,秋田,32,その他の製造業,7.0,ok,1923.0,ok,392.0,ok,121.0,ok,586.0,ok,1157.0,ok
2019,06,山形,09,食料品製造業,109.0,ok,78521.0,ok,8492.0,ok,7595.0,ok,18066.0,ok,60603.0,ok
2019,06,山形,10,飲料・たばこ・飼料製造業,10.0,ok,8875.0,ok,999.0,ok,909.0,ok,2145.0,ok,6611.0,ok
2019,06,山形,11,繊維工業,62.0,ok,9844.0,ok,796.0,ok,702.0,ok,4195.0,ok,5641.0,ok
2019,06,山形,12,木材・木製品製造業（家具を除く）,7.0,ok,3048.0,ok,269.0,ok,324.0,ok,1227.0,ok,1890.0,ok
2019,06,山形,13,家具・装備品製造業,12.0,ok,7059.0,ok,605.0,ok,571.0,ok,2736.0,ok,4355.0,ok
2019,06,山形,14,パルプ・紙・紙加工品製造業,11.0,ok,6217.0,ok,563.0,ok,517.0,ok,2449.0,ok,3710.0,ok
2019,06,山形,15,印刷・同関連業,19.0,ok,12697.0,ok,1891.0,ok,950.0,ok,3353.0,ok,7668.0,ok
2019,06,山形,16,化学工業,18.0,ok,103998.0,ok,21435.0,ok,13171.0,ok,11404.0,ok,89330.0,ok
2019,06,山形,17,石油製品・石炭製品製造業,1.0,ok,,suppressed,,suppressed,,suppressed,,suppressed,,suppressed
2019,06,山形,18,プラスチック製品製造業（別掲を除く）,33.0,ok,19371.0,ok,2442.0,ok,1903.0,ok,6323.0,ok,11819.0,ok
2019,06,山形,19,ゴム製品製造業,4.0,ok,,suppressed,,suppressed,,suppressed,,suppressed,,suppressed
2019,06,山形,20,なめし革・同製品・毛皮製造業,8.0,ok,3303.0,ok,762.0,ok,494.0,ok,1024.0,ok,2294.0,ok
2019,06,山形,21,窯業・土石製品製造業,22.0,ok,34772.0,ok,9652.0,ok,5867.0,ok,5995.0,ok,21765.0,ok
2019,06,山形,22,鉄鋼業,11.0,ok,10126.0,ok,1129.0,ok,926.0,ok,2025.0,ok,7922.0,ok
2019,06,山形,23,非鉄金属製造業,8.0,ok,24965.0,ok,4541.0,ok,2902.0,ok,2033.0,ok,21781.0,ok
2019,06,山形,24,金属製品製造業,52.0,ok,27636.0,ok,4686.0,ok,2791.0,ok,8187.0,ok,18053.0,ok
2019,06,山形,25,はん用機械器具製造業,27.0,ok,37261.0,ok,10081.0,ok,2981.0,ok,4363.0,ok,22017.0,ok
2019,06,山形,26,生産用機械器具製造業,95.0,ok,69275.0,ok,7986.0,ok,6266.0,ok,18868.0,ok,46096.0,ok
2019,06,山形,27,業務用機械器具製造業,22.0,ok,8896.0,ok,1531.0,ok,915.0,ok,2527.0,ok,5784.0,ok
2019,06,山形,28,電子部品・デバイス・電子回路製造業,49.0,ok,159559.0,ok,81674.0,ok,40172.0,ok,10375.0,ok,115829.0,ok
2019,06,山形,29,電気機械器具製造業,50.0,ok,21270.0,ok,2755.0,ok,2593.0,ok,7011.0,ok,14028.0,ok
2019,06,山形,30,情報通信機械器具製造業,20.0,ok,41075.0,ok,3556.0,ok,2305.0,ok,5030.0,ok,37307.0,ok
2019,06,山形,31,輸送用機械器具製造業,42.0,ok,38274.0,ok,12069.0,ok,6015.0,ok,7303.0,ok,31193.0,ok
2019,06,山形,32,その他の製造業,12.0,ok,19173.0,ok,2221.0,ok,2663.0,ok,4516.0,ok,16531.0,ok
2019,07,福島,09,食料品製造業,116.0,ok,82077.0,ok,11237.0,ok,8071.0,ok,16891.0,ok,62847.0,ok
2019,07,福島,10,飲料・たばこ・飼料製造業,9.0,ok,20566.0,ok,2742.0,ok,2362.0,ok,1944.0,ok,17776.0,ok
2019,07,福島,11,繊維工業,49.0,ok,5344.0,ok,398.0,ok,474.0,ok,2411.0,ok,3002.0,ok
2019,07,福島,12,木材・木製品製造業（家具を除く）,15.0,ok,14834.0,ok,2282.0,ok,1369.0,ok,3383.0,ok,10570.0,ok
2019,07,福島,13,家具・装備品製造業,15.0,ok,18447.0,ok,2380.0,ok,1753.0,ok,5934.0,ok,12360.0,ok
2019,07,福島,14,パルプ・紙・紙加工品製造業,31.0,ok,91687.0,ok,10463.0,ok,10473.0,ok,16263.0,ok,74898.0,ok
2019,07,福島,15,印刷・同関連業,28.0,ok,15979.0,ok,1197.0,ok,1521.0,ok,4122.0,ok,12231.0,ok
2019,07,福島,16,化学工業,58.0,ok,237659.0,ok,39223.0,ok,24048.0,ok,50455.0,ok,178300.0,ok
2019,07,福島,17,石油製品・石炭製品製造業,,absent_from_source,,absent_from_source,,absent_from_source,,absent_from_source,,absent_from_source,,absent_from_source
2019,07,福島,18,プラスチック製品製造業（別掲を除く）,71.0,ok,51653.0,ok,11159.0,ok,7742.0,ok,10666.0,ok,38582.0,ok
2019,07,福島,19,ゴム製品製造業,32.0,ok,46005.0,ok,12640.0,ok,2503.0,ok,5985.0,ok,35615.0,ok
2019,07,福島,20,なめし革・同製品・毛皮製造業,9.0,ok,3302.0,ok,556.0,ok,217.0,ok,597.0,ok,2324.0,ok
2019,07,福島,21,窯業・土石製品製造業,52.0,ok,73851.0,ok,38312.0,ok,10241.0,ok,17067.0,ok,50035.0,ok
2019,07,福島,22,鉄鋼業,20.0,ok,30207.0,ok,9789.0,ok,3378.0,ok,7266.0,ok,19253.0,ok
2019,07,福島,23,非鉄金属製造業,26.0,ok,62091.0,ok,11617.0,ok,8121.0,ok,13548.0,ok,48367.0,ok
2019,07,福島,24,金属製品製造業,85.0,ok,82903.0,ok,18761.0,ok,9509.0,ok,16974.0,ok,54324.0,ok
2019,07,福島,25,はん用機械器具製造業,41.0,ok,51121.0,ok,8724.0,ok,4503.0,ok,12860.0,ok,36001.0,ok
2019,07,福島,26,生産用機械器具製造業,74.0,ok,49388.0,ok,12666.0,ok,4824.0,ok,11741.0,ok,31057.0,ok
2019,07,福島,27,業務用機械器具製造業,60.0,ok,56021.0,ok,15739.0,ok,6731.0,ok,14005.0,ok,34749.0,ok
2019,07,福島,28,電子部品・デバイス・電子回路製造業,75.0,ok,137260.0,ok,70602.0,ok,46584.0,ok,18637.0,ok,111373.0,ok
2019,07,福島,29,電気機械器具製造業,61.0,ok,51541.0,ok,10400.0,ok,5355.0,ok,11056.0,ok,35090.0,ok
2019,07,福島,30,情報通信機械器具製造業,43.0,ok,36452.0,ok,8061.0,ok,6343.0,ok,9612.0,ok,26219.0,ok
2019,07,福島,31,輸送用機械器具製造業,63.0,ok,147401.0,ok,36378.0,ok,21489.0,ok,21309.0,ok,111917.0,ok
2019,07,福島,32,その他の製造業,17.0,ok,7803.0,ok,1589.0,ok,976.0,ok,1777.0,ok,5248.0,ok
2019,08,茨城,09,食料品製造業,268.0,ok,454604.0,ok,75235.0,ok,45651.0,ok,76248.0,ok,358691.0,ok
2019,08,茨城,10,飲料・たばこ・飼料製造業,22.0,ok,120382.0,ok,7434.0,ok,10556.0,ok,28650.0,ok,95540.0,ok
2019,08,茨城,11,繊維工業,23.0,ok,43906.0,ok,9738.0,ok,4845.0,ok,9233.0,ok,38168.0,ok
2019,08,茨城,12,木材・木製品製造業（家具を除く）,26.0,ok,38084.0,ok,5341.0,ok,3654.0,ok,10828.0,ok,25663.0,ok
2019,08,茨城,13,家具・装備品製造業,21.0,ok,20123.0,ok,1693.0,ok,1546.0,ok,10269.0,ok,9856.0,ok
2019,08,茨城,14,パルプ・紙・紙加工品製造業,51.0,ok,74028.0,ok,13600.0,ok,8584.0,ok,12871.0,ok,57383.0,ok
2019,08,茨城,15,印刷・同関連業,42.0,ok,63227.0,ok,5533.0,ok,4758.0,ok,17712.0,ok,42737.0,ok
2019,08,茨城,16,化学工業,103.0,ok,505590.0,ok,91914.0,ok,67521.0,ok,104051.0,ok,398466.0,ok
2019,08,茨城,17,石油製品・石炭製品製造業,4.0,ok,,suppressed,,suppressed,,suppressed,,suppressed,,suppressed
2019,08,茨城,18,プラスチック製品製造業（別掲を除く）,158.0,ok,261492.0,ok,59598.0,ok,33802.0,ok,52620.0,ok,199318.0,ok
2019,08,茨城,19,ゴム製品製造業,21.0,ok,14936.0,ok,1981.0,ok,1930.0,ok,4280.0,ok,10958.0,ok
2019,08,茨城,20,なめし革・同製品・毛皮製造業,1.0,ok,,suppressed,,suppressed,,suppressed,,suppressed,,suppressed
2019,08,茨城,21,窯業・土石製品製造業,75.0,ok,82524.0,ok,10819.0,ok,9028.0,ok,26756.0,ok,54063.0,ok
2019,08,茨城,22,鉄鋼業,41.0,ok,434684.0,ok,68659.0,ok,57317.0,ok,127482.0,ok,315142.0,ok
2019,08,茨城,23,非鉄金属製造業,42.0,ok,281555.0,ok,21973.0,ok,16288.0,ok,31352.0,ok,241208.0,ok
2019,08,茨城,24,金属製品製造業,181.0,ok,199117.0,ok,24283.0,ok,20752.0,ok,64410.0,ok,133027.0,ok
2019,08,茨城,25,はん用機械器具製造業,51.0,ok,100254.0,ok,14282.0,ok,16730.0,ok,23675.0,ok,81195.0,ok
2019,08,茨城,26,生産用機械器具製造業,99.0,ok,278716.0,ok,29266.0,ok,27780.0,ok,72354.0,ok,206642.0,ok
2019,08,茨城,27,業務用機械器具製造業,46.0,ok,71569.0,ok,15010.0,ok,10702.0,ok,17160.0,ok,54295.0,ok
2019,08,茨城,28,電子部品・デバイス・電子回路製造業,40.0,ok,100517.0,ok,24961.0,ok,17040.0,ok,12507.0,ok,85173.0,ok
2019,08,茨城,29,電気機械器具製造業,101.0,ok,138006.0,ok,31084.0,ok,18579.0,ok,25478.0,ok,107616.0,ok
2019,08,茨城,30,情報通信機械器具製造業,13.0,ok,3727.0,ok,861.0,ok,618.0,ok,738.0,ok,2800.0,ok
2019,08,茨城,31,輸送用機械器具製造業,73.0,ok,149154.0,ok,17195.0,ok,22606.0,ok,27696.0,ok,128679.0,ok
2019,08,茨城,32,その他の製造業,24.0,ok,26512.0,ok,5510.0,ok,3757.0,ok,6780.0,ok,18697.0,ok
2019,09,栃木,09,食料品製造業,148.0,ok,164992.0,ok,21344.0,ok,17684.0,ok,32552.0,ok,130816.0,ok
2019,09,栃木,10,飲料・たばこ・飼料製造業,14.0,ok,47001.0,ok,5259.0,ok,6763.0,ok,5508.0,ok,41197.0,ok
2019,09,栃木,11,繊維工業,26.0,ok,9128.0,ok,980.0,ok,1125.0,ok,2398.0,ok,6908.0,ok
2019,09,栃木,12,木材・木製品製造業（家具を除く）,29.0,ok,19674.0,ok,1402.0,ok,1936.0,ok,9465.0,ok,10676.0,ok
2019,09,栃木,13,家具・装備品製造業,11.0,ok,7814.0,ok,978.0,ok,901.0,ok,2486.0,ok,5382.0,ok
2019,09,栃木,14,パルプ・紙・紙加工品製造業,43.0,ok,98696.0,ok,10702.0,ok,12802.0,ok,20465.0,ok,82114.0,ok
2019,09,栃木,15,印刷・同関連業,27.0,ok,15983.0,ok,3120.0,ok,1972.0,ok,5260.0,ok,9848.0,ok
2019,09,栃木,16,化学工業,51.0,ok,153684.0,ok,54658.0,ok,13044.0,ok,16180.0,ok,99233.0,ok
2019,09,栃木,17,石油製品・石炭製品製造業,2.0,ok,,suppressed,,suppressed,,suppressed,,suppressed,,suppressed
2019,09,栃木,18,プラスチック製品製造業（別掲を除く）,135.0,ok,215747.0,ok,24553.0,ok,28168.0,ok,42274.0,ok,181753.0,ok
2019,09,栃木,19,ゴム製品製造業,26.0,ok,35371.0,ok,11486.0,ok,6535.0,ok,7429.0,ok,25217.0,ok
2019,09,栃木,20,なめし革・同製品・毛皮製造業,2.0,ok,,suppressed,,suppressed,,suppressed,,suppressed,,suppressed
2019,09,栃木,21,窯業・土石製品製造業,43.0,ok,52822.0,ok,11231.0,ok,6295.0,ok,18891.0,ok,32768.0,ok
2019,09,栃木,22,鉄鋼業,31.0,ok,75288.0,ok,9402.0,ok,6251.0,ok,24921.0,ok,45162.0,ok
2019,09,栃木,23,非鉄金属製造業,31.0,ok,104611.0,ok,33316.0,ok,13818.0,ok,44693.0,ok,72301.0,ok
2019,09,栃木,24,金属製品製造業,126.0,ok,119064.0,ok,15111.0,ok,11191.0,ok,33255.0,ok,83233.0,ok
2019,09,栃木,25,はん用機械器具製造業,38.0,ok,75139.0,ok,10727.0,ok,7662.0,ok,10990.0,ok,63299.0,ok
2019,09,栃木,26,生産用機械器具製造業,70.0,ok,107454.0,ok,18981.0,ok,16228.0,ok,27433.0,ok,81408.0,ok
2019,09,栃木,27,業務用機械器具製造業,57.0,ok,75544.0,ok,19325.0,ok,9846.0,ok,10515.0,ok,59640.0,ok
2019,09,栃木,28,電子部品・デバイス・電子回路製造業,45.0,ok,88686.0,ok,13506.0,ok,6388.0,ok,9829.0,ok,72451.0,ok
2019,09,栃木,29,電気機械器具製造業,57.0,ok,168743.0,ok,25119.0,ok,30491.0,ok,30666.0,ok,150940.0,ok
2019,09,栃木,30,情報通信機械器具製造業,20.0,ok,19062.0,ok,6736.0,ok,2874.0,ok,2702.0,ok,13135.0,ok
2019,09,栃木,31,輸送用機械器具製造業,132.0,ok,343694.0,ok,70301.0,ok,38906.0,ok,83525.0,ok,246370.0,ok
2019,09,栃木,32,その他の製造業,16.0,ok,14060.0,ok,2493.0,ok,1306.0,ok,5150.0,ok,8169.0,ok
2019,10,群馬,09,食料品製造業,177.0,ok,283743.0,ok,37802.0,ok,23912.0,ok,54049.0,ok,214691.0,ok
2019,10,群馬,10,飲料・たばこ・飼料製造業,18.0,ok,120500.0,ok,31642.0,ok,10429.0,ok,17937.0,ok,79557.0,ok
2019,10,群馬,11,繊維工業,22.0,ok,7023.0,ok,944.0,ok,678.0,ok,2161.0,ok,4736.0,ok
2019,10,群馬,12,木材・木製品製造業（家具を除く）,11.0,ok,14572.0,ok,3647.0,ok,1383.0,ok,5504.0,ok,6789.0,ok
2019,10,群馬,13,家具・装備品製造業,12.0,ok,10757.0,ok,1930.0,ok,1009.0,ok,3533.0,ok,6747.0,ok
2019,10,群馬,14,パルプ・紙・紙加工品製造業,22.0,ok,27978.0,ok,3244.0,ok,2457.0,ok,7739.0,ok,19645.0,ok
2019,10,群馬,15,印刷・同関連業,29.0,ok,17472.0,ok,820.0,ok,1121.0,ok,5595.0,ok,12246.0,ok
2019,10,群馬,16,化学工業,55.0,ok,267084.0,ok,56129.0,ok,37449.0,ok,46049.0,ok,209601.0,ok
2019,10,群馬,17,石油製品・石炭製品製造業,,absent_from_source,,absent_from_source,,absent_from_source,,absent_from_source,,absent_from_source,,absent_from_source
2019,10,群馬,18,プラスチック製品製造業（別掲を除く）,128.0,ok,188303.0,ok,36476.0,ok,23140.0,ok,48632.0,ok,133908.0,ok
2019,10,群馬,19,ゴム製品製造業,15.0,ok,15900.0,ok,1567.0,ok,1548.0,ok,5117.0,ok,10748.0,ok
2019,10,群馬,20,なめし革・同製品・毛皮製造業,,absent_from_source,,absent_from_source,,absent_from_source,,absent_from_source,,absent_from_source,,absent_from_source
2019,10,群馬,21,窯業・土石製品製造業,24.0,ok,25285.0,ok,2766.0,ok,2190.0,ok,10721.0,ok,13967.0,ok
2019,10,群馬,22,鉄鋼業,32.0,ok,65987.0,ok,12759.0,ok,8232.0,ok,8935.0,ok,53273.0,ok
2019,10,群馬,23,非鉄金属製造業,25.0,ok,31089.0,ok,4156.0,ok,4429.0,ok,10982.0,ok,21020.0,ok
2019,10,群馬,24,金属製品製造業,144.0,ok,142465.0,ok,35222.0,ok,30554.0,ok,32355.0,ok,108052.0,ok
2019,10,群馬,25,はん用機械器具製造業,51.0,ok,51920.0,ok,8419.0,ok,5848.0,ok,13437.0,ok,38615.0,ok
2019,10,群馬,26,生産用機械器具製造業,93.0,ok,84164.0,ok,15931.0,ok,7731.0,ok,27528.0,ok,48575.0,ok
2019,10,群馬,27,業務用機械器具製造業,45.0,ok,46283.0,ok,7397.0,ok,5052.0,ok,11494.0,ok,33305.0,ok
2019,10,群馬,28,電子部品・デバイス・電子回路製造業,33.0,ok,45415.0,ok,14235.0,ok,9531.0,ok,11071.0,ok,36704.0,ok
2019,10,群馬,29,電気機械器具製造業,77.0,ok,86231.0,ok,13220.0,ok,9848.0,ok,18489.0,ok,65902.0,ok
2019,10,群馬,30,情報通信機械器具製造業,13.0,ok,17840.0,ok,2167.0,ok,1981.0,ok,6966.0,ok,10704.0,ok
2019,10,群馬,31,輸送用機械器具製造業,188.0,ok,472805.0,ok,108100.0,ok,76854.0,ok,63313.0,ok,409861.0,ok
2019,10,群馬,32,その他の製造業,26.0,ok,23117.0,ok,4500.0,ok,2243.0,ok,8765.0,ok,13369.0,ok
2019,11,埼玉,09,食料品製造業,402.0,ok,515114.0,ok,74660.0,ok,51092.0,ok,105120.0,ok,399707.0,ok
2019,11,埼玉,10,飲料・たばこ・飼料製造業,20.0,ok,49918.0,ok,2182.0,ok,2410.0,ok,14133.0,ok,35688.0,ok
2019,11,埼玉,11,繊維工業,34.0,ok,9819.0,ok,880.0,ok,1294.0,ok,3490.0,ok,6790.0,ok
2019,11,埼玉,12,木材・木製品製造業（家具を除く）,14.0,ok,9607.0,ok,664.0,ok,551.0,ok,5741.0,ok,3640.0,ok
2019,11,埼玉,13,家具・装備品製造業,25.0,ok,20840.0,ok,1419.0,ok,1784.0,ok,9782.0,ok,12771.0,ok
2019,11,埼玉,14,パルプ・紙・紙加工品製造業,128.0,ok,169025.0,ok,22549.0,ok,14148.0,ok,57189.0,ok,106572.0,ok
2019,11,埼玉,15,印刷・同関連業,210.0,ok,200493.0,ok,17661.0,ok,20459.0,ok,69356.0,ok,135101.0,ok
2019,11,埼玉,16,化学工業,159.0,ok,333857.0,ok,51040.0,ok,33834.0,ok,89954.0,ok,239591.0,ok
2019,11,埼玉,17,石油製品・石炭製品製造業,1.0,ok,,suppressed,,suppressed,,suppressed,,suppressed,,suppressed
2019,11,埼玉,18,プラスチック製品製造業（別掲を除く）,192.0,ok,176038.0,ok,22268.0,ok,21606.0,ok,52127.0,ok,124996.0,ok
2019,11,埼玉,19,ゴム製品製造業,43.0,ok,34753.0,ok,4235.0,ok,3471.0,ok,15615.0,ok,18841.0,ok
2019,11,埼玉,20,なめし革・同製品・毛皮製造業,8.0,ok,,suppressed,,suppressed,,suppressed,,suppressed,,suppressed
2019,11,埼玉,21,窯業・土石製品製造業,54.0,ok,74644.0,ok,9755.0,ok,8174.0,ok,26293.0,ok,46817.0,ok
2019,11,埼玉,22,鉄鋼業,50.0,ok,82532.0,ok,12923.0,ok,7876.0,ok,29550.0,ok,48865.0,ok
2019,11,埼玉,23,非鉄金属製造業,70.0,ok,93335.0,ok,12121.0,ok,13037.0,ok,26528.0,ok,69501.0,ok
2019,11,埼玉,24,金属製品製造業,229.0,ok,192947.0,ok,24068.0,ok,21066.0,ok,70456.0,ok,122417.0,ok
2019,11,埼玉,25,はん用機械器具製造業,79.0,ok,80235.0,ok,11555.0,ok,8995.0,ok,21697.0,ok,57141.0,ok
2019,11,埼玉,26,生産用機械器具製造業,147.0,ok,135353.0,ok,12268.0,ok,8115.0,ok,52557.0,ok,81758.0,ok
2019,11,埼玉,27,業務用機械器具製造業,100.0,ok,91937.0,ok,11420.0,ok,6568.0,ok,29095.0,ok,59842.0,ok
2019,11,埼玉,28,電子部品・デバイス・電子回路製造業,62.0,ok,81030.0,ok,18463.0,ok,12664.0,ok,16957.0,ok,80064.0,ok
2019,11,埼玉,29,電気機械器具製造業,125.0,ok,124486.0,ok,10157.0,ok,10165.0,ok,45766.0,ok,81630.0,ok
2019,11,埼玉,30,情報通信機械器具製造業,37.0,ok,45940.0,ok,7151.0,ok,6565.0,ok,16068.0,ok,29647.0,ok
2019,11,埼玉,31,輸送用機械器具製造業,200.0,ok,417682.0,ok,58228.0,ok,50468.0,ok,121932.0,ok,306396.0,ok
2019,11,埼玉,32,その他の製造業,74.0,ok,66156.0,ok,8670.0,ok,6819.0,ok,22196.0,ok,43044.0,ok
2019,12,千葉,09,食料品製造業,298.0,ok,445414.0,ok,58503.0,ok,38478.0,ok,117258.0,ok,307386.0,ok
2019,12,千葉,10,飲料・たばこ・飼料製造業,22.0,ok,73034.0,ok,9514.0,ok,6934.0,ok,20054.0,ok,51557.0,ok
2019,12,千葉,11,繊維工業,11.0,ok,3649.0,ok,1448.0,ok,555.0,ok,952.0,ok,3158.0,ok
2019,12,千葉,12,木材・木製品製造業（家具を除く）,20.0,ok,17264.0,ok,1812.0,ok,1033.0,ok,8698.0,ok,7943.0,ok
2019,12,千葉,13,家具・装備品製造業,11.0,ok,25072.0,ok,2440.0,ok,2358.0,ok,5242.0,ok,19977.0,ok
2019,12,千葉,14,パルプ・紙・紙加工品製造業,44.0,ok,42502.0,ok,5655.0,ok,4385.0,ok,12609.0,ok,28515.0,ok
2019,12,千葉,15,印刷・同関連業,42.0,ok,32850.0,ok,2134.0,ok,2535.0,ok,12288.0,ok,21136.0,ok
2019,12,千葉,16,化学工業,138.0,ok,611304.0,ok,135463.0,ok,75404.0,ok,146066.0,ok,435130.0,ok
2019,12,千葉,17,石油製品・石炭製品製造業,13.0,ok,559350.0,ok,29471.0,ok,28234.0,ok,319745.0,ok,244634.0,ok
2019,12,千葉,18,プラスチック製品製造業（別掲を除く）,81.0,ok,74972.0,ok,8199.0,ok,7454.0,ok,23761.0,ok,50666.0,ok
2019,12,千葉,19,ゴム製品製造業,21.0,ok,11535.0,ok,867.0,ok,1246.0,ok,3628.0,ok,8544.0,ok
2019,12,千葉,20,なめし革・同製品・毛皮製造業,6.0,ok,1256.0,ok,289.0,ok,58.0,ok,602.0,ok,433.0,ok
2019,12,千葉,21,窯業・土石製品製造業,47.0,ok,72848.0,ok,14802.0,ok,7263.0,ok,25599.0,ok,43895.0,ok
2019,12,千葉,22,鉄鋼業,87.0,ok,794968.0,ok,111068.0,ok,93174.0,ok,223628.0,ok,561078.0,ok
2019,12,千葉,23,非鉄金属製造業,25.0,ok,69071.0,ok,14442.0,ok,11058.0,ok,10076.0,ok,56714.0,ok
2019,12,千葉,24,金属製品製造業,162.0,ok,184555.0,ok,23777.0,ok,16627.0,ok,75400.0,ok,102928.0,ok
2019,12,千葉,25,はん用機械器具製造業,44.0,ok,51767.0,ok,4437.0,ok,5017.0,ok,20186.0,ok,31594.0,ok
2019,12,千葉,26,生産用機械器具製造業,91.0,ok,116064.0,ok,17620.0,ok,9723.0,ok,40357.0,ok,71923.0,ok
2019,12,千葉,27,業務用機械器具製造業,27.0,ok,49345.0,ok,3542.0,ok,3932.0,ok,12411.0,ok,38180.0,ok
2019,12,千葉,28,電子部品・デバイス・電子回路製造業,25.0,ok,110850.0,ok,58683.0,ok,22177.0,ok,22027.0,ok,104848.0,ok
2019,12,千葉,29,電気機械器具製造業,44.0,ok,37931.0,ok,4466.0,ok,3215.0,ok,17101.0,ok,20838.0,ok
2019,12,千葉,30,情報通信機械器具製造業,8.0,ok,22824.0,ok,4629.0,ok,3770.0,ok,10765.0,ok,12871.0,ok
2019,12,千葉,31,輸送用機械器具製造業,36.0,ok,59474.0,ok,3281.0,ok,2089.0,ok,41084.0,ok,18717.0,ok
2019,12,千葉,32,その他の製造業,29.0,ok,27076.0,ok,7383.0,ok,2339.0,ok,8426.0,ok,14509.0,ok
2019,13,東京,09,食料品製造業,173.0,ok,175554.0,ok,18965.0,ok,14678.0,ok,62973.0,ok,112068.0,ok
2019,13,東京,10,飲料・たばこ・飼料製造業,7.0,ok,39119.0,ok,1818.0,ok,2249.0,ok,16536.0,ok,23341.0,ok
2019,13,東京,11,繊維工業,16.0,ok,5258.0,ok,667.0,ok,196.0,ok,2521.0,ok,2268.0,ok
2019,13,東京,12,木材・木製品製造業（家具を除く）,2.0,ok,,suppressed,,suppressed,,suppressed,,suppressed,,suppressed
2019,13,東京,13,家具・装備品製造業,16.0,ok,14223.0,ok,1361.0,ok,2364.0,ok,8038.0,ok,7880.0,ok
2019,13,東京,14,パルプ・紙・紙加工品製造業,36.0,ok,28427.0,ok,2680.0,ok,2305.0,ok,9857.0,ok,18892.0,ok
2019,13,東京,15,印刷・同関連業,270.0,ok,243375.0,ok,18667.0,ok,15943.0,ok,140413.0,ok,108694.0,ok
2019,13,東京,16,化学工業,63.0,ok,168778.0,ok,16933.0,ok,18586.0,ok,47256.0,ok,124117.0,ok
2019,13,東京,17,石油製品・石炭製品製造業,2.0,ok,,suppressed,,suppressed,,suppressed,,suppressed,,suppressed
2019,13,東京,18,プラスチック製品製造業（別掲を除く）,44.0,ok,16127.0,ok,1776.0,ok,1334.0,ok,8386.0,ok,8113.0,ok
2019,13,東京,19,ゴム製品製造業,11.0,ok,10276.0,ok,1099.0,ok,1168.0,ok,4418.0,ok,5891.0,ok
2019,13,東京,20,なめし革・同製品・毛皮製造業,18.0,ok,7631.0,ok,2700.0,ok,308.0,ok,2360.0,ok,3132.0,ok
2019,13,東京,21,窯業・土石製品製造業,18.0,ok,33599.0,ok,1448.0,ok,2005.0,ok,15898.0,ok,19024.0,ok
2019,13,東京,22,鉄鋼業,15.0,ok,45091.0,ok,7152.0,ok,3720.0,ok,18276.0,ok,22848.0,ok
2019,13,東京,23,非鉄金属製造業,16.0,ok,14511.0,ok,1699.0,ok,847.0,ok,8519.0,ok,5374.0,ok
2019,13,東京,24,金属製品製造業,83.0,ok,39644.0,ok,4405.0,ok,4242.0,ok,20859.0,ok,19459.0,ok
2019,13,東京,25,はん用機械器具製造業,46.0,ok,38651.0,ok,4471.0,ok,3063.0,ok,15023.0,ok,21716.0,ok
2019,13,東京,26,生産用機械器具製造業,103.0,ok,100584.0,ok,10040.0,ok,7094.0,ok,43583.0,ok,55462.0,ok
2019,13,東京,27,業務用機械器具製造業,91.0,ok,56206.0,ok,6431.0,ok,3662.0,ok,28148.0,ok,27006.0,ok
2019,13,東京,28,電子部品・デバイス・電子回路製造業,52.0,ok,88054.0,ok,24925.0,ok,23475.0,ok,14759.0,ok,74832.0,ok
2019,13,東京,29,電気機械器具製造業,116.0,ok,118058.0,ok,19646.0,ok,11762.0,ok,32439.0,ok,85728.0,ok
2019,13,東京,30,情報通信機械器具製造業,33.0,ok,58128.0,ok,17664.0,ok,9927.0,ok,6293.0,ok,45898.0,ok
2019,13,東京,31,輸送用機械器具製造業,64.0,ok,168132.0,ok,44749.0,ok,22810.0,ok,33082.0,ok,127291.0,ok
2019,13,東京,32,その他の製造業,58.0,ok,36497.0,ok,3935.0,ok,2679.0,ok,15312.0,ok,20156.0,ok
2019,14,神奈川,09,食料品製造業,257.0,ok,411837.0,ok,59952.0,ok,35090.0,ok,107440.0,ok,295828.0,ok
2019,14,神奈川,10,飲料・たばこ・飼料製造業,24.0,ok,124860.0,ok,10063.0,ok,9702.0,ok,35732.0,ok,87417.0,ok
2019,14,神奈川,11,繊維工業,13.0,ok,9675.0,ok,1328.0,ok,774.0,ok,4960.0,ok,4246.0,ok
2019,14,神奈川,12,木材・木製品製造業（家具を除く）,4.0,ok,,suppressed,,suppressed,,suppressed,,suppressed,,suppressed
2019,14,神奈川,13,家具・装備品製造業,15.0,ok,18343.0,ok,2268.0,ok,1898.0,ok,9295.0,ok,8955.0,ok
2019,14,神奈川,14,パルプ・紙・紙加工品製造業,51.0,ok,72000.0,ok,7297.0,ok,5452.0,ok,25525.0,ok,45623.0,ok
2019,14,神奈川,15,印刷・同関連業,68.0,ok,74056.0,ok,5128.0,ok,5739.0,ok,34542.0,ok,40622.0,ok
2019,14,神奈川,16,化学工業,124.0,ok,575175.0,ok,88345.0,ok,63767.0,ok,156094.0,ok,401072.0,ok
2019,14,神奈川,17,石油製品・石炭製品製造業,15.0,ok,314492.0,ok,18542.0,ok,14719.0,ok,205090.0,ok,100246.0,ok
2019,14,神奈川,18,プラスチック製品製造業（別掲を除く）,114.0,ok,120074.0,ok,16867.0,ok,14231.0,ok,37679.0,ok,84115.0,ok
2019,14,神奈川,19,ゴム製品製造業,14.0,ok,57754.0,ok,10274.0,ok,7695.0,ok,13563.0,ok,39658.0,ok
2019,14,神奈川,20,なめし革・同製品・毛皮製造業,1.0,ok,,suppressed,,suppressed,,suppressed,,suppressed,,suppressed
2019,14,神奈川,21,窯業・土石製品製造業,47.0,ok,117770.0,ok,24033.0,ok,13067.0,ok,31515.0,ok,85087.0,ok
2019,14,神奈川,22,鉄鋼業,39.0,ok,405563.0,ok,50727.0,ok,27757.0,ok,148152.0,ok,231093.0,ok
2019,14,神奈川,23,非鉄金属製造業,35.0,ok,53855.0,ok,13034.0,ok,7675.0,ok,15346.0,ok,35004.0,ok
2019,14,神奈川,24,金属製品製造業,168.0,ok,157365.0,ok,22859.0,ok,17530.0,ok,60769.0,ok,95092.0,ok
2019,14,神奈川,25,はん用機械器具製造業,96.0,ok,236291.0,ok,47254.0,ok,25193.0,ok,45837.0,ok,185539.0,ok
2019,14,神奈川,26,生産用機械器具製造業,186.0,ok,272475.0,ok,43376.0,ok,27276.0,ok,96230.0,ok,175254.0,ok
2019,14,神奈川,27,業務用機械器具製造業,85.0,ok,115312.0,ok,21784.0,ok,18045.0,ok,34367.0,ok,80613.0,ok
2019,14,神奈川,28,電子部品・デバイス・電子回路製造業,93.0,ok,143225.0,ok,30893.0,ok,18803.0,ok,53821.0,ok,86326.0,ok
2019,14,神奈川,29,電気機械器具製造業,140.0,ok,177104.0,ok,40282.0,ok,29519.0,ok,56303.0,ok,109675.0,ok
2019,14,神奈川,30,情報通信機械器具製造業,56.0,ok,108959.0,ok,38164.0,ok,20630.0,ok,14943.0,ok,95128.0,ok
2019,14,神奈川,31,輸送用機械器具製造業,188.0,ok,800547.0,ok,93931.0,ok,72535.0,ok,299456.0,ok,504246.0,ok
2019,14,神奈川,32,その他の製造業,39.0,ok,30846.0,ok,2651.0,ok,2223.0,ok,8098.0,ok,21652.0,ok
2019,15,新潟,09,食料品製造業,199.0,ok,227213.0,ok,31782.0,ok,24401.0,ok,41773.0,ok,180434.0,ok
2019,15,新潟,10,飲料・たばこ・飼料製造業,21.0,ok,31527.0,ok,2289.0,ok,2773.0,ok,5469.0,ok,26877.0,ok
2019,15,新潟,11,繊維工業,72.0,ok,19917.0,ok,1353.0,ok,1191.0,ok,8961.0,ok,11102.0,ok
2019,15,新潟,12,木材・木製品製造業（家具を除く）,9.0,ok,5997.0,ok,501.0,ok,505.0,ok,3246.0,ok,2814.0,ok
2019,15,新潟,13,家具・装備品製造業,21.0,ok,7787.0,ok,1003.0,ok,579.0,ok,2851.0,ok,4546.0,ok
2019,15,新潟,14,パルプ・紙・紙加工品製造業,30.0,ok,79368.0,ok,6886.0,ok,12798.0,ok,15194.0,ok,70238.0,ok
2019,15,新潟,15,印刷・同関連業,49.0,ok,25300.0,ok,3758.0,ok,2475.0,ok,8110.0,ok,14868.0,ok
2019,15,新潟,16,化学工業,29.0,ok,255593.0,ok,73157.0,ok,38381.0,ok,17091.0,ok,206796.0,ok
2019,15,新潟,17,石油製品・石炭製品製造業,2.0,ok,,suppressed,,suppressed,,suppressed,,suppressed,,suppressed
2019,15,新潟,18,プラスチック製品製造業（別掲を除く）,64.0,ok,48491.0,ok,7745.0,ok,6077.0,ok,12559.0,ok,34610.0,ok
2019,15,新潟,19,ゴム製品製造業,7.0,ok,3725.0,ok,163.0,ok,388.0,ok,1360.0,ok,2576.0,ok
2019,15,新潟,20,なめし革・同製品・毛皮製造業,2.0,ok,,suppressed,,suppressed,,suppressed,,suppressed,,suppressed
2019,15,新潟,21,窯業・土石製品製造業,28.0,ok,27633.0,ok,3617.0,ok,3045.0,ok,6266.0,ok,21570.0,ok
2019,15,新潟,22,鉄鋼業,49.0,ok,71563.0,ok,10175.0,ok,7287.0,ok,24605.0,ok,45780.0,ok
2019,15,新潟,23,非鉄金属製造業,17.0,ok,22346.0,ok,5318.0,ok,3143.0,ok,2201.0,ok,19959.0,ok
2019,15,新潟,24,金属製品製造業,193.0,ok,134303.0,ok,19834.0,ok,12379.0,ok,48236.0,ok,78842.0,ok
2019,15,新潟,25,はん用機械器具製造業,58.0,ok,69012.0,ok,7649.0,ok,7206.0,ok,13472.0,ok,56232.0,ok
2019,15,新潟,26,生産用機械器具製造業,145.0,ok,99027.0,ok,13482.0,ok,10955.0,ok,29173.0,ok,67877.0,ok
2019,15,新潟,27,業務用機械器具製造業,25.0,ok,25263.0,ok,6493.0,ok,2069.0,ok,5412.0,ok,15438.0,ok
2019,15,新潟,28,電子部品・デバイス・電子回路製造業,85.0,ok,164088.0,ok,44536.0,ok,27654.0,ok,24102.0,ok,139425.0,ok
2019,15,新潟,29,電気機械器具製造業,81.0,ok,92998.0,ok,18361.0,ok,8416.0,ok,19062.0,ok,66951.0,ok
2019,15,新潟,30,情報通信機械器具製造業,13.0,ok,9911.0,ok,1113.0,ok,1717.0,ok,2488.0,ok,8030.0,ok
2019,15,新潟,31,輸送用機械器具製造業,73.0,ok,74444.0,ok,14305.0,ok,9096.0,ok,19003.0,ok,53194.0,ok
2019,15,新潟,32,その他の製造業,12.0,ok,8771.0,ok,2225.0,ok,891.0,ok,2350.0,ok,5604.0,ok
2019,16,富山,09,食料品製造業,69.0,ok,40081.0,ok,6142.0,ok,3922.0,ok,10598.0,ok,25341.0,ok
2019,16,富山,10,飲料・たばこ・飼料製造業,10.0,ok,13897.0,ok,1240.0,ok,1387.0,ok,2032.0,ok,12114.0,ok
2019,16,富山,11,繊維工業,45.0,ok,23527.0,ok,2008.0,ok,1704.0,ok,12523.0,ok,10993.0,ok
2019,16,富山,12,木材・木製品製造業（家具を除く）,13.0,ok,8541.0,ok,631.0,ok,725.0,ok,3035.0,ok,5607.0,ok
2019,16,富山,13,家具・装備品製造業,13.0,ok,9203.0,ok,725.0,ok,876.0,ok,3489.0,ok,5944.0,ok
2019,16,富山,14,パルプ・紙・紙加工品製造業,26.0,ok,62373.0,ok,9394.0,ok,6541.0,ok,15240.0,ok,45739.0,ok
2019,16,富山,15,印刷・同関連業,17.0,ok,12849.0,ok,1319.0,ok,1325.0,ok,3520.0,ok,9999.0,ok
2019,16,富山,16,化学工業,80.0,ok,341364.0,ok,54911.0,ok,40044.0,ok,54624.0,ok,291795.0,ok
2019,16,富山,17,石油製品・石炭製品製造業,,absent_from_source,,absent_from_source,,absent_from_source,,absent_from_source,,absent_from_source,,absent_from_source
2019,16,富山,18,プラスチック製品製造業（別掲を除く）,68.0,ok,52799.0,ok,10582.0,ok,6873.0,ok,11289.0,ok,39803.0,ok
2019,16,富山,19,ゴム製品製造業,6.0,ok,3244.0,ok,435.0,ok,369.0,ok,1224.0,ok,2012.0,ok
2019,16,富山,20,なめし革・同製品・毛皮製造業,2.0,ok,,suppressed,,suppressed,,suppressed,,suppressed,,suppressed
2019,16,富山,21,窯業・土石製品製造業,25.0,ok,23747.0,ok,2685.0,ok,1881.0,ok,8073.0,ok,15267.0,ok
2019,16,富山,22,鉄鋼業,24.0,ok,74158.0,ok,12047.0,ok,6736.0,ok,21984.0,ok,48075.0,ok
2019,16,富山,23,非鉄金属製造業,26.0,ok,64189.0,ok,9267.0,ok,13257.0,ok,11851.0,ok,57527.0,ok
2019,16,富山,24,金属製品製造業,127.0,ok,108845.0,ok,14562.0,ok,13902.0,ok,29709.0,ok,79231.0,ok
2019,16,富山,25,はん用機械器具製造業,26.0,ok,24506.0,ok,6593.0,ok,3264.0,ok,3558.0,ok,19163.0,ok
2019,16,富山,26,生産用機械器具製造業,101.0,ok,114766.0,ok,20237.0,ok,14110.0,ok,20206.0,ok,89337.0,ok
2019,16,富山,27,業務用機械器具製造業,6.0,ok,1835.0,ok,314.0,ok,373.0,ok,522.0,ok,1347.0,ok
2019,16,富山,28,電子部品・デバイス・電子回路製造業,45.0,ok,103613.0,ok,20616.0,ok,14130.0,ok,9280.0,ok,96588.0,ok
2019,16,富山,29,電気機械器具製造業,21.0,ok,8808.0,ok,1119.0,ok,1006.0,ok,2977.0,ok,5421.0,ok
2019,16,富山,30,情報通信機械器具製造業,5.0,ok,,suppressed,,suppressed,,suppressed,,suppressed,,suppressed
2019,16,富山,31,輸送用機械器具製造業,30.0,ok,58100.0,ok,16840.0,ok,8840.0,ok,10037.0,ok,40432.0,ok
2019,16,富山,32,その他の製造業,12.0,ok,88573.0,ok,11632.0,ok,10788.0,ok,14326.0,ok,73569.0,ok
2019,17,石川,09,食料品製造業,93.0,ok,50248.0,ok,6848.0,ok,4692.0,ok,15460.0,ok,35698.0,ok
2019,17,石川,10,飲料・たばこ・飼料製造業,4.0,ok,,suppressed,,suppressed,,suppressed,,suppressed,,suppressed
2019,17,石川,11,繊維工業,72.0,ok,44661.0,ok,5751.0,ok,5391.0,ok,13484.0,ok,31445.0,ok
2019,17,石川,12,木材・木製品製造業（家具を除く）,6.0,ok,8920.0,ok,1035.0,ok,702.0,ok,2616.0,ok,6436.0,ok
2019,17,石川,13,家具・装備品製造業,8.0,ok,32886.0,ok,2249.0,ok,1728.0,ok,8368.0,ok,24377.0,ok
2019,17,石川,14,パルプ・紙・紙加工品製造業,11.0,ok,6428.0,ok,584.0,ok,673.0,ok,2304.0,ok,4352.0,ok
2019,17,石川,15,印刷・同関連業,28.0,ok,23177.0,ok,2921.0,ok,2469.0,ok,5964.0,ok,16896.0,ok
2019,17,石川,16,化学工業,13.0,ok,47056.0,ok,12951.0,ok,6458.0,ok,7098.0,ok,34728.0,ok
2019,17,石川,17,石油製品・石炭製品製造業,1.0,ok,,suppressed,,suppressed,,suppressed,,suppressed,,suppressed
2019,17,石川,18,プラスチック製品製造業（別掲を除く）,22.0,ok,12622.0,ok,2045.0,ok,1553.0,ok,4620.0,ok,7718.0,ok
2019,17,石川,19,ゴム製品製造業,3.0,ok,1163.0,ok,50.0,ok,126.0,ok,544.0,ok,698.0,ok
2019,17,石川,20,なめし革・同製品・毛皮製造業,,absent_from_source,,absent_from_source,,absent_from_source,,absent_from_source,,absent_from_source,,absent_from_source
2019,17,石川,21,窯業・土石製品製造業,12.0,ok,22205.0,ok,4233.0,ok,2049.0,ok,6440.0,ok,13634.0,ok
2019,17,石川,22,鉄鋼業,15.0,ok,16419.0,ok,3372.0,ok,1432.0,ok,5617.0,ok,8799.0,ok
2019,17,石川,23,非鉄金属製造業,4.0,ok,5942.0,ok,707.0,ok,807.0,ok,2149.0,ok,3877.0,ok
2019,17,石川,24,金属製品製造業,57.0,ok,56615.0,ok,6357.0,ok,5103.0,ok,19106.0,ok,36613.0,ok
2019,17,石川,25,はん用機械器具製造業,34.0,ok,33884.0,ok,5724.0,ok,3705.0,ok,7388.0,ok,26114.0,ok
2019,17,石川,26,生産用機械器具製造業,120.0,ok,168077.0,ok,22798.0,ok,16832.0,ok,49785.0,ok,116494.0,ok
2019,17,石川,27,業務用機械器具製造業,8.0,ok,10082.0,ok,1669.0,ok,1149.0,ok,2909.0,ok,6920.0,ok
2019,17,石川,28,電子部品・デバイス・電子回路製造業,30.0,ok,233742.0,ok,45860.0,ok,48432.0,ok,16867.0,ok,325051.0,ok
2019,17,石川,29,電気機械器具製造業,44.0,ok,24690.0,ok,3165.0,ok,2168.0,ok,7986.0,ok,15992.0,ok
2019,17,石川,30,情報通信機械器具製造業,10.0,ok,21453.0,ok,5165.0,ok,2051.0,ok,6255.0,ok,11731.0,ok
2019,17,石川,31,輸送用機械器具製造業,27.0,ok,32317.0,ok,7432.0,ok,3447.0,ok,11453.0,ok,17244.0,ok
2019,17,石川,32,その他の製造業,10.0,ok,8975.0,ok,952.0,ok,1219.0,ok,1173.0,ok,8097.0,ok
2019,18,福井,09,食料品製造業,30.0,ok,14682.0,ok,2560.0,ok,1308.0,ok,3623.0,ok,10941.0,ok
2019,18,福井,10,飲料・たばこ・飼料製造業,,absent_from_source,,absent_from_source,,absent_from_source,,absent_from_source,,absent_from_source,,absent_from_source
2019,18,福井,11,繊維工業,110.0,ok,78738.0,ok,7878.0,ok,6536.0,ok,36821.0,ok,42300.0,ok
2019,18,福井,12,木材・木製品製造業（家具を除く）,12.0,ok,18452.0,ok,1291.0,ok,833.0,ok,2295.0,ok,15686.0,ok
2019,18,福井,13,家具・装備品製造業,8.0,ok,3256.0,ok,492.0,ok,336.0,ok,1164.0,ok,1938.0,ok
2019,18,福井,14,パルプ・紙・紙加工品製造業,14.0,ok,25443.0,ok,2212.0,ok,3629.0,ok,4611.0,ok,22498.0,ok
2019,18,福井,15,印刷・同関連業,14.0,ok,8432.0,ok,638.0,ok,855.0,ok,3171.0,ok,5490.0,ok
2019,18,福井,16,化学工業,32.0,ok,119748.0,ok,33788.0,ok,14181.0,ok,30058.0,ok,82047.0,ok
2019,18,福井,17,石油製品・石炭製品製造業,,absent_from_source,,absent_from_source,,absent_from_source,,absent_from_source,,absent_from_source,,absent_from_source
2019,18,福井,18,プラスチック製品製造業（別掲を除く）,38.0,ok,50081.0,ok,10237.0,ok,6879.0,ok,8981.0,ok,40820.0,ok
2019,18,福井,19,ゴム製品製造業,2.0,ok,,suppressed,,suppressed,,suppressed,,suppressed,,suppressed
2019,18,福井,20,なめし革・同製品・毛皮製造業,1.0,ok,,suppressed,,absent_from_source,,absent_from_source,,suppressed,,suppressed
2019,18,福井,21,窯業・土石製品製造業,12.0,ok,14950.0,ok,3594.0,ok,1900.0,ok,3957.0,ok,9535.0,ok
2019,18,福井,22,鉄鋼業,2.0,ok,,suppressed,,suppressed,,suppressed,,suppressed,,suppressed
2019,18,福井,23,非鉄金属製造業,8.0,ok,37218.0,ok,14379.0,ok,6538.0,ok,15153.0,ok,19811.0,ok
2019,18,福井,24,金属製品製造業,32.0,ok,21918.0,ok,3554.0,ok,2738.0,ok,7336.0,ok,13946.0,ok
2019,18,福井,25,はん用機械器具製造業,6.0,ok,3140.0,ok,535.0,ok,339.0,ok,657.0,ok,2305.0,ok
2019,18,福井,26,生産用機械器具製造業,30.0,ok,20708.0,ok,3542.0,ok,1607.0,ok,6064.0,ok,12744.0,ok
2019,18,福井,27,業務用機械器具製造業,5.0,ok,4456.0,ok,657.0,ok,246.0,ok,1372.0,ok,2691.0,ok
2019,18,福井,28,電子部品・デバイス・電子回路製造業,27.0,ok,127206.0,ok,55962.0,ok,22027.0,ok,8228.0,ok,93935.0,ok
2019,18,福井,29,電気機械器具製造業,21.0,ok,35575.0,ok,14526.0,ok,6754.0,ok,6279.0,ok,24883.0,ok
2019,18,福井,30,情報通信機械器具製造業,2.0,ok,,suppressed,,suppressed,,suppressed,,suppressed,,suppressed
2019,18,福井,31,輸送用機械器具製造業,6.0,ok,50621.0,ok,9943.0,ok,9487.0,ok,6923.0,ok,44046.0,ok
2019,18,福井,32,その他の製造業,41.0,ok,12817.0,ok,1833.0,ok,1487.0,ok,5286.0,ok,7380.0,ok
2019,19,山梨,09,食料品製造業,57.0,ok,51394.0,ok,6590.0,ok,4496.0,ok,13308.0,ok,36381.0,ok
2019,19,山梨,10,飲料・たばこ・飼料製造業,28.0,ok,60166.0,ok,16616.0,ok,7446.0,ok,8637.0,ok,48927.0,ok
2019,19,山梨,11,繊維工業,9.0,ok,7925.0,ok,1393.0,ok,919.0,ok,1014.0,ok,6381.0,ok
2019,19,山梨,12,木材・木製品製造業（家具を除く）,3.0,ok,5890.0,ok,3867.0,ok,921.0,ok,298.0,ok,502.0,ok
2019,19,山梨,13,家具・装備品製造業,7.0,ok,1567.0,ok,68.0,ok,110.0,ok,777.0,ok,836.0,ok
2019,19,山梨,14,パルプ・紙・紙加工品製造業,7.0,ok,7035.0,ok,1056.0,ok,665.0,ok,2700.0,ok,3563.0,ok
2019,19,山梨,15,印刷・同関連業,2.0,ok,,suppressed,,suppressed,,suppressed,,suppressed,,suppressed
2019,19,山梨,16,化学工業,11.0,ok,14938.0,ok,3869.0,ok,2040.0,ok,2033.0,ok,11268.0,ok
2019,19,山梨,17,石油製品・石炭製品製造業,,absent_from_source,,absent_from_source,,absent_from_source,,absent_from_source,,absent_from_source,,absent_from_source
2019,19,山梨,18,プラスチック製品製造業（別掲を除く）,39.0,ok,26246.0,ok,5487.0,ok,3471.0,ok,6864.0,ok,17468.0,ok
2019,19,山梨,19,ゴム製品製造業,3.0,ok,3650.0,ok,320.0,ok,161.0,ok,948.0,ok,2592.0,ok
2019,19,山梨,20,なめし革・同製品・毛皮製造業,2.0,ok,,suppressed,,suppressed,,suppressed,,suppressed,,suppressed
2019,19,山梨,21,窯業・土石製品製造業,5.0,ok,5035.0,ok,1372.0,ok,1046.0,ok,964.0,ok,3972.0,ok
2019,19,山梨,22,鉄鋼業,5.0,ok,3663.0,ok,513.0,ok,248.0,ok,1151.0,ok,2278.0,ok
2019,19,山梨,23,非鉄金属製造業,10.0,ok,24497.0,ok,14270.0,ok,2325.0,ok,3352.0,ok,12294.0,ok
2019,19,山梨,24,金属製品製造業,33.0,ok,25324.0,ok,2562.0,ok,2156.0,ok,11696.0,ok,13520.0,ok
2019,19,山梨,25,はん用機械器具製造業,14.0,ok,28481.0,ok,3784.0,ok,2773.0,ok,9330.0,ok,19075.0,ok
2019,19,山梨,26,生産用機械器具製造業,60.0,ok,399577.0,ok,78554.0,ok,26612.0,ok,118527.0,ok,243590.0,ok
2019,19,山梨,27,業務用機械器具製造業,15.0,ok,36568.0,ok,6228.0,ok,4635.0,ok,8672.0,ok,27961.0,ok
2019,19,山梨,28,電子部品・デバイス・電子回路製造業,43.0,ok,73643.0,ok,17143.0,ok,13635.0,ok,10073.0,ok,62858.0,ok
2019,19,山梨,29,電気機械器具製造業,27.0,ok,17946.0,ok,3682.0,ok,1880.0,ok,7780.0,ok,10378.0,ok
2019,19,山梨,30,情報通信機械器具製造業,14.0,ok,12826.0,ok,1916.0,ok,1639.0,ok,3674.0,ok,9098.0,ok
2019,19,山梨,31,輸送用機械器具製造業,20.0,ok,18157.0,ok,2022.0,ok,2423.0,ok,2989.0,ok,15497.0,ok
2019,19,山梨,32,その他の製造業,23.0,ok,11371.0,ok,3922.0,ok,819.0,ok,3702.0,ok,5002.0,ok
2019,20,長野,09,食料品製造業,169.0,ok,153121.0,ok,22286.0,ok,14228.0,ok,30935.0,ok,115453.0,ok
2019,20,長野,10,飲料・たばこ・飼料製造業,22.0,ok,40649.0,ok,4289.0,ok,3584.0,ok,12301.0,ok,27748.0,ok
2019,20,長野,11,繊維工業,16.0,ok,4353.0,ok,222.0,ok,337.0,ok,1918.0,ok,2497.0,ok
2019,20,長野,12,木材・木製品製造業（家具を除く）,7.0,ok,4022.0,ok,438.0,ok,448.0,ok,1054.0,ok,3693.0,ok
2019,20,長野,13,家具・装備品製造業,6.0,ok,6177.0,ok,630.0,ok,812.0,ok,1553.0,ok,4806.0,ok
2019,20,長野,14,パルプ・紙・紙加工品製造業,20.0,ok,18319.0,ok,2258.0,ok,1854.0,ok,3000.0,ok,15241.0,ok
2019,20,長野,15,印刷・同関連業,40.0,ok,19921.0,ok,2177.0,ok,2038.0,ok,6649.0,ok,13245.0,ok
2019,20,長野,16,化学工業,18.0,ok,37512.0,ok,3614.0,ok,2325.0,ok,9279.0,ok,28072.0,ok
2019,20,長野,17,石油製品・石炭製品製造業,1.0,ok,,suppressed,,suppressed,,suppressed,,suppressed,,suppressed
2019,20,長野,18,プラスチック製品製造業（別掲を除く）,85.0,ok,55292.0,ok,11134.0,ok,6239.0,ok,16733.0,ok,36110.0,ok
2019,20,長野,19,ゴム製品製造業,9.0,ok,5388.0,ok,1040.0,ok,441.0,ok,1925.0,ok,2868.0,ok
2019,20,長野,20,なめし革・同製品・毛皮製造業,4.0,ok,,suppressed,,suppressed,,suppressed,,suppressed,,suppressed
2019,20,長野,21,窯業・土石製品製造業,19.0,ok,59010.0,ok,4434.0,ok,3368.0,ok,27833.0,ok,31945.0,ok
2019,20,長野,22,鉄鋼業,6.0,ok,14229.0,ok,7552.0,ok,3815.0,ok,2515.0,ok,7051.0,ok
2019,20,長野,23,非鉄金属製造業,26.0,ok,25887.0,ok,6139.0,ok,2753.0,ok,5627.0,ok,15189.0,ok
2019,20,長野,24,金属製品製造業,118.0,ok,91178.0,ok,21271.0,ok,11608.0,ok,23655.0,ok,58815.0,ok
2019,20,長野,25,はん用機械器具製造業,69.0,ok,142023.0,ok,39836.0,ok,15954.0,ok,34295.0,ok,87048.0,ok
2019,20,長野,26,生産用機械器具製造業,177.0,ok,157210.0,ok,33750.0,ok,14092.0,ok,44466.0,ok,103233.0,ok
2019,20,長野,27,業務用機械器具製造業,76.0,ok,49446.0,ok,6821.0,ok,5660.0,ok,16795.0,ok,32000.0,ok
2019,20,長野,28,電子部品・デバイス・電子回路製造業,150.0,ok,281156.0,ok,81143.0,ok,48568.0,ok,37883.0,ok,219345.0,ok
2019,20,長野,29,電気機械器具製造業,93.0,ok,83640.0,ok,8510.0,ok,9088.0,ok,24446.0,ok,58980.0,ok
2019,20,長野,30,情報通信機械器具製造業,38.0,ok,143588.0,ok,26412.0,ok,17209.0,ok,19279.0,ok,102715.0,ok
2019,20,長野,31,輸送用機械器具製造業,95.0,ok,109205.0,ok,24255.0,ok,17096.0,ok,21769.0,ok,82378.0,ok
2019,20,長野,32,その他の製造業,39.0,ok,34379.0,ok,6034.0,ok,4852.0,ok,6977.0,ok,27386.0,ok
2019,21,岐阜,09,食料品製造業,131.0,ok,77094.0,ok,10720.0,ok,8054.0,ok,17873.0,ok,57969.0,ok
2019,21,岐阜,10,飲料・たばこ・飼料製造業,13.0,ok,21245.0,ok,1852.0,ok,2731.0,ok,3543.0,ok,18855.0,ok
2019,21,岐阜,11,繊維工業,44.0,ok,23325.0,ok,2222.0,ok,2444.0,ok,9899.0,ok,14897.0,ok
2019,21,岐阜,12,木材・木製品製造業（家具を除く）,21.0,ok,10500.0,ok,957.0,ok,890.0,ok,5271.0,ok,5241.0,ok
2019,21,岐阜,13,家具・装備品製造業,39.0,ok,25346.0,ok,1153.0,ok,1694.0,ok,12456.0,ok,13737.0,ok
2019,21,岐阜,14,パルプ・紙・紙加工品製造業,51.0,ok,75943.0,ok,11001.0,ok,7338.0,ok,25046.0,ok,49474.0,ok
2019,21,岐阜,15,印刷・同関連業,40.0,ok,23108.0,ok,2676.0,ok,2960.0,ok,8951.0,ok,14889.0,ok
2019,21,岐阜,16,化学工業,49.0,ok,108539.0,ok,24084.0,ok,12816.0,ok,23334.0,ok,79435.0,ok
2019,21,岐阜,17,石油製品・石炭製品製造業,,absent_from_source,,absent_from_source,,absent_from_source,,absent_from_source,,absent_from_source,,absent_from_source
2019,21,岐阜,18,プラスチック製品製造業（別掲を除く）,136.0,ok,180184.0,ok,31287.0,ok,24197.0,ok,44088.0,ok,129864.0,ok
2019,21,岐阜,19,ゴム製品製造業,24.0,ok,8503.0,ok,1468.0,ok,1033.0,ok,2680.0,ok,5479.0,ok
2019,21,岐阜,20,なめし革・同製品・毛皮製造業,,absent_from_source,,absent_from_source,,absent_from_source,,absent_from_source,,absent_from_source,,absent_from_source
2019,21,岐阜,21,窯業・土石製品製造業,127.0,ok,97073.0,ok,15172.0,ok,11530.0,ok,38533.0,ok,59495.0,ok
2019,21,岐阜,22,鉄鋼業,32.0,ok,56497.0,ok,7727.0,ok,9127.0,ok,13406.0,ok,44706.0,ok
2019,21,岐阜,23,非鉄金属製造業,23.0,ok,63603.0,ok,10772.0,ok,6401.0,ok,9968.0,ok,38555.0,ok
2019,21,岐阜,24,金属製品製造業,152.0,ok,122431.0,ok,28979.0,ok,14897.0,ok,32668.0,ok,75809.0,ok
2019,21,岐阜,25,はん用機械器具製造業,62.0,ok,104439.0,ok,20623.0,ok,9971.0,ok,31765.0,ok,70378.0,ok
2019,21,岐阜,26,生産用機械器具製造業,122.0,ok,118683.0,ok,24716.0,ok,11349.0,ok,36830.0,ok,65945.0,ok
2019,21,岐阜,27,業務用機械器具製造業,14.0,ok,12412.0,ok,2759.0,ok,1427.0,ok,1780.0,ok,9380.0,ok
2019,21,岐阜,28,電子部品・デバイス・電子回路製造業,29.0,ok,45079.0,ok,36491.0,ok,9796.0,ok,13675.0,ok,33227.0,ok
2019,21,岐阜,29,電気機械器具製造業,79.0,ok,59302.0,ok,13902.0,ok,8329.0,ok,14541.0,ok,41093.0,ok
2019,21,岐阜,30,情報通信機械器具製造業,6.0,ok,8536.0,ok,2161.0,ok,1047.0,ok,2309.0,ok,5245.0,ok
2019,21,岐阜,31,輸送用機械器具製造業,147.0,ok,376173.0,ok,80725.0,ok,48426.0,ok,56428.0,ok,288124.0,ok
2019,21,岐阜,32,その他の製造業,17.0,ok,20495.0,ok,7518.0,ok,1953.0,ok,4266.0,ok,13162.0,ok
2019,22,静岡,09,食料品製造業,310.0,ok,324181.0,ok,43584.0,ok,33178.0,ok,89540.0,ok,229108.0,ok
2019,22,静岡,10,飲料・たばこ・飼料製造業,61.0,ok,163822.0,ok,17272.0,ok,21018.0,ok,33891.0,ok,133977.0,ok
2019,22,静岡,11,繊維工業,37.0,ok,40008.0,ok,7846.0,ok,4640.0,ok,9143.0,ok,25309.0,ok
2019,22,静岡,12,木材・木製品製造業（家具を除く）,22.0,ok,25926.0,ok,2138.0,ok,3090.0,ok,12048.0,ok,15163.0,ok
2019,22,静岡,13,家具・装備品製造業,28.0,ok,23254.0,ok,2489.0,ok,1394.0,ok,9840.0,ok,12737.0,ok
2019,22,静岡,14,パルプ・紙・紙加工品製造業,170.0,ok,404546.0,ok,42251.0,ok,35558.0,ok,140468.0,ok,260355.0,ok
2019,22,静岡,15,印刷・同関連業,54.0,ok,51535.0,ok,5970.0,ok,4900.0,ok,23178.0,ok,28109.0,ok
2019,22,静岡,16,化学工業,110.0,ok,478224.0,ok,81545.0,ok,52593.0,ok,73648.0,ok,388322.0,ok
2019,22,静岡,17,石油製品・石炭製品製造業,4.0,ok,4969.0,ok,197.0,ok,215.0,ok,3110.0,ok,1877.0,ok
2019,22,静岡,18,プラスチック製品製造業（別掲を除く）,218.0,ok,227991.0,ok,41399.0,ok,28523.0,ok,64263.0,ok,158320.0,ok
2019,22,静岡,19,ゴム製品製造業,29.0,ok,47992.0,ok,7496.0,ok,5645.0,ok,10025.0,ok,37004.0,ok
2019,22,静岡,20,なめし革・同製品・毛皮製造業,3.0,ok,512.0,ok,4.0,ok,23.0,ok,390.0,ok,144.0,ok
2019,22,静岡,21,窯業・土石製品製造業,27.0,ok,54612.0,ok,4399.0,ok,5694.0,ok,11017.0,ok,57500.0,ok
2019,22,静岡,22,鉄鋼業,37.0,ok,46437.0,ok,4029.0,ok,2752.0,ok,23249.0,ok,22122.0,ok
2019,22,静岡,23,非鉄金属製造業,35.0,ok,110774.0,ok,34591.0,ok,14225.0,ok,21429.0,ok,75029.0,ok
2019,22,静岡,24,金属製品製造業,188.0,ok,144525.0,ok,14706.0,ok,13239.0,ok,54225.0,ok,91513.0,ok
2019,22,静岡,25,はん用機械器具製造業,62.0,ok,68687.0,ok,18524.0,ok,7563.0,ok,22525.0,ok,42265.0,ok
2019,22,静岡,26,生産用機械器具製造業,197.0,ok,179982.0,ok,24879.0,ok,16075.0,ok,65254.0,ok,108986.0,ok
2019,22,静岡,27,業務用機械器具製造業,47.0,ok,63911.0,ok,13059.0,ok,8950.0,ok,13150.0,ok,50489.0,ok
2019,22,静岡,28,電子部品・デバイス・電子回路製造業,63.0,ok,106786.0,ok,28688.0,ok,17198.0,ok,22078.0,ok,81450.0,ok
2019,22,静岡,29,電気機械器具製造業,184.0,ok,305433.0,ok,98582.0,ok,58941.0,ok,55414.0,ok,230361.0,ok
2019,22,静岡,30,情報通信機械器具製造業,14.0,ok,31529.0,ok,6957.0,ok,4634.0,ok,8961.0,ok,20166.0,ok
2019,22,静岡,31,輸送用機械器具製造業,397.0,ok,858549.0,ok,178294.0,ok,141621.0,ok,230602.0,ok,621209.0,ok
2019,22,静岡,32,その他の製造業,53.0,ok,42861.0,ok,7655.0,ok,4950.0,ok,15414.0,ok,25299.0,ok
2019,23,愛知,09,食料品製造業,405.0,ok,407770.0,ok,47669.0,ok,38083.0,ok,102003.0,ok,301609.0,ok
2019,23,愛知,10,飲料・たばこ・飼料製造業,31.0,ok,98567.0,ok,15379.0,ok,9229.0,ok,24414.0,ok,71420.0,ok
2019,23,愛知,11,繊維工業,102.0,ok,101919.0,ok,11415.0,ok,10011.0,ok,35818.0,ok,65572.0,ok
2019,23,愛知,12,木材・木製品製造業（家具を除く）,33.0,ok,30119.0,ok,3853.0,ok,2003.0,ok,14850.0,ok,14575.0,ok
2019,23,愛知,13,家具・装備品製造業,37.0,ok,41454.0,ok,3839.0,ok,3053.0,ok,25325.0,ok,15738.0,ok
2019,23,愛知,14,パルプ・紙・紙加工品製造業,100.0,ok,118243.0,ok,10776.0,ok,12721.0,ok,37932.0,ok,83868.0,ok
2019,23,愛知,15,印刷・同関連業,110.0,ok,62048.0,ok,5179.0,ok,5035.0,ok,24284.0,ok,38827.0,ok
2019,23,愛知,16,化学工業,97.0,ok,416549.0,ok,66324.0,ok,35032.0,ok,130436.0,ok,268433.0,ok
2019,23,愛知,17,石油製品・石炭製品製造業,6.0,ok,107561.0,ok,4741.0,ok,5902.0,ok,65793.0,ok,38580.0,ok
2019,23,愛知,18,プラスチック製品製造業（別掲を除く）,412.0,ok,398956.0,ok,90157.0,ok,54451.0,ok,105602.0,ok,273055.0,ok
2019,23,愛知,19,ゴム製品製造業,52.0,ok,112267.0,ok,23726.0,ok,15514.0,ok,23554.0,ok,84472.0,ok
2019,23,愛知,20,なめし革・同製品・毛皮製造業,8.0,ok,3916.0,ok,598.0,ok,244.0,ok,1945.0,ok,1629.0,ok
2019,23,愛知,21,窯業・土石製品製造業,143.0,ok,264631.0,ok,46156.0,ok,28973.0,ok,80565.0,ok,173423.0,ok
2019,23,愛知,22,鉄鋼業,133.0,ok,684182.0,ok,139838.0,ok,100184.0,ok,133371.0,ok,656780.0,ok
2019,23,愛知,23,非鉄金属製造業,53.0,ok,155593.0,ok,20037.0,ok,12811.0,ok,83687.0,ok,68490.0,ok
2019,23,愛知,24,金属製品製造業,413.0,ok,365098.0,ok,65990.0,ok,41184.0,ok,124583.0,ok,218580.0,ok
2019,23,愛知,25,はん用機械器具製造業,125.0,ok,278502.0,ok,44021.0,ok,31734.0,ok,106989.0,ok,164554.0,ok
2019,23,愛知,26,生産用機械器具製造業,409.0,ok,453773.0,ok,92310.0,ok,47787.0,ok,145116.0,ok,310080.0,ok
2019,23,愛知,27,業務用機械器具製造業,79.0,ok,153947.0,ok,30540.0,ok,17599.0,ok,48958.0,ok,101846.0,ok
2019,23,愛知,28,電子部品・デバイス・電子回路製造業,44.0,ok,64815.0,ok,11021.0,ok,9870.0,ok,15627.0,ok,49134.0,ok
2019,23,愛知,29,電気機械器具製造業,193.0,ok,531270.0,ok,125725.0,ok,91449.0,ok,102220.0,ok,405598.0,ok
2019,23,愛知,30,情報通信機械器具製造業,21.0,ok,25721.0,ok,4623.0,ok,4405.0,ok,8563.0,ok,17411.0,ok
2019,23,愛知,31,輸送用機械器具製造業,737.0,ok,3444229.0,ok,923851.0,ok,672488.0,ok,644836.0,ok,2671164.0,ok
2019,23,愛知,32,その他の製造業,53.0,ok,76959.0,ok,12548.0,ok,4917.0,ok,22021.0,ok,49161.0,ok
2019,24,三重,09,食料品製造業,122.0,ok,129975.0,ok,23436.0,ok,10853.0,ok,31456.0,ok,86162.0,ok
2019,24,三重,10,飲料・たばこ・飼料製造業,12.0,ok,10943.0,ok,1012.0,ok,1257.0,ok,4033.0,ok,7192.0,ok
2019,24,三重,11,繊維工業,24.0,ok,14554.0,ok,2076.0,ok,751.0,ok,9021.0,ok,5141.0,ok
2019,24,三重,12,木材・木製品製造業（家具を除く）,11.0,ok,15250.0,ok,1321.0,ok,1681.0,ok,5273.0,ok,10664.0,ok
2019,24,三重,13,家具・装備品製造業,15.0,ok,8706.0,ok,1239.0,ok,1139.0,ok,2481.0,ok,6197.0,ok
2019,24,三重,14,パルプ・紙・紙加工品製造業,19.0,ok,24324.0,ok,3115.0,ok,2886.0,ok,4044.0,ok,20042.0,ok
2019,24,三重,15,印刷・同関連業,14.0,ok,6854.0,ok,392.0,ok,662.0,ok,2852.0,ok,4371.0,ok
2019,24,三重,16,化学工業,65.0,ok,403112.0,ok,84211.0,ok,43459.0,ok,88389.0,ok,286635.0,ok
2019,24,三重,17,石油製品・石炭製品製造業,5.0,ok,123885.0,ok,15998.0,ok,11434.0,ok,20609.0,ok,102183.0,ok
2019,24,三重,18,プラスチック製品製造業（別掲を除く）,93.0,ok,143403.0,ok,40196.0,ok,18984.0,ok,20546.0,ok,103903.0,ok
2019,24,三重,19,ゴム製品製造業,33.0,ok,56721.0,ok,11167.0,ok,9764.0,ok,14259.0,ok,43055.0,ok
2019,24,三重,20,なめし革・同製品・毛皮製造業,,absent_from_source,,absent_from_source,,absent_from_source,,absent_from_source,,absent_from_source,,absent_from_source
2019,24,三重,21,窯業・土石製品製造業,46.0,ok,84309.0,ok,13954.0,ok,9716.0,ok,24539.0,ok,62959.0,ok
2019,24,三重,22,鉄鋼業,21.0,ok,29872.0,ok,2584.0,ok,2176.0,ok,9507.0,ok,17623.0,ok
2019,24,三重,23,非鉄金属製造業,22.0,ok,60011.0,ok,16314.0,ok,7235.0,ok,17322.0,ok,40207.0,ok
2019,24,三重,24,金属製品製造業,102.0,ok,104019.0,ok,16349.0,ok,12148.0,ok,35291.0,ok,65395.0,ok
2019,24,三重,25,はん用機械器具製造業,51.0,ok,113621.0,ok,25754.0,ok,13060.0,ok,21904.0,ok,91239.0,ok
2019,24,三重,26,生産用機械器具製造業,67.0,ok,79994.0,ok,13035.0,ok,8080.0,ok,23219.0,ok,53656.0,ok
2019,24,三重,27,業務用機械器具製造業,20.0,ok,20641.0,ok,4762.0,ok,2290.0,ok,3426.0,ok,15982.0,ok
2019,24,三重,28,電子部品・デバイス・電子回路製造業,50.0,ok,556359.0,ok,72132.0,ok,116176.0,ok,41989.0,ok,654249.0,ok
2019,24,三重,29,電気機械器具製造業,63.0,ok,101551.0,ok,18111.0,ok,12142.0,ok,11578.0,ok,84856.0,ok
2019,24,三重,30,情報通信機械器具製造業,6.0,ok,4391.0,ok,876.0,ok,1152.0,ok,248.0,ok,4420.0,ok
2019,24,三重,31,輸送用機械器具製造業,126.0,ok,511469.0,ok,106566.0,ok,89485.0,ok,99427.0,ok,414370.0,ok
2019,24,三重,32,その他の製造業,15.0,ok,18486.0,ok,3306.0,ok,2228.0,ok,5126.0,ok,12786.0,ok
2019,25,滋賀,09,食料品製造業,71.0,ok,184396.0,ok,68587.0,ok,9960.0,ok,24089.0,ok,102229.0,ok
2019,25,滋賀,10,飲料・たばこ・飼料製造業,7.0,ok,32905.0,ok,2590.0,ok,3552.0,ok,7836.0,ok,26549.0,ok
2019,25,滋賀,11,繊維工業,53.0,ok,50599.0,ok,8807.0,ok,5054.0,ok,16218.0,ok,31311.0,ok
2019,25,滋賀,12,木材・木製品製造業（家具を除く）,8.0,ok,3339.0,ok,497.0,ok,276.0,ok,1211.0,ok,2117.0,ok
2019,25,滋賀,13,家具・装備品製造業,18.0,ok,20093.0,ok,2295.0,ok,1294.0,ok,4562.0,ok,15953.0,ok
2019,25,滋賀,14,パルプ・紙・紙加工品製造業,33.0,ok,49657.0,ok,7753.0,ok,5572.0,ok,12052.0,ok,35465.0,ok
2019,25,滋賀,15,印刷・同関連業,23.0,ok,39929.0,ok,6413.0,ok,5131.0,ok,11052.0,ok,27753.0,ok
2019,25,滋賀,16,化学工業,70.0,ok,186196.0,ok,41614.0,ok,19657.0,ok,46911.0,ok,128623.0,ok
2019,25,滋賀,17,石油製品・石炭製品製造業,1.0,ok,,suppressed,,absent_from_source,,suppressed,,suppressed,,suppressed
2019,25,滋賀,18,プラスチック製品製造業（別掲を除く）,112.0,ok,282344.0,ok,81620.0,ok,32808.0,ok,44079.0,ok,218149.0,ok
2019,25,滋賀,19,ゴム製品製造業,6.0,ok,27139.0,ok,8894.0,ok,8326.0,ok,3662.0,ok,20788.0,ok
2019,25,滋賀,20,なめし革・同製品・毛皮製造業,,absent_from_source,,absent_from_source,,absent_from_source,,absent_from_source,,absent_from_source,,absent_from_source
2019,25,滋賀,21,窯業・土石製品製造業,44.0,ok,286253.0,ok,27945.0,ok,18230.0,ok,15112.0,ok,273883.0,ok
2019,25,滋賀,22,鉄鋼業,12.0,ok,21935.0,ok,2315.0,ok,2619.0,ok,7157.0,ok,14561.0,ok
2019,25,滋賀,23,非鉄金属製造業,22.0,ok,36001.0,ok,8796.0,ok,3405.0,ok,8929.0,ok,20419.0,ok
2019,25,滋賀,24,金属製品製造業,94.0,ok,102043.0,ok,12860.0,ok,10570.0,ok,37448.0,ok,63588.0,ok
2019,25,滋賀,25,はん用機械器具製造業,64.0,ok,147212.0,ok,31242.0,ok,15892.0,ok,34309.0,ok,103415.0,ok
2019,25,滋賀,26,生産用機械器具製造業,72.0,ok,102097.0,ok,17929.0,ok,9942.0,ok,26555.0,ok,66103.0,ok
2019,25,滋賀,27,業務用機械器具製造業,23.0,ok,45626.0,ok,5783.0,ok,3734.0,ok,7776.0,ok,37551.0,ok
2019,25,滋賀,28,電子部品・デバイス・電子回路製造業,48.0,ok,150625.0,ok,44077.0,ok,26107.0,ok,18107.0,ok,120961.0,ok
2019,25,滋賀,29,電気機械器具製造業,87.0,ok,100440.0,ok,16923.0,ok,14148.0,ok,19004.0,ok,81926.0,ok
2019,25,滋賀,30,情報通信機械器具製造業,4.0,ok,,suppressed,1654.0,ok,,suppressed,,suppressed,,suppressed
2019,25,滋賀,31,輸送用機械器具製造業,53.0,ok,182194.0,ok,47564.0,ok,33064.0,ok,35186.0,ok,125530.0,ok
2019,25,滋賀,32,その他の製造業,11.0,ok,9646.0,ok,1868.0,ok,1804.0,ok,2693.0,ok,7302.0,ok
2019,26,京都,09,食料品製造業,155.0,ok,165080.0,ok,16679.0,ok,14069.0,ok,41625.0,ok,123301.0,ok
2019,26,京都,10,飲料・たばこ・飼料製造業,28.0,ok,109126.0,ok,20375.0,ok,10837.0,ok,28890.0,ok,69822.0,ok
2019,26,京都,11,繊維工業,41.0,ok,23825.0,ok,885.0,ok,1054.0,ok,15996.0,ok,8137.0,ok
2019,26,京都,12,木材・木製品製造業（家具を除く）,11.0,ok,10210.0,ok,1423.0,ok,440.0,ok,3803.0,ok,6260.0,ok
2019,26,京都,13,家具・装備品製造業,8.0,ok,4720.0,ok,97.0,ok,123.0,ok,1915.0,ok,2872.0,ok
2019,26,京都,14,パルプ・紙・紙加工品製造業,28.0,ok,34339.0,ok,4372.0,ok,3456.0,ok,8584.0,ok,23852.0,ok
2019,26,京都,15,印刷・同関連業,52.0,ok,49716.0,ok,7795.0,ok,4181.0,ok,15133.0,ok,30829.0,ok
2019,26,京都,16,化学工業,39.0,ok,94281.0,ok,8228.0,ok,10486.0,ok,33978.0,ok,62630.0,ok
2019,26,京都,17,石油製品・石炭製品製造業,2.0,ok,,suppressed,,suppressed,,suppressed,,suppressed,,suppressed
2019,26,京都,18,プラスチック製品製造業（別掲を除く）,58.0,ok,49312.0,ok,6118.0,ok,4597.0,ok,14618.0,ok,33219.0,ok
2019,26,京都,19,ゴム製品製造業,4.0,ok,5676.0,ok,950.0,ok,794.0,ok,1004.0,ok,4383.0,ok
2019,26,京都,20,なめし革・同製品・毛皮製造業,4.0,ok,,suppressed,,suppressed,,suppressed,,suppressed,,suppressed
2019,26,京都,21,窯業・土石製品製造業,20.0,ok,40961.0,ok,10663.0,ok,4333.0,ok,6515.0,ok,29901.0,ok
2019,26,京都,22,鉄鋼業,12.0,ok,22910.0,ok,2718.0,ok,1769.0,ok,10093.0,ok,12156.0,ok
2019,26,京都,23,非鉄金属製造業,13.0,ok,13635.0,ok,1917.0,ok,1751.0,ok,5150.0,ok,8184.0,ok
2019,26,京都,24,金属製品製造業,79.0,ok,46805.0,ok,7122.0,ok,5603.0,ok,14892.0,ok,31455.0,ok
2019,26,京都,25,はん用機械器具製造業,24.0,ok,69568.0,ok,4508.0,ok,4092.0,ok,33181.0,ok,36478.0,ok
2019,26,京都,26,生産用機械器具製造業,107.0,ok,91665.0,ok,10121.0,ok,7728.0,ok,40613.0,ok,50458.0,ok
2019,26,京都,27,業務用機械器具製造業,41.0,ok,91410.0,ok,14740.0,ok,7577.0,ok,19018.0,ok,65929.0,ok
2019,26,京都,28,電子部品・デバイス・電子回路製造業,32.0,ok,118551.0,ok,20024.0,ok,12149.0,ok,57665.0,ok,64356.0,ok
2019,26,京都,29,電気機械器具製造業,72.0,ok,97190.0,ok,18035.0,ok,10731.0,ok,26000.0,ok,68595.0,ok
2019,26,京都,30,情報通信機械器具製造業,5.0,ok,7455.0,ok,1868.0,ok,1408.0,ok,1185.0,ok,5847.0,ok
2019,26,京都,31,輸送用機械器具製造業,32.0,ok,86143.0,ok,18100.0,ok,10741.0,ok,26481.0,ok,64033.0,ok
2019,26,京都,32,その他の製造業,20.0,ok,22858.0,ok,3048.0,ok,1124.0,ok,12603.0,ok,8633.0,ok
2019,27,大阪,09,食料品製造業,301.0,ok,307061.0,ok,33399.0,ok,28842.0,ok,95671.0,ok,206821.0,ok
2019,27,大阪,10,飲料・たばこ・飼料製造業,13.0,ok,57898.0,ok,3429.0,ok,4097.0,ok,26280.0,ok,32797.0,ok
2019,27,大阪,11,繊維工業,99.0,ok,40146.0,ok,3192.0,ok,2799.0,ok,22836.0,ok,17398.0,ok
2019,27,大阪,12,木材・木製品製造業（家具を除く）,22.0,ok,16139.0,ok,2317.0,ok,1093.0,ok,8658.0,ok,7387.0,ok
2019,27,大阪,13,家具・装備品製造業,33.0,ok,23891.0,ok,2915.0,ok,2305.0,ok,11266.0,ok,13567.0,ok
2019,27,大阪,14,パルプ・紙・紙加工品製造業,101.0,ok,73876.0,ok,7863.0,ok,7007.0,ok,32666.0,ok,41757.0,ok
2019,27,大阪,15,印刷・同関連業,180.0,ok,98243.0,ok,9484.0,ok,6774.0,ok,48605.0,ok,51279.0,ok
2019,27,大阪,16,化学工業,211.0,ok,534951.0,ok,102108.0,ok,55017.0,ok,180188.0,ok,360573.0,ok
2019,27,大阪,17,石油製品・石炭製品製造業,9.0,ok,154628.0,ok,27027.0,ok,12276.0,ok,39974.0,ok,106849.0,ok
2019,27,大阪,18,プラスチック製品製造業（別掲を除く）,246.0,ok,189018.0,ok,25684.0,ok,20883.0,ok,65440.0,ok,123170.0,ok
2019,27,大阪,19,ゴム製品製造業,38.0,ok,32835.0,ok,4866.0,ok,3734.0,ok,11949.0,ok,19692.0,ok
2019,27,大阪,20,なめし革・同製品・毛皮製造業,7.0,ok,1034.0,ok,28.0,ok,33.0,ok,804.0,ok,236.0,ok
2019,27,大阪,21,窯業・土石製品製造業,49.0,ok,89789.0,ok,8595.0,ok,8554.0,ok,12757.0,ok,91183.0,ok
2019,27,大阪,22,鉄鋼業,143.0,ok,345111.0,ok,43021.0,ok,30348.0,ok,164577.0,ok,182651.0,ok
2019,27,大阪,23,非鉄金属製造業,57.0,ok,120683.0,ok,16560.0,ok,12627.0,ok,44242.0,ok,75374.0,ok
2019,27,大阪,24,金属製品製造業,410.0,ok,316558.0,ok,42510.0,ok,28459.0,ok,140479.0,ok,165739.0,ok
2019,27,大阪,25,はん用機械器具製造業,148.0,ok,199321.0,ok,31750.0,ok,18113.0,ok,64021.0,ok,129934.0,ok
2019,27,大阪,26,生産用機械器具製造業,282.0,ok,317602.0,ok,80370.0,ok,31756.0,ok,100476.0,ok,189360.0,ok
2019,27,大阪,27,業務用機械器具製造業,54.0,ok,46584.0,ok,6717.0,ok,3517.0,ok,24113.0,ok,21915.0,ok
2019,27,大阪,28,電子部品・デバイス・電子回路製造業,48.0,ok,288676.0,ok,131608.0,ok,36150.0,ok,52603.0,ok,302382.0,ok
2019,27,大阪,29,電気機械器具製造業,169.0,ok,156022.0,ok,16750.0,ok,21705.0,ok,50589.0,ok,114848.0,ok
2019,27,大阪,30,情報通信機械器具製造業,12.0,ok,13741.0,ok,5717.0,ok,4366.0,ok,3852.0,ok,8828.0,ok
2019,27,大阪,31,輸送用機械器具製造業,99.0,ok,256019.0,ok,49365.0,ok,32131.0,ok,66526.0,ok,182326.0,ok
2019,27,大阪,32,その他の製造業,64.0,ok,29876.0,ok,4960.0,ok,3033.0,ok,13031.0,ok,16576.0,ok
2019,28,兵庫,09,食料品製造業,333.0,ok,507195.0,ok,68406.0,ok,45682.0,ok,122255.0,ok,354471.0,ok
2019,28,兵庫,10,飲料・たばこ・飼料製造業,48.0,ok,159084.0,ok,17613.0,ok,13154.0,ok,64213.0,ok,90155.0,ok
2019,28,兵庫,11,繊維工業,52.0,ok,38285.0,ok,4261.0,ok,2996.0,ok,7357.0,ok,30129.0,ok
2019,28,兵庫,12,木材・木製品製造業（家具を除く）,15.0,ok,5299.0,ok,273.0,ok,631.0,ok,1930.0,ok,3747.0,ok
2019,28,兵庫,13,家具・装備品製造業,18.0,ok,14547.0,ok,2566.0,ok,830.0,ok,3857.0,ok,9235.0,ok
2019,28,兵庫,14,パルプ・紙・紙加工品製造業,63.0,ok,131143.0,ok,12210.0,ok,14229.0,ok,38185.0,ok,96734.0,ok
2019,28,兵庫,15,印刷・同関連業,47.0,ok,36964.0,ok,2187.0,ok,2186.0,ok,18805.0,ok,18348.0,ok
2019,28,兵庫,16,化学工業,155.0,ok,507929.0,ok,85798.0,ok,62898.0,ok,102394.0,ok,396513.0,ok
2019,28,兵庫,17,石油製品・石炭製品製造業,5.0,ok,32520.0,ok,3564.0,ok,4576.0,ok,11639.0,ok,22985.0,ok
2019,28,兵庫,18,プラスチック製品製造業（別掲を除く）,127.0,ok,131749.0,ok,25401.0,ok,15606.0,ok,39580.0,ok,81517.0,ok
2019,28,兵庫,19,ゴム製品製造業,32.0,ok,53598.0,ok,6046.0,ok,4313.0,ok,12182.0,ok,41190.0,ok
2019,28,兵庫,20,なめし革・同製品・毛皮製造業,17.0,ok,4463.0,ok,217.0,ok,310.0,ok,1677.0,ok,2959.0,ok
2019,28,兵庫,21,窯業・土石製品製造業,64.0,ok,109990.0,ok,19958.0,ok,13266.0,ok,21058.0,ok,88932.0,ok
2019,28,兵庫,22,鉄鋼業,85.0,ok,821216.0,ok,109122.0,ok,84980.0,ok,134993.0,ok,676685.0,ok
2019,28,兵庫,23,非鉄金属製造業,46.0,ok,79001.0,ok,13899.0,ok,7623.0,ok,28968.0,ok,46586.0,ok
2019,28,兵庫,24,金属製品製造業,233.0,ok,216712.0,ok,38346.0,ok,21248.0,ok,81912.0,ok,123129.0,ok
2019,28,兵庫,25,はん用機械器具製造業,121.0,ok,302527.0,ok,80399.0,ok,40868.0,ok,61553.0,ok,200676.0,ok
2019,28,兵庫,26,生産用機械器具製造業,172.0,ok,317796.0,ok,42132.0,ok,31540.0,ok,99129.0,ok,212809.0,ok
2019,28,兵庫,27,業務用機械器具製造業,43.0,ok,46774.0,ok,5723.0,ok,5491.0,ok,18023.0,ok,28827.0,ok
2019,28,兵庫,28,電子部品・デバイス・電子回路製造業,48.0,ok,115188.0,ok,17847.0,ok,14928.0,ok,12435.0,ok,103492.0,ok
2019,28,兵庫,29,電気機械器具製造業,168.0,ok,285367.0,ok,62455.0,ok,53960.0,ok,52098.0,ok,240079.0,ok
2019,28,兵庫,30,情報通信機械器具製造業,26.0,ok,48433.0,ok,7155.0,ok,7424.0,ok,9579.0,ok,40711.0,ok
2019,28,兵庫,31,輸送用機械器具製造業,122.0,ok,305670.0,ok,49236.0,ok,37623.0,ok,65181.0,ok,235801.0,ok
2019,28,兵庫,32,その他の製造業,34.0,ok,33587.0,ok,4421.0,ok,2935.0,ok,10530.0,ok,21743.0,ok
2019,29,奈良,09,食料品製造業,56.0,ok,58315.0,ok,7767.0,ok,6357.0,ok,14172.0,ok,43727.0,ok
2019,29,奈良,10,飲料・たばこ・飼料製造業,6.0,ok,9417.0,ok,3336.0,ok,674.0,ok,1603.0,ok,4967.0,ok
2019,29,奈良,11,繊維工業,44.0,ok,10049.0,ok,805.0,ok,951.0,ok,5114.0,ok,5835.0,ok
2019,29,奈良,12,木材・木製品製造業（家具を除く）,12.0,ok,3817.0,ok,450.0,ok,336.0,ok,2022.0,ok,1684.0,ok
2019,29,奈良,13,家具・装備品製造業,11.0,ok,7478.0,ok,1361.0,ok,421.0,ok,4636.0,ok,2055.0,ok
2019,29,奈良,14,パルプ・紙・紙加工品製造業,17.0,ok,11963.0,ok,1936.0,ok,1170.0,ok,4271.0,ok,6931.0,ok
2019,29,奈良,15,印刷・同関連業,18.0,ok,14124.0,ok,3214.0,ok,2061.0,ok,3382.0,ok,10428.0,ok
2019,29,奈良,16,化学工業,26.0,ok,39165.0,ok,5772.0,ok,4331.0,ok,9045.0,ok,28965.0,ok
2019,29,奈良,17,石油製品・石炭製品製造業,1.0,ok,,suppressed,,suppressed,,suppressed,,suppressed,,suppressed
2019,29,奈良,18,プラスチック製品製造業（別掲を除く）,58.0,ok,50406.0,ok,11021.0,ok,5752.0,ok,16096.0,ok,31334.0,ok
2019,29,奈良,19,ゴム製品製造業,13.0,ok,13517.0,ok,2849.0,ok,1615.0,ok,1563.0,ok,12080.0,ok
2019,29,奈良,20,なめし革・同製品・毛皮製造業,2.0,ok,,suppressed,,suppressed,,suppressed,,suppressed,,suppressed
2019,29,奈良,21,窯業・土石製品製造業,11.0,ok,6379.0,ok,334.0,ok,250.0,ok,4669.0,ok,1590.0,ok
2019,29,奈良,22,鉄鋼業,9.0,ok,5087.0,ok,470.0,ok,369.0,ok,2148.0,ok,2916.0,ok
2019,29,奈良,23,非鉄金属製造業,5.0,ok,7372.0,ok,1667.0,ok,1145.0,ok,2472.0,ok,4074.0,ok
2019,29,奈良,24,金属製品製造業,38.0,ok,35149.0,ok,7663.0,ok,3128.0,ok,12082.0,ok,18940.0,ok
2019,29,奈良,25,はん用機械器具製造業,20.0,ok,14268.0,ok,2129.0,ok,1117.0,ok,6126.0,ok,7175.0,ok
2019,29,奈良,26,生産用機械器具製造業,36.0,ok,42885.0,ok,6173.0,ok,3300.0,ok,16027.0,ok,24453.0,ok
2019,29,奈良,27,業務用機械器具製造業,9.0,ok,13269.0,ok,1949.0,ok,2220.0,ok,3101.0,ok,11248.0,ok
2019,29,奈良,28,電子部品・デバイス・電子回路製造業,4.0,ok,,suppressed,,suppressed,,suppressed,,suppressed,,suppressed
2019,29,奈良,29,電気機械器具製造業,8.0,ok,4774.0,ok,420.0,ok,387.0,ok,1079.0,ok,3747.0,ok
2019,29,奈良,30,情報通信機械器具製造業,1.0,ok,,suppressed,,suppressed,,suppressed,,absent_from_source,,suppressed
2019,29,奈良,31,輸送用機械器具製造業,9.0,ok,19694.0,ok,4205.0,ok,1993.0,ok,8112.0,ok,11234.0,ok
2019,29,奈良,32,その他の製造業,13.0,ok,25495.0,ok,2171.0,ok,3245.0,ok,5836.0,ok,20836.0,ok
2019,30,和歌山,09,食料品製造業,65.0,ok,29448.0,ok,3651.0,ok,2681.0,ok,9875.0,ok,18931.0,ok
2019,30,和歌山,10,飲料・たばこ・飼料製造業,14.0,ok,11771.0,ok,2491.0,ok,2331.0,ok,3536.0,ok,8181.0,ok
2019,30,和歌山,11,繊維工業,33.0,ok,16692.0,ok,881.0,ok,1032.0,ok,8419.0,ok,8533.0,ok
2019,30,和歌山,12,木材・木製品製造業（家具を除く）,10.0,ok,6747.0,ok,242.0,ok,386.0,ok,4515.0,ok,2613.0,ok
2019,30,和歌山,13,家具・装備品製造業,4.0,ok,1204.0,ok,109.0,ok,132.0,ok,717.0,ok,511.0,ok
2019,30,和歌山,14,パルプ・紙・紙加工品製造業,7.0,ok,12777.0,ok,2167.0,ok,1403.0,ok,3713.0,ok,8298.0,ok
2019,30,和歌山,15,印刷・同関連業,8.0,ok,4410.0,ok,2466.0,ok,341.0,ok,1347.0,ok,1746.0,ok
2019,30,和歌山,16,化学工業,38.0,ok,123091.0,ok,19863.0,ok,19835.0,ok,15938.0,ok,108984.0,ok
2019,30,和歌山,17,石油製品・石炭製品製造業,5.0,ok,31631.0,ok,4949.0,ok,3756.0,ok,10923.0,ok,24107.0,ok
2019,30,和歌山,18,プラスチック製品製造業（別掲を除く）,19.0,ok,14843.0,ok,2177.0,ok,1161.0,ok,4510.0,ok,9322.0,ok
2019,30,和歌山,19,ゴム製品製造業,9.0,ok,5884.0,ok,1225.0,ok,766.0,ok,2074.0,ok,5231.0,ok
2019,30,和歌山,20,なめし革・同製品・毛皮製造業,1.0,ok,,suppressed,,suppressed,,suppressed,,suppressed,,suppressed
2019,30,和歌山,21,窯業・土石製品製造業,5.0,ok,3644.0,ok,310.0,ok,289.0,ok,990.0,ok,2642.0,ok
2019,30,和歌山,22,鉄鋼業,11.0,ok,237752.0,ok,27084.0,ok,28991.0,ok,47076.0,ok,163101.0,ok
2019,30,和歌山,23,非鉄金属製造業,8.0,ok,4784.0,ok,475.0,ok,376.0,ok,1763.0,ok,2965.0,ok
2019,30,和歌山,24,金属製品製造業,34.0,ok,31298.0,ok,5412.0,ok,2413.0,ok,12713.0,ok,13149.0,ok
2019,30,和歌山,25,はん用機械器具製造業,22.0,ok,29789.0,ok,4357.0,ok,3349.0,ok,4298.0,ok,25717.0,ok
2019,30,和歌山,26,生産用機械器具製造業,34.0,ok,48703.0,ok,7029.0,ok,4296.0,ok,22405.0,ok,24645.0,ok
2019,30,和歌山,27,業務用機械器具製造業,7.0,ok,7186.0,ok,407.0,ok,563.0,ok,3884.0,ok,3470.0,ok
2019,30,和歌山,28,電子部品・デバイス・電子回路製造業,4.0,ok,4677.0,ok,394.0,ok,1090.0,ok,1524.0,ok,4194.0,ok
2019,30,和歌山,29,電気機械器具製造業,13.0,ok,3614.0,ok,553.0,ok,616.0,ok,1289.0,ok,2468.0,ok
2019,30,和歌山,30,情報通信機械器具製造業,2.0,ok,,suppressed,,suppressed,,suppressed,,suppressed,,suppressed
2019,30,和歌山,31,輸送用機械器具製造業,5.0,ok,5014.0,ok,1424.0,ok,1003.0,ok,871.0,ok,3739.0,ok
2019,30,和歌山,32,その他の製造業,7.0,ok,4618.0,ok,279.0,ok,222.0,ok,2839.0,ok,1745.0,ok
2019,31,鳥取,09,食料品製造業,59.0,ok,53041.0,ok,7332.0,ok,3544.0,ok,10256.0,ok,39295.0,ok
2019,31,鳥取,10,飲料・たばこ・飼料製造業,7.0,ok,17683.0,ok,820.0,ok,1758.0,ok,595.0,ok,16960.0,ok
2019,31,鳥取,11,繊維工業,21.0,ok,3643.0,ok,479.0,ok,426.0,ok,931.0,ok,2658.0,ok
2019,31,鳥取,12,木材・木製品製造業（家具を除く）,5.0,ok,7931.0,ok,1655.0,ok,836.0,ok,3431.0,ok,4689.0,ok
2019,31,鳥取,13,家具・装備品製造業,2.0,ok,,suppressed,,suppressed,,suppressed,,suppressed,,suppressed
2019,31,鳥取,14,パルプ・紙・紙加工品製造業,12.0,ok,30258.0,ok,1841.0,ok,4338.0,ok,5376.0,ok,27634.0,ok
2019,31,鳥取,15,印刷・同関連業,10.0,ok,6091.0,ok,3020.0,ok,248.0,ok,864.0,ok,2495.0,ok
2019,31,鳥取,16,化学工業,1.0,ok,,suppressed,,suppressed,,suppressed,,suppressed,,suppressed
2019,31,鳥取,17,石油製品・石炭製品製造業,,absent_from_source,,absent_from_source,,absent_from_source,,absent_from_source,,absent_from_source,,absent_from_source
2019,31,鳥取,18,プラスチック製品製造業（別掲を除く）,13.0,ok,3266.0,ok,390.0,ok,528.0,ok,753.0,ok,2701.0,ok
2019,31,鳥取,19,ゴム製品製造業,3.0,ok,1451.0,ok,96.0,ok,100.0,ok,966.0,ok,490.0,ok
2019,31,鳥取,20,なめし革・同製品・毛皮製造業,,absent_from_source,,absent_from_source,,absent_from_source,,absent_from_source,,absent_from_source,,absent_from_source
2019,31,鳥取,21,窯業・土石製品製造業,2.0,ok,,suppressed,,suppressed,,suppressed,,suppressed,,suppressed
2019,31,鳥取,22,鉄鋼業,5.0,ok,3776.0,ok,754.0,ok,710.0,ok,532.0,ok,3229.0,ok
2019,31,鳥取,23,非鉄金属製造業,1.0,ok,,suppressed,,suppressed,,suppressed,,absent_from_source,,suppressed
2019,31,鳥取,24,金属製品製造業,21.0,ok,15531.0,ok,4265.0,ok,1952.0,ok,3773.0,ok,9516.0,ok
2019,31,鳥取,25,はん用機械器具製造業,3.0,ok,4471.0,ok,421.0,ok,293.0,ok,1424.0,ok,2920.0,ok
2019,31,鳥取,26,生産用機械器具製造業,12.0,ok,11320.0,ok,3152.0,ok,871.0,ok,2753.0,ok,6290.0,ok
2019,31,鳥取,27,業務用機械器具製造業,5.0,ok,2397.0,ok,603.0,ok,395.0,ok,728.0,ok,1461.0,ok
2019,31,鳥取,28,電子部品・デバイス・電子回路製造業,29.0,ok,26723.0,ok,8842.0,ok,6116.0,ok,6440.0,ok,21059.0,ok
2019,31,鳥取,29,電気機械器具製造業,30.0,ok,14679.0,ok,1730.0,ok,2116.0,ok,5234.0,ok,9812.0,ok
2019,31,鳥取,30,情報通信機械器具製造業,3.0,ok,2317.0,ok,1628.0,ok,307.0,ok,212.0,ok,784.0,ok
2019,31,鳥取,31,輸送用機械器具製造業,9.0,ok,16867.0,ok,2856.0,ok,2095.0,ok,2088.0,ok,14077.0,ok
2019,31,鳥取,32,その他の製造業,2.0,ok,,suppressed,,suppressed,,suppressed,,suppressed,,suppressed
2019,32,島根,09,食料品製造業,46.0,ok,16805.0,ok,2762.0,ok,1635.0,ok,4707.0,ok,10474.0,ok
2019,32,島根,10,飲料・たばこ・飼料製造業,4.0,ok,3270.0,ok,224.0,ok,362.0,ok,795.0,ok,2542.0,ok
2019,32,島根,11,繊維工業,20.0,ok,13593.0,ok,975.0,ok,708.0,ok,1082.0,ok,12549.0,ok
2019,32,島根,12,木材・木製品製造業（家具を除く）,6.0,ok,6869.0,ok,2891.0,ok,1556.0,ok,641.0,ok,5142.0,ok
2019,32,島根,13,家具・装備品製造業,3.0,ok,809.0,ok,58.0,ok,64.0,ok,404.0,ok,412.0,ok
2019,32,島根,14,パルプ・紙・紙加工品製造業,12.0,ok,17229.0,ok,11386.0,ok,2440.0,ok,1601.0,ok,16214.0,ok
2019,32,島根,15,印刷・同関連業,8.0,ok,1927.0,ok,183.0,ok,165.0,ok,921.0,ok,1072.0,ok
2019,32,島根,16,化学工業,5.0,ok,11215.0,ok,2784.0,ok,1141.0,ok,1649.0,ok,9271.0,ok
2019,32,島根,17,石油製品・石炭製品製造業,,absent_from_source,,absent_from_source,,absent_from_source,,absent_from_source,,absent_from_source,,absent_from_source
2019,32,島根,18,プラスチック製品製造業（別掲を除く）,11.0,ok,10823.0,ok,865.0,ok,1298.0,ok,1719.0,ok,9588.0,ok
2019,32,島根,19,ゴム製品製造業,7.0,ok,1236.0,ok,65.0,ok,125.0,ok,369.0,ok,919.0,ok
2019,32,島根,20,なめし革・同製品・毛皮製造業,1.0,ok,,suppressed,,suppressed,,suppressed,,suppressed,,suppressed
2019,32,島根,21,窯業・土石製品製造業,7.0,ok,3883.0,ok,299.0,ok,360.0,ok,1612.0,ok,2365.0,ok
2019,32,島根,22,鉄鋼業,17.0,ok,83054.0,ok,14723.0,ok,10517.0,ok,12653.0,ok,64856.0,ok
2019,32,島根,23,非鉄金属製造業,2.0,ok,,suppressed,,suppressed,,suppressed,,suppressed,,suppressed
2019,32,島根,24,金属製品製造業,14.0,ok,7994.0,ok,1223.0,ok,952.0,ok,2172.0,ok,5953.0,ok
2019,32,島根,25,はん用機械器具製造業,11.0,ok,7427.0,ok,1287.0,ok,991.0,ok,2277.0,ok,5096.0,ok
2019,32,島根,26,生産用機械器具製造業,24.0,ok,11254.0,ok,1863.0,ok,1497.0,ok,3068.0,ok,7893.0,ok
2019,32,島根,27,業務用機械器具製造業,3.0,ok,9462.0,ok,1552.0,ok,1298.0,ok,757.0,ok,8391.0,ok
2019,32,島根,28,電子部品・デバイス・電子回路製造業,16.0,ok,101653.0,ok,46047.0,ok,17519.0,ok,5623.0,ok,81904.0,ok
2019,32,島根,29,電気機械器具製造業,14.0,ok,7991.0,ok,1511.0,ok,915.0,ok,1969.0,ok,5847.0,ok
2019,32,島根,30,情報通信機械器具製造業,6.0,ok,3357.0,ok,1626.0,ok,821.0,ok,250.0,ok,2631.0,ok
2019,32,島根,31,輸送用機械器具製造業,17.0,ok,20682.0,ok,5761.0,ok,3823.0,ok,3033.0,ok,16987.0,ok
2019,32,島根,32,その他の製造業,3.0,ok,,suppressed,,suppressed,,suppressed,,suppressed,,suppressed
2019,33,岡山,09,食料品製造業,119.0,ok,181558.0,ok,35194.0,ok,15088.0,ok,41254.0,ok,128140.0,ok
2019,33,岡山,10,飲料・たばこ・飼料製造業,9.0,ok,22250.0,ok,3323.0,ok,2228.0,ok,5390.0,ok,16887.0,ok
2019,33,岡山,11,繊維工業,98.0,ok,53239.0,ok,4852.0,ok,3843.0,ok,25902.0,ok,26050.0,ok
2019,33,岡山,12,木材・木製品製造業（家具を除く）,19.0,ok,8330.0,ok,1596.0,ok,883.0,ok,2842.0,ok,5553.0,ok
2019,33,岡山,13,家具・装備品製造業,9.0,ok,7464.0,ok,589.0,ok,647.0,ok,1642.0,ok,5905.0,ok
2019,33,岡山,14,パルプ・紙・紙加工品製造業,33.0,ok,52810.0,ok,4138.0,ok,4260.0,ok,12844.0,ok,40862.0,ok
2019,33,岡山,15,印刷・同関連業,42.0,ok,30240.0,ok,4076.0,ok,2701.0,ok,9920.0,ok,21184.0,ok
2019,33,岡山,16,化学工業,69.0,ok,325527.0,ok,88780.0,ok,45101.0,ok,37810.0,ok,262120.0,ok
2019,33,岡山,17,石油製品・石炭製品製造業,3.0,ok,,suppressed,,suppressed,,suppressed,,suppressed,,suppressed
2019,33,岡山,18,プラスチック製品製造業（別掲を除く）,68.0,ok,65900.0,ok,12125.0,ok,8336.0,ok,17543.0,ok,46393.0,ok
2019,33,岡山,19,ゴム製品製造業,27.0,ok,26550.0,ok,5810.0,ok,3562.0,ok,7906.0,ok,17730.0,ok
2019,33,岡山,20,なめし革・同製品・毛皮製造業,2.0,ok,,suppressed,,suppressed,,suppressed,,suppressed,,suppressed
2019,33,岡山,21,窯業・土石製品製造業,37.0,ok,46531.0,ok,9227.0,ok,4963.0,ok,11731.0,ok,30829.0,ok
2019,33,岡山,22,鉄鋼業,35.0,ok,379894.0,ok,64996.0,ok,43440.0,ok,74777.0,ok,289057.0,ok
2019,33,岡山,23,非鉄金属製造業,15.0,ok,37983.0,ok,7927.0,ok,10511.0,ok,5746.0,ok,35212.0,ok
2019,33,岡山,24,金属製品製造業,57.0,ok,61820.0,ok,14937.0,ok,11154.0,ok,15271.0,ok,45020.0,ok
2019,33,岡山,25,はん用機械器具製造業,38.0,ok,55785.0,ok,13079.0,ok,5355.0,ok,16576.0,ok,38875.0,ok
2019,33,岡山,26,生産用機械器具製造業,80.0,ok,71022.0,ok,12844.0,ok,6382.0,ok,25954.0,ok,39998.0,ok
2019,33,岡山,27,業務用機械器具製造業,8.0,ok,6400.0,ok,1031.0,ok,682.0,ok,1445.0,ok,4643.0,ok
2019,33,岡山,28,電子部品・デバイス・電子回路製造業,25.0,ok,86058.0,ok,37528.0,ok,14580.0,ok,7605.0,ok,57420.0,ok
2019,33,岡山,29,電気機械器具製造業,41.0,ok,25338.0,ok,6082.0,ok,3756.0,ok,4340.0,ok,19488.0,ok
2019,33,岡山,30,情報通信機械器具製造業,6.0,ok,4209.0,ok,783.0,ok,491.0,ok,1292.0,ok,2700.0,ok
2019,33,岡山,31,輸送用機械器具製造業,89.0,ok,139289.0,ok,36542.0,ok,18755.0,ok,36343.0,ok,87434.0,ok
2019,33,岡山,32,その他の製造業,12.0,ok,4804.0,ok,805.0,ok,694.0,ok,973.0,ok,3732.0,ok
2019,34,広島,09,食料品製造業,179.0,ok,146731.0,ok,22179.0,ok,12049.0,ok,46467.0,ok,92543.0,ok
2019,34,広島,10,飲料・たばこ・飼料製造業,10.0,ok,10564.0,ok,1915.0,ok,1157.0,ok,2422.0,ok,9594.0,ok
2019,34,広島,11,繊維工業,46.0,ok,27656.0,ok,2892.0,ok,2330.0,ok,7920.0,ok,19638.0,ok
2019,34,広島,12,木材・木製品製造業（家具を除く）,27.0,ok,18409.0,ok,919.0,ok,1854.0,ok,6473.0,ok,12978.0,ok
2019,34,広島,13,家具・装備品製造業,25.0,ok,9783.0,ok,1609.0,ok,603.0,ok,5644.0,ok,4354.0,ok
2019,34,広島,14,パルプ・紙・紙加工品製造業,20.0,ok,38600.0,ok,4742.0,ok,4104.0,ok,10395.0,ok,27973.0,ok
2019,34,広島,15,印刷・同関連業,45.0,ok,19256.0,ok,2187.0,ok,1989.0,ok,7191.0,ok,12127.0,ok
2019,34,広島,16,化学工業,39.0,ok,184685.0,ok,22407.0,ok,22894.0,ok,33457.0,ok,154018.0,ok
2019,34,広島,17,石油製品・石炭製品製造業,1.0,ok,,suppressed,,suppressed,,suppressed,,suppressed,,suppressed
2019,34,広島,18,プラスチック製品製造業（別掲を除く）,84.0,ok,119915.0,ok,36520.0,ok,21693.0,ok,25349.0,ok,85722.0,ok
2019,34,広島,19,ゴム製品製造業,29.0,ok,29970.0,ok,9123.0,ok,4305.0,ok,7460.0,ok,21861.0,ok
2019,34,広島,20,なめし革・同製品・毛皮製造業,1.0,ok,,suppressed,,suppressed,,suppressed,,absent_from_source,,suppressed
2019,34,広島,21,窯業・土石製品製造業,25.0,ok,20862.0,ok,2597.0,ok,2909.0,ok,5240.0,ok,16235.0,ok
2019,34,広島,22,鉄鋼業,37.0,ok,490336.0,ok,110490.0,ok,46616.0,ok,83271.0,ok,340346.0,ok
2019,34,広島,23,非鉄金属製造業,19.0,ok,64599.0,ok,25493.0,ok,15427.0,ok,7945.0,ok,47990.0,ok
2019,34,広島,24,金属製品製造業,102.0,ok,85151.0,ok,9026.0,ok,7393.0,ok,37259.0,ok,47674.0,ok
2019,34,広島,25,はん用機械器具製造業,53.0,ok,93596.0,ok,10179.0,ok,7098.0,ok,31080.0,ok,62340.0,ok
2019,34,広島,26,生産用機械器具製造業,121.0,ok,166227.0,ok,24293.0,ok,15202.0,ok,55663.0,ok,110315.0,ok
2019,34,広島,27,業務用機械器具製造業,12.0,ok,30024.0,ok,3426.0,ok,2943.0,ok,13332.0,ok,16125.0,ok
2019,34,広島,28,電子部品・デバイス・電子回路製造業,16.0,ok,640530.0,ok,306677.0,ok,111318.0,ok,5803.0,ok,379475.0,ok
2019,34,広島,29,電気機械器具製造業,46.0,ok,41865.0,ok,6622.0,ok,6775.0,ok,11421.0,ok,30978.0,ok
2019,34,広島,30,情報通信機械器具製造業,6.0,ok,,suppressed,,suppressed,,suppressed,,suppressed,,suppressed
2019,34,広島,31,輸送用機械器具製造業,182.0,ok,834172.0,ok,97970.0,ok,64340.0,ok,328723.0,ok,490025.0,ok
2019,34,広島,32,その他の製造業,33.0,ok,18106.0,ok,3290.0,ok,1344.0,ok,7952.0,ok,8160.0,ok
2019,35,山口,09,食料品製造業,95.0,ok,44533.0,ok,4764.0,ok,4120.0,ok,13275.0,ok,31286.0,ok
2019,35,山口,10,飲料・たばこ・飼料製造業,6.0,ok,23681.0,ok,11173.0,ok,4070.0,ok,3005.0,ok,13498.0,ok
2019,35,山口,11,繊維工業,16.0,ok,41566.0,ok,7311.0,ok,3672.0,ok,16121.0,ok,26623.0,ok
2019,35,山口,12,木材・木製品製造業（家具を除く）,9.0,ok,4810.0,ok,369.0,ok,458.0,ok,2539.0,ok,2372.0,ok
2019,35,山口,13,家具・装備品製造業,1.0,ok,,suppressed,,suppressed,,suppressed,,suppressed,,suppressed
2019,35,山口,14,パルプ・紙・紙加工品製造業,15.0,ok,36591.0,ok,4768.0,ok,5095.0,ok,7245.0,ok,30279.0,ok
2019,35,山口,15,印刷・同関連業,17.0,ok,9774.0,ok,1534.0,ok,1142.0,ok,3726.0,ok,6369.0,ok
2019,35,山口,16,化学工業,58.0,ok,548011.0,ok,107699.0,ok,80187.0,ok,97775.0,ok,455083.0,ok
2019,35,山口,17,石油製品・石炭製品製造業,4.0,ok,68256.0,ok,8614.0,ok,8093.0,ok,23565.0,ok,47304.0,ok
2019,35,山口,18,プラスチック製品製造業（別掲を除く）,37.0,ok,29375.0,ok,3188.0,ok,3290.0,ok,7135.0,ok,22329.0,ok
2019,35,山口,19,ゴム製品製造業,10.0,ok,32912.0,ok,8769.0,ok,6835.0,ok,6642.0,ok,25092.0,ok
2019,35,山口,20,なめし革・同製品・毛皮製造業,,absent_from_source,,absent_from_source,,absent_from_source,,absent_from_source,,absent_from_source,,absent_from_source
2019,35,山口,21,窯業・土石製品製造業,29.0,ok,105013.0,ok,20649.0,ok,11725.0,ok,22341.0,ok,71626.0,ok
2019,35,山口,22,鉄鋼業,28.0,ok,161200.0,ok,21546.0,ok,20276.0,ok,26669.0,ok,135052.0,ok
2019,35,山口,23,非鉄金属製造業,7.0,ok,26594.0,ok,10201.0,ok,6059.0,ok,2568.0,ok,22589.0,ok
2019,35,山口,24,金属製品製造業,47.0,ok,40291.0,ok,4301.0,ok,3345.0,ok,19160.0,ok,20963.0,ok
2019,35,山口,25,はん用機械器具製造業,22.0,ok,21526.0,ok,3358.0,ok,2694.0,ok,5303.0,ok,18202.0,ok
2019,35,山口,26,生産用機械器具製造業,42.0,ok,47940.0,ok,10961.0,ok,5317.0,ok,16060.0,ok,29380.0,ok
2019,35,山口,27,業務用機械器具製造業,4.0,ok,,suppressed,,suppressed,,suppressed,,suppressed,,suppressed
2019,35,山口,28,電子部品・デバイス・電子回路製造業,12.0,ok,10319.0,ok,4661.0,ok,2458.0,ok,1217.0,ok,8138.0,ok
2019,35,山口,29,電気機械器具製造業,18.0,ok,8816.0,ok,329.0,ok,300.0,ok,1405.0,ok,7389.0,ok
2019,35,山口,30,情報通信機械器具製造業,1.0,ok,,absent_from_source,,absent_from_source,,absent_from_source,,absent_from_source,,absent_from_source
2019,35,山口,31,輸送用機械器具製造業,55.0,ok,205886.0,ok,24377.0,ok,23606.0,ok,29209.0,ok,178425.0,ok
2019,35,山口,32,その他の製造業,7.0,ok,1806.0,ok,215.0,ok,132.0,ok,691.0,ok,1032.0,ok
2019,36,徳島,09,食料品製造業,49.0,ok,28091.0,ok,3465.0,ok,2370.0,ok,8061.0,ok,19900.0,ok
2019,36,徳島,10,飲料・たばこ・飼料製造業,5.0,ok,5438.0,ok,748.0,ok,497.0,ok,1401.0,ok,4047.0,ok
2019,36,徳島,11,繊維工業,8.0,ok,2582.0,ok,270.0,ok,365.0,ok,501.0,ok,2199.0,ok
2019,36,徳島,12,木材・木製品製造業（家具を除く）,8.0,ok,10724.0,ok,922.0,ok,1227.0,ok,4370.0,ok,6617.0,ok
2019,36,徳島,13,家具・装備品製造業,9.0,ok,5072.0,ok,403.0,ok,310.0,ok,2697.0,ok,2230.0,ok
2019,36,徳島,14,パルプ・紙・紙加工品製造業,18.0,ok,65806.0,ok,6291.0,ok,5419.0,ok,10651.0,ok,57607.0,ok
2019,36,徳島,15,印刷・同関連業,8.0,ok,3688.0,ok,583.0,ok,478.0,ok,1030.0,ok,2836.0,ok
2019,36,徳島,16,化学工業,31.0,ok,158964.0,ok,22265.0,ok,15758.0,ok,31960.0,ok,124899.0,ok
2019,36,徳島,17,石油製品・石炭製品製造業,,absent_from_source,,absent_from_source,,absent_from_source,,absent_from_source,,absent_from_source,,absent_from_source
2019,36,徳島,18,プラスチック製品製造業（別掲を除く）,13.0,ok,30184.0,ok,3980.0,ok,1541.0,ok,9887.0,ok,19283.0,ok
2019,36,徳島,19,ゴム製品製造業,1.0,ok,,suppressed,,suppressed,,suppressed,,suppressed,,suppressed
2019,36,徳島,20,なめし革・同製品・毛皮製造業,,absent_from_source,,absent_from_source,,absent_from_source,,absent_from_source,,absent_from_source,,absent_from_source
2019,36,徳島,21,窯業・土石製品製造業,5.0,ok,,suppressed,,suppressed,,suppressed,,suppressed,,suppressed
2019,36,徳島,22,鉄鋼業,4.0,ok,9880.0,ok,2103.0,ok,857.0,ok,2757.0,ok,5808.0,ok
2019,36,徳島,23,非鉄金属製造業,1.0,ok,,suppressed,,suppressed,,suppressed,,suppressed,,suppressed
2019,36,徳島,24,金属製品製造業,23.0,ok,15823.0,ok,2262.0,ok,1711.0,ok,6000.0,ok,10489.0,ok
2019,36,徳島,25,はん用機械器具製造業,13.0,ok,18756.0,ok,4575.0,ok,2886.0,ok,1005.0,ok,16109.0,ok
2019,36,徳島,26,生産用機械器具製造業,19.0,ok,12320.0,ok,1624.0,ok,968.0,ok,4532.0,ok,7596.0,ok
2019,36,徳島,27,業務用機械器具製造業,,absent_from_source,,absent_from_source,,absent_from_source,,absent_from_source,,absent_from_source,,absent_from_source
2019,36,徳島,28,電子部品・デバイス・電子回路製造業,7.0,ok,167424.0,ok,44199.0,ok,47010.0,ok,14643.0,ok,158634.0,ok
2019,36,徳島,29,電気機械器具製造業,15.0,ok,17865.0,ok,1517.0,ok,2558.0,ok,4858.0,ok,14707.0,ok
2019,36,徳島,30,情報通信機械器具製造業,1.0,ok,,suppressed,,suppressed,,suppressed,,suppressed,,suppressed
2019,36,徳島,31,輸送用機械器具製造業,4.0,ok,,suppressed,,suppressed,,suppressed,,suppressed,,suppressed
2019,36,徳島,32,その他の製造業,5.0,ok,8299.0,ok,699.0,ok,297.0,ok,4150.0,ok,3866.0,ok
2019,37,香川,09,食料品製造業,101.0,ok,87547.0,ok,8870.0,ok,7041.0,ok,22188.0,ok,64109.0,ok
2019,37,香川,10,飲料・たばこ・飼料製造業,2.0,ok,,suppressed,,suppressed,,suppressed,,suppressed,,suppressed
2019,37,香川,11,繊維工業,23.0,ok,8818.0,ok,665.0,ok,898.0,ok,3349.0,ok,5668.0,ok
2019,37,香川,12,木材・木製品製造業（家具を除く）,10.0,ok,12676.0,ok,2153.0,ok,1478.0,ok,5404.0,ok,7046.0,ok
2019,37,香川,13,家具・装備品製造業,2.0,ok,,suppressed,,suppressed,,suppressed,,suppressed,,suppressed
2019,37,香川,14,パルプ・紙・紙加工品製造業,28.0,ok,34302.0,ok,5022.0,ok,4446.0,ok,8068.0,ok,26127.0,ok
2019,37,香川,15,印刷・同関連業,32.0,ok,19761.0,ok,3734.0,ok,2483.0,ok,5672.0,ok,13319.0,ok
2019,37,香川,16,化学工業,20.0,ok,113635.0,ok,12756.0,ok,10713.0,ok,30233.0,ok,80654.0,ok
2019,37,香川,17,石油製品・石炭製品製造業,1.0,ok,,suppressed,,suppressed,,suppressed,,suppressed,,suppressed
2019,37,香川,18,プラスチック製品製造業（別掲を除く）,32.0,ok,36200.0,ok,6108.0,ok,4815.0,ok,9399.0,ok,24183.0,ok
2019,37,香川,19,ゴム製品製造業,4.0,ok,5090.0,ok,847.0,ok,599.0,ok,1477.0,ok,3401.0,ok
2019,37,香川,20,なめし革・同製品・毛皮製造業,5.0,ok,364.0,ok,,absent_from_source,12.0,ok,167.0,ok,209.0,ok
2019,37,香川,21,窯業・土石製品製造業,12.0,ok,30274.0,ok,5094.0,ok,3570.0,ok,6807.0,ok,22869.0,ok
2019,37,香川,22,鉄鋼業,7.0,ok,10189.0,ok,612.0,ok,776.0,ok,5752.0,ok,4645.0,ok
2019,37,香川,23,非鉄金属製造業,5.0,ok,49098.0,ok,6709.0,ok,5449.0,ok,7264.0,ok,40862.0,ok
2019,37,香川,24,金属製品製造業,47.0,ok,44948.0,ok,5943.0,ok,4437.0,ok,17983.0,ok,25251.0,ok
2019,37,香川,25,はん用機械器具製造業,22.0,ok,28557.0,ok,3911.0,ok,4231.0,ok,6673.0,ok,22531.0,ok
2019,37,香川,26,生産用機械器具製造業,25.0,ok,40967.0,ok,11104.0,ok,2496.0,ok,13076.0,ok,9201.0,ok
2019,37,香川,27,業務用機械器具製造業,2.0,ok,,suppressed,,suppressed,,suppressed,,suppressed,,suppressed
2019,37,香川,28,電子部品・デバイス・電子回路製造業,8.0,ok,13781.0,ok,4906.0,ok,2932.0,ok,3021.0,ok,8648.0,ok
2019,37,香川,29,電気機械器具製造業,36.0,ok,31361.0,ok,2898.0,ok,3291.0,ok,11385.0,ok,20175.0,ok
2019,37,香川,30,情報通信機械器具製造業,,absent_from_source,,absent_from_source,,absent_from_source,,absent_from_source,,absent_from_source,,absent_from_source
2019,37,香川,31,輸送用機械器具製造業,19.0,ok,84708.0,ok,5949.0,ok,7609.0,ok,22759.0,ok,65350.0,ok
2019,37,香川,32,その他の製造業,13.0,ok,4461.0,ok,284.0,ok,351.0,ok,2441.0,ok,2144.0,ok
2019,38,愛媛,09,食料品製造業,110.0,ok,77399.0,ok,17479.0,ok,6226.0,ok,23449.0,ok,43391.0,ok
2019,38,愛媛,10,飲料・たばこ・飼料製造業,5.0,ok,15635.0,ok,877.0,ok,872.0,ok,3821.0,ok,11846.0,ok
2019,38,愛媛,11,繊維工業,46.0,ok,94100.0,ok,17466.0,ok,11016.0,ok,18305.0,ok,69642.0,ok
2019,38,愛媛,12,木材・木製品製造業（家具を除く）,10.0,ok,9016.0,ok,438.0,ok,621.0,ok,2540.0,ok,6746.0,ok
2019,38,愛媛,13,家具・装備品製造業,3.0,ok,1473.0,ok,76.0,ok,104.0,ok,904.0,ok,601.0,ok
2019,38,愛媛,14,パルプ・紙・紙加工品製造業,75.0,ok,238425.0,ok,38448.0,ok,26337.0,ok,68034.0,ok,185353.0,ok
2019,38,愛媛,15,印刷・同関連業,16.0,ok,8699.0,ok,713.0,ok,739.0,ok,3549.0,ok,5259.0,ok
2019,38,愛媛,16,化学工業,22.0,ok,203514.0,ok,35008.0,ok,28620.0,ok,32301.0,ok,171143.0,ok
2019,38,愛媛,17,石油製品・石炭製品製造業,2.0,ok,,suppressed,,suppressed,,suppressed,,suppressed,,suppressed
2019,38,愛媛,18,プラスチック製品製造業（別掲を除く）,30.0,ok,80516.0,ok,20603.0,ok,9953.0,ok,11234.0,ok,60808.0,ok
2019,38,愛媛,19,ゴム製品製造業,4.0,ok,710.0,ok,47.0,ok,103.0,ok,186.0,ok,580.0,ok
2019,38,愛媛,20,なめし革・同製品・毛皮製造業,1.0,ok,,suppressed,,suppressed,,suppressed,,suppressed,,suppressed
2019,38,愛媛,21,窯業・土石製品製造業,14.0,ok,8128.0,ok,974.0,ok,471.0,ok,4776.0,ok,2967.0,ok
2019,38,愛媛,22,鉄鋼業,9.0,ok,22819.0,ok,1889.0,ok,2296.0,ok,8681.0,ok,14678.0,ok
2019,38,愛媛,23,非鉄金属製造業,10.0,ok,46430.0,ok,11002.0,ok,9057.0,ok,3375.0,ok,45865.0,ok
2019,38,愛媛,24,金属製品製造業,21.0,ok,15717.0,ok,2112.0,ok,1190.0,ok,7361.0,ok,7731.0,ok
2019,38,愛媛,25,はん用機械器具製造業,30.0,ok,58003.0,ok,4688.0,ok,4354.0,ok,15112.0,ok,42041.0,ok
2019,38,愛媛,26,生産用機械器具製造業,55.0,ok,56264.0,ok,10796.0,ok,5880.0,ok,16398.0,ok,35577.0,ok
2019,38,愛媛,27,業務用機械器具製造業,3.0,ok,673.0,ok,19.0,ok,44.0,ok,429.0,ok,269.0,ok
2019,38,愛媛,28,電子部品・デバイス・電子回路製造業,9.0,ok,1949.0,ok,75.0,ok,116.0,ok,1255.0,ok,752.0,ok
2019,38,愛媛,29,電気機械器具製造業,20.0,ok,29326.0,ok,3421.0,ok,3050.0,ok,11979.0,ok,18029.0,ok
2019,38,愛媛,30,情報通信機械器具製造業,,absent_from_source,,absent_from_source,,absent_from_source,,absent_from_source,,absent_from_source,,absent_from_source
2019,38,愛媛,31,輸送用機械器具製造業,34.0,ok,129347.0,ok,3787.0,ok,8237.0,ok,62216.0,ok,73130.0,ok
2019,38,愛媛,32,その他の製造業,6.0,ok,2650.0,ok,389.0,ok,247.0,ok,1033.0,ok,1504.0,ok
2019,39,高知,09,食料品製造業,46.0,ok,20971.0,ok,2647.0,ok,1445.0,ok,7301.0,ok,12674.0,ok
2019,39,高知,10,飲料・たばこ・飼料製造業,6.0,ok,3182.0,ok,149.0,ok,183.0,ok,1680.0,ok,1537.0,ok
2019,39,高知,11,繊維工業,12.0,ok,6205.0,ok,389.0,ok,351.0,ok,1902.0,ok,4498.0,ok
2019,39,高知,12,木材・木製品製造業（家具を除く）,4.0,ok,1400.0,ok,104.0,ok,83.0,ok,426.0,ok,956.0,ok
2019,39,高知,13,家具・装備品製造業,1.0,ok,,suppressed,,suppressed,,suppressed,,suppressed,,suppressed
2019,39,高知,14,パルプ・紙・紙加工品製造業,28.0,ok,25873.0,ok,2659.0,ok,3096.0,ok,5368.0,ok,20932.0,ok
2019,39,高知,15,印刷・同関連業,6.0,ok,,suppressed,,suppressed,,suppressed,,suppressed,,suppressed
2019,39,高知,16,化学工業,3.0,ok,1347.0,ok,144.0,ok,147.0,ok,132.0,ok,1269.0,ok
2019,39,高知,17,石油製品・石炭製品製造業,,absent_from_source,,absent_from_source,,absent_from_source,,absent_from_source,,absent_from_source,,absent_from_source
2019,39,高知,18,プラスチック製品製造業（別掲を除く）,9.0,ok,4641.0,ok,135.0,ok,431.0,ok,1251.0,ok,3687.0,ok
2019,39,高知,19,ゴム製品製造業,,absent_from_source,,absent_from_source,,absent_from_source,,absent_from_source,,absent_from_source,,absent_from_source
2019,39,高知,20,なめし革・同製品・毛皮製造業,1.0,ok,,suppressed,,absent_from_source,,suppressed,,absent_from_source,,suppressed
2019,39,高知,21,窯業・土石製品製造業,7.0,ok,29799.0,ok,4591.0,ok,4511.0,ok,2733.0,ok,24337.0,ok
2019,39,高知,22,鉄鋼業,8.0,ok,5071.0,ok,867.0,ok,477.0,ok,1746.0,ok,3086.0,ok
2019,39,高知,23,非鉄金属製造業,2.0,ok,,suppressed,,suppressed,,suppressed,,suppressed,,suppressed
2019,39,高知,24,金属製品製造業,9.0,ok,2008.0,ok,335.0,ok,69.0,ok,834.0,ok,934.0,ok
2019,39,高知,25,はん用機械器具製造業,7.0,ok,11453.0,ok,5089.0,ok,3908.0,ok,1018.0,ok,9259.0,ok
2019,39,高知,26,生産用機械器具製造業,28.0,ok,22886.0,ok,3353.0,ok,2765.0,ok,10500.0,ok,12326.0,ok
2019,39,高知,27,業務用機械器具製造業,6.0,ok,3167.0,ok,456.0,ok,270.0,ok,1178.0,ok,1827.0,ok
2019,39,高知,28,電子部品・デバイス・電子回路製造業,6.0,ok,4181.0,ok,573.0,ok,195.0,ok,518.0,ok,3287.0,ok
2019,39,高知,29,電気機械器具製造業,7.0,ok,1706.0,ok,116.0,ok,195.0,ok,792.0,ok,1029.0,ok
2019,39,高知,30,情報通信機械器具製造業,,absent_from_source,,absent_from_source,,absent_from_source,,absent_from_source,,absent_from_source,,absent_from_source
2019,39,高知,31,輸送用機械器具製造業,5.0,ok,9507.0,ok,1196.0,ok,653.0,ok,4971.0,ok,4012.0,ok
2019,39,高知,32,その他の製造業,7.0,ok,3773.0,ok,582.0,ok,458.0,ok,245.0,ok,3400.0,ok
2019,40,福岡,09,食料品製造業,300.0,ok,229585.0,ok,23377.0,ok,21572.0,ok,75441.0,ok,156540.0,ok
2019,40,福岡,10,飲料・たばこ・飼料製造業,24.0,ok,72744.0,ok,11038.0,ok,9310.0,ok,15038.0,ok,56811.0,ok
2019,40,福岡,11,繊維工業,35.0,ok,15483.0,ok,2748.0,ok,1489.0,ok,3716.0,ok,11493.0,ok
2019,40,福岡,12,木材・木製品製造業（家具を除く）,20.0,ok,8446.0,ok,3101.0,ok,821.0,ok,3434.0,ok,4900.0,ok
2019,40,福岡,13,家具・装備品製造業,30.0,ok,8687.0,ok,1119.0,ok,934.0,ok,2761.0,ok,5891.0,ok
2019,40,福岡,14,パルプ・紙・紙加工品製造業,43.0,ok,52143.0,ok,27564.0,ok,3792.0,ok,10272.0,ok,19517.0,ok
2019,40,福岡,15,印刷・同関連業,62.0,ok,55842.0,ok,5769.0,ok,4490.0,ok,20977.0,ok,33322.0,ok
2019,40,福岡,16,化学工業,52.0,ok,268866.0,ok,34729.0,ok,24559.0,ok,27617.0,ok,237259.0,ok
2019,40,福岡,17,石油製品・石炭製品製造業,3.0,ok,,suppressed,,suppressed,,suppressed,,suppressed,,suppressed
2019,40,福岡,18,プラスチック製品製造業（別掲を除く）,91.0,ok,92437.0,ok,17736.0,ok,9663.0,ok,17860.0,ok,66395.0,ok
2019,40,福岡,19,ゴム製品製造業,17.0,ok,48849.0,ok,12230.0,ok,8832.0,ok,12227.0,ok,34230.0,ok
2019,40,福岡,20,なめし革・同製品・毛皮製造業,1.0,ok,,suppressed,,suppressed,,suppressed,,suppressed,,suppressed
2019,40,福岡,21,窯業・土石製品製造業,62.0,ok,153563.0,ok,18570.0,ok,14591.0,ok,49189.0,ok,101468.0,ok
2019,40,福岡,22,鉄鋼業,57.0,ok,367436.0,ok,62507.0,ok,49637.0,ok,64120.0,ok,308413.0,ok
2019,40,福岡,23,非鉄金属製造業,28.0,ok,56259.0,ok,4900.0,ok,7099.0,ok,9885.0,ok,49025.0,ok
2019,40,福岡,24,金属製品製造業,141.0,ok,112662.0,ok,18102.0,ok,12057.0,ok,34657.0,ok,75577.0,ok
2019,40,福岡,25,はん用機械器具製造業,51.0,ok,50202.0,ok,5774.0,ok,3614.0,ok,18050.0,ok,30628.0,ok
2019,40,福岡,26,生産用機械器具製造業,118.0,ok,114159.0,ok,20614.0,ok,11393.0,ok,32606.0,ok,74994.0,ok
2019,40,福岡,27,業務用機械器具製造業,13.0,ok,8838.0,ok,496.0,ok,396.0,ok,2640.0,ok,6097.0,ok
2019,40,福岡,28,電子部品・デバイス・電子回路製造業,27.0,ok,62807.0,ok,28072.0,ok,15181.0,ok,6987.0,ok,49165.0,ok
2019,40,福岡,29,電気機械器具製造業,78.0,ok,63058.0,ok,10897.0,ok,7958.0,ok,12568.0,ok,50051.0,ok
2019,40,福岡,30,情報通信機械器具製造業,6.0,ok,2546.0,ok,358.0,ok,251.0,ok,956.0,ok,1404.0,ok
2019,40,福岡,31,輸送用機械器具製造業,91.0,ok,370776.0,ok,69265.0,ok,55790.0,ok,90384.0,ok,277570.0,ok
2019,40,福岡,32,その他の製造業,6.0,ok,6276.0,ok,56.0,ok,1129.0,ok,857.0,ok,6207.0,ok
2019,41,佐賀,09,食料品製造業,101.0,ok,107009.0,ok,23505.0,ok,9669.0,ok,24705.0,ok,69542.0,ok
2019,41,佐賀,10,飲料・たばこ・飼料製造業,8.0,ok,10689.0,ok,678.0,ok,1390.0,ok,3287.0,ok,8331.0,ok
2019,41,佐賀,11,繊維工業,20.0,ok,4144.0,ok,522.0,ok,482.0,ok,1125.0,ok,3036.0,ok
2019,41,佐賀,12,木材・木製品製造業（家具を除く）,6.0,ok,13204.0,ok,574.0,ok,1147.0,ok,2860.0,ok,10982.0,ok
2019,41,佐賀,13,家具・装備品製造業,6.0,ok,9559.0,ok,85.0,ok,1086.0,ok,2607.0,ok,8197.0,ok
2019,41,佐賀,14,パルプ・紙・紙加工品製造業,14.0,ok,16493.0,ok,1543.0,ok,1869.0,ok,5623.0,ok,11395.0,ok
2019,41,佐賀,15,印刷・同関連業,8.0,ok,4055.0,ok,360.0,ok,560.0,ok,787.0,ok,3485.0,ok
2019,41,佐賀,16,化学工業,19.0,ok,34905.0,ok,6787.0,ok,2779.0,ok,11143.0,ok,19449.0,ok
2019,41,佐賀,17,石油製品・石炭製品製造業,,absent_from_source,,absent_from_source,,absent_from_source,,absent_from_source,,absent_from_source,,absent_from_source
2019,41,佐賀,18,プラスチック製品製造業（別掲を除く）,24.0,ok,14958.0,ok,6145.0,ok,1725.0,ok,2892.0,ok,9492.0,ok
2019,41,佐賀,19,ゴム製品製造業,5.0,ok,9155.0,ok,4212.0,ok,2334.0,ok,1985.0,ok,6464.0,ok
2019,41,佐賀,20,なめし革・同製品・毛皮製造業,3.0,ok,258.0,ok,56.0,ok,42.0,ok,42.0,ok,224.0,ok
2019,41,佐賀,21,窯業・土石製品製造業,22.0,ok,7508.0,ok,549.0,ok,777.0,ok,2615.0,ok,5241.0,ok
2019,41,佐賀,22,鉄鋼業,6.0,ok,13881.0,ok,3142.0,ok,2026.0,ok,4213.0,ok,10132.0,ok
2019,41,佐賀,23,非鉄金属製造業,5.0,ok,22501.0,ok,9837.0,ok,4934.0,ok,2639.0,ok,17611.0,ok
2019,41,佐賀,24,金属製品製造業,29.0,ok,34234.0,ok,4070.0,ok,3992.0,ok,8489.0,ok,26113.0,ok
2019,41,佐賀,25,はん用機械器具製造業,7.0,ok,2470.0,ok,251.0,ok,330.0,ok,548.0,ok,2013.0,ok
2019,41,佐賀,26,生産用機械器具製造業,38.0,ok,24185.0,ok,3239.0,ok,2896.0,ok,4949.0,ok,19239.0,ok
2019,41,佐賀,27,業務用機械器具製造業,2.0,ok,,suppressed,,suppressed,,suppressed,,suppressed,,suppressed
2019,41,佐賀,28,電子部品・デバイス・電子回路製造業,5.0,ok,110163.0,ok,51312.0,ok,30059.0,ok,5252.0,ok,93582.0,ok
2019,41,佐賀,29,電気機械器具製造業,31.0,ok,35135.0,ok,10962.0,ok,8873.0,ok,5965.0,ok,28493.0,ok
2019,41,佐賀,30,情報通信機械器具製造業,3.0,ok,,suppressed,,suppressed,,suppressed,,suppressed,,suppressed
2019,41,佐賀,31,輸送用機械器具製造業,17.0,ok,28989.0,ok,2906.0,ok,3373.0,ok,7639.0,ok,21797.0,ok
2019,41,佐賀,32,その他の製造業,6.0,ok,7208.0,ok,430.0,ok,886.0,ok,232.0,ok,7676.0,ok
2019,42,長崎,09,食料品製造業,96.0,ok,59283.0,ok,9095.0,ok,5274.0,ok,12925.0,ok,42299.0,ok
2019,42,長崎,10,飲料・たばこ・飼料製造業,7.0,ok,11437.0,ok,4652.0,ok,885.0,ok,1463.0,ok,5353.0,ok
2019,42,長崎,11,繊維工業,35.0,ok,5416.0,ok,262.0,ok,525.0,ok,1674.0,ok,4069.0,ok
2019,42,長崎,12,木材・木製品製造業（家具を除く）,,absent_from_source,,absent_from_source,,absent_from_source,,absent_from_source,,absent_from_source,,absent_from_source
2019,42,長崎,13,家具・装備品製造業,1.0,ok,,suppressed,,suppressed,,suppressed,,suppressed,,suppressed
2019,42,長崎,14,パルプ・紙・紙加工品製造業,3.0,ok,646.0,ok,73.0,ok,54.0,ok,336.0,ok,291.0,ok
2019,42,長崎,15,印刷・同関連業,8.0,ok,3102.0,ok,228.0,ok,208.0,ok,1684.0,ok,1401.0,ok
2019,42,長崎,16,化学工業,2.0,ok,,suppressed,,suppressed,,suppressed,,suppressed,,suppressed
2019,42,長崎,17,石油製品・石炭製品製造業,,absent_from_source,,absent_from_source,,absent_from_source,,absent_from_source,,absent_from_source,,absent_from_source
2019,42,長崎,18,プラスチック製品製造業（別掲を除く）,7.0,ok,9055.0,ok,977.0,ok,1023.0,ok,2410.0,ok,6802.0,ok
2019,42,長崎,19,ゴム製品製造業,,absent_from_source,,absent_from_source,,absent_from_source,,absent_from_source,,absent_from_source,,absent_from_source
2019,42,長崎,20,なめし革・同製品・毛皮製造業,,absent_from_source,,absent_from_source,,absent_from_source,,absent_from_source,,absent_from_source,,absent_from_source
2019,42,長崎,21,窯業・土石製品製造業,13.0,ok,8248.0,ok,2462.0,ok,774.0,ok,2974.0,ok,4963.0,ok
2019,42,長崎,22,鉄鋼業,10.0,ok,10971.0,ok,384.0,ok,714.0,ok,4845.0,ok,6455.0,ok
2019,42,長崎,23,非鉄金属製造業,,absent_from_source,,absent_from_source,,absent_from_source,,absent_from_source,,absent_from_source,,absent_from_source
2019,42,長崎,24,金属製品製造業,26.0,ok,15491.0,ok,1759.0,ok,1326.0,ok,7475.0,ok,7858.0,ok
2019,42,長崎,25,はん用機械器具製造業,23.0,ok,33186.0,ok,6231.0,ok,3952.0,ok,5006.0,ok,27258.0,ok
2019,42,長崎,26,生産用機械器具製造業,12.0,ok,9185.0,ok,757.0,ok,822.0,ok,3247.0,ok,5156.0,ok
2019,42,長崎,27,業務用機械器具製造業,4.0,ok,11572.0,ok,649.0,ok,1052.0,ok,3098.0,ok,8774.0,ok
2019,42,長崎,28,電子部品・デバイス・電子回路製造業,9.0,ok,142103.0,ok,77239.0,ok,49514.0,ok,2592.0,ok,125090.0,ok
2019,42,長崎,29,電気機械器具製造業,18.0,ok,8857.0,ok,857.0,ok,1334.0,ok,2853.0,ok,6607.0,ok
2019,42,長崎,30,情報通信機械器具製造業,3.0,ok,1840.0,ok,1090.0,ok,1176.0,ok,213.0,ok,1618.0,ok
2019,42,長崎,31,輸送用機械器具製造業,37.0,ok,104415.0,ok,11492.0,ok,8273.0,ok,23831.0,ok,79422.0,ok
2019,42,長崎,32,その他の製造業,3.0,ok,6644.0,ok,768.0,ok,728.0,ok,593.0,ok,6264.0,ok
2019,43,熊本,09,食料品製造業,111.0,ok,103063.0,ok,11609.0,ok,8671.0,ok,20361.0,ok,78234.0,ok
2019,43,熊本,10,飲料・たばこ・飼料製造業,11.0,ok,21743.0,ok,2744.0,ok,2097.0,ok,6932.0,ok,14870.0,ok
2019,43,熊本,11,繊維工業,28.0,ok,17272.0,ok,1093.0,ok,647.0,ok,12202.0,ok,4491.0,ok
2019,43,熊本,12,木材・木製品製造業（家具を除く）,19.0,ok,9472.0,ok,940.0,ok,1430.0,ok,2350.0,ok,7333.0,ok
2019,43,熊本,13,家具・装備品製造業,2.0,ok,,suppressed,,suppressed,,suppressed,,suppressed,,suppressed
2019,43,熊本,14,パルプ・紙・紙加工品製造業,13.0,ok,24975.0,ok,2823.0,ok,3251.0,ok,3231.0,ok,22374.0,ok
2019,43,熊本,15,印刷・同関連業,25.0,ok,11150.0,ok,1089.0,ok,642.0,ok,3954.0,ok,6865.0,ok
2019,43,熊本,16,化学工業,21.0,ok,112259.0,ok,18978.0,ok,9626.0,ok,20890.0,ok,89870.0,ok
2019,43,熊本,17,石油製品・石炭製品製造業,,absent_from_source,,absent_from_source,,absent_from_source,,absent_from_source,,absent_from_source,,absent_from_source
2019,43,熊本,18,プラスチック製品製造業（別掲を除く）,40.0,ok,49418.0,ok,20123.0,ok,6965.0,ok,12206.0,ok,37754.0,ok
2019,43,熊本,19,ゴム製品製造業,7.0,ok,19217.0,ok,6166.0,ok,4010.0,ok,2506.0,ok,15266.0,ok
2019,43,熊本,20,なめし革・同製品・毛皮製造業,1.0,ok,,suppressed,,suppressed,,suppressed,,suppressed,,suppressed
2019,43,熊本,21,窯業・土石製品製造業,24.0,ok,13945.0,ok,2223.0,ok,1838.0,ok,5337.0,ok,8456.0,ok
2019,43,熊本,22,鉄鋼業,13.0,ok,19126.0,ok,2773.0,ok,1899.0,ok,6513.0,ok,11109.0,ok
2019,43,熊本,23,非鉄金属製造業,5.0,ok,9485.0,ok,1062.0,ok,1013.0,ok,2652.0,ok,7273.0,ok
2019,43,熊本,24,金属製品製造業,44.0,ok,41152.0,ok,5693.0,ok,4312.0,ok,13847.0,ok,27034.0,ok
2019,43,熊本,25,はん用機械器具製造業,4.0,ok,1446.0,ok,136.0,ok,130.0,ok,341.0,ok,1109.0,ok
2019,43,熊本,26,生産用機械器具製造業,50.0,ok,68313.0,ok,13007.0,ok,8827.0,ok,12225.0,ok,55783.0,ok
2019,43,熊本,27,業務用機械器具製造業,5.0,ok,3330.0,ok,388.0,ok,272.0,ok,997.0,ok,2192.0,ok
2019,43,熊本,28,電子部品・デバイス・電子回路製造業,32.0,ok,177916.0,ok,81787.0,ok,45050.0,ok,7364.0,ok,138437.0,ok
2019,43,熊本,29,電気機械器具製造業,26.0,ok,20778.0,ok,3520.0,ok,3232.0,ok,4755.0,ok,17824.0,ok
2019,43,熊本,30,情報通信機械器具製造業,3.0,ok,1903.0,ok,366.0,ok,178.0,ok,410.0,ok,1329.0,ok
2019,43,熊本,31,輸送用機械器具製造業,39.0,ok,90553.0,ok,14249.0,ok,13115.0,ok,19893.0,ok,72562.0,ok
2019,43,熊本,32,その他の製造業,10.0,ok,2147.0,ok,259.0,ok,266.0,ok,858.0,ok,2418.0,ok
2019,44,大分,09,食料品製造業,63.0,ok,35176.0,ok,4566.0,ok,3946.0,ok,8045.0,ok,27473.0,ok
2019,44,大分,10,飲料・たばこ・飼料製造業,10.0,ok,40004.0,ok,2671.0,ok,2747.0,ok,12316.0,ok,28442.0,ok
2019,44,大分,11,繊維工業,17.0,ok,4329.0,ok,261.0,ok,561.0,ok,1064.0,ok,3567.0,ok
2019,44,大分,12,木材・木製品製造業（家具を除く）,6.0,ok,7883.0,ok,8477.0,ok,201.0,ok,601.0,ok,2117.0,ok
2019,44,大分,13,家具・装備品製造業,6.0,ok,1935.0,ok,257.0,ok,162.0,ok,832.0,ok,1010.0,ok
2019,44,大分,14,パルプ・紙・紙加工品製造業,6.0,ok,14629.0,ok,1056.0,ok,1026.0,ok,6850.0,ok,7816.0,ok
2019,44,大分,15,印刷・同関連業,10.0,ok,3254.0,ok,99.0,ok,205.0,ok,1041.0,ok,2329.0,ok
2019,44,大分,16,化学工業,20.0,ok,110541.0,ok,11232.0,ok,12996.0,ok,47469.0,ok,67521.0,ok
2019,44,大分,17,石油製品・石炭製品製造業,2.0,ok,,suppressed,,suppressed,,suppressed,,suppressed,,suppressed
2019,44,大分,18,プラスチック製品製造業（別掲を除く）,33.0,ok,25176.0,ok,4689.0,ok,2638.0,ok,9725.0,ok,12768.0,ok
2019,44,大分,19,ゴム製品製造業,7.0,ok,4978.0,ok,851.0,ok,719.0,ok,435.0,ok,4526.0,ok
2019,44,大分,20,なめし革・同製品・毛皮製造業,1.0,ok,,suppressed,,suppressed,,suppressed,,suppressed,,suppressed
2019,44,大分,21,窯業・土石製品製造業,20.0,ok,52485.0,ok,12754.0,ok,4603.0,ok,5660.0,ok,45317.0,ok
2019,44,大分,22,鉄鋼業,8.0,ok,170070.0,ok,23187.0,ok,28202.0,ok,14024.0,ok,159186.0,ok
2019,44,大分,23,非鉄金属製造業,5.0,ok,44124.0,ok,7054.0,ok,5379.0,ok,4439.0,ok,39537.0,ok
2019,44,大分,24,金属製品製造業,36.0,ok,14967.0,ok,6026.0,ok,1549.0,ok,4888.0,ok,8795.0,ok
2019,44,大分,25,はん用機械器具製造業,8.0,ok,18651.0,ok,2015.0,ok,2617.0,ok,933.0,ok,18153.0,ok
2019,44,大分,26,生産用機械器具製造業,26.0,ok,21702.0,ok,3698.0,ok,1712.0,ok,4161.0,ok,16173.0,ok
2019,44,大分,27,業務用機械器具製造業,9.0,ok,5630.0,ok,731.0,ok,1369.0,ok,577.0,ok,5643.0,ok
2019,44,大分,28,電子部品・デバイス・電子回路製造業,22.0,ok,104506.0,ok,61228.0,ok,26443.0,ok,4712.0,ok,73561.0,ok
2019,44,大分,29,電気機械器具製造業,18.0,ok,9365.0,ok,1655.0,ok,1108.0,ok,2244.0,ok,6752.0,ok
2019,44,大分,30,情報通信機械器具製造業,9.0,ok,15761.0,ok,20373.0,ok,6194.0,ok,2234.0,ok,11754.0,ok
2019,44,大分,31,輸送用機械器具製造業,40.0,ok,95279.0,ok,13312.0,ok,8617.0,ok,28980.0,ok,61242.0,ok
2019,44,大分,32,その他の製造業,3.0,ok,1185.0,ok,39.0,ok,56.0,ok,134.0,ok,1071.0,ok
2019,45,宮崎,09,食料品製造業,96.0,ok,90634.0,ok,10626.0,ok,7613.0,ok,11211.0,ok,71460.0,ok
2019,45,宮崎,10,飲料・たばこ・飼料製造業,23.0,ok,59466.0,ok,7885.0,ok,7184.0,ok,6030.0,ok,54337.0,ok
2019,45,宮崎,11,繊維工業,37.0,ok,20776.0,ok,3347.0,ok,3055.0,ok,1272.0,ok,19665.0,ok
2019,45,宮崎,12,木材・木製品製造業（家具を除く）,22.0,ok,41454.0,ok,6726.0,ok,4230.0,ok,9298.0,ok,28412.0,ok
2019,45,宮崎,13,家具・装備品製造業,3.0,ok,828.0,ok,566.0,ok,298.0,ok,387.0,ok,174.0,ok
2019,45,宮崎,14,パルプ・紙・紙加工品製造業,6.0,ok,12413.0,ok,884.0,ok,1457.0,ok,2900.0,ok,10198.0,ok
2019,45,宮崎,15,印刷・同関連業,8.0,ok,3083.0,ok,408.0,ok,255.0,ok,913.0,ok,2022.0,ok
2019,45,宮崎,16,化学工業,16.0,ok,42797.0,ok,8605.0,ok,4169.0,ok,5445.0,ok,34986.0,ok
2019,45,宮崎,17,石油製品・石炭製品製造業,1.0,ok,,suppressed,,suppressed,,suppressed,,suppressed,,suppressed
2019,45,宮崎,18,プラスチック製品製造業（別掲を除く）,20.0,ok,20801.0,ok,1682.0,ok,3025.0,ok,2712.0,ok,18840.0,ok
2019,45,宮崎,19,ゴム製品製造業,6.0,ok,24721.0,ok,4786.0,ok,4664.0,ok,3137.0,ok,21850.0,ok
2019,45,宮崎,20,なめし革・同製品・毛皮製造業,,absent_from_source,,absent_from_source,,absent_from_source,,absent_from_source,,absent_from_source,,absent_from_source
2019,45,宮崎,21,窯業・土石製品製造業,11.0,ok,5411.0,ok,1239.0,ok,509.0,ok,1990.0,ok,2955.0,ok
2019,45,宮崎,22,鉄鋼業,3.0,ok,6471.0,ok,738.0,ok,1014.0,ok,909.0,ok,5935.0,ok
2019,45,宮崎,23,非鉄金属製造業,2.0,ok,,suppressed,,suppressed,,suppressed,,suppressed,,suppressed
2019,45,宮崎,24,金属製品製造業,22.0,ok,8684.0,ok,1455.0,ok,861.0,ok,2576.0,ok,5928.0,ok
2019,45,宮崎,25,はん用機械器具製造業,6.0,ok,1553.0,ok,186.0,ok,200.0,ok,427.0,ok,1161.0,ok
2019,45,宮崎,26,生産用機械器具製造業,23.0,ok,15578.0,ok,3795.0,ok,1543.0,ok,3507.0,ok,10649.0,ok
2019,45,宮崎,27,業務用機械器具製造業,8.0,ok,6500.0,ok,2031.0,ok,1243.0,ok,1176.0,ok,4547.0,ok
2019,45,宮崎,28,電子部品・デバイス・電子回路製造業,20.0,ok,37562.0,ok,5578.0,ok,5217.0,ok,3038.0,ok,35647.0,ok
2019,45,宮崎,29,電気機械器具製造業,15.0,ok,26796.0,ok,1356.0,ok,3230.0,ok,3489.0,ok,25410.0,ok
2019,45,宮崎,30,情報通信機械器具製造業,4.0,ok,1570.0,ok,230.0,ok,226.0,ok,318.0,ok,1248.0,ok
2019,45,宮崎,31,輸送用機械器具製造業,18.0,ok,18044.0,ok,3530.0,ok,2607.0,ok,2427.0,ok,15658.0,ok
2019,45,宮崎,32,その他の製造業,6.0,ok,1798.0,ok,219.0,ok,209.0,ok,537.0,ok,1142.0,ok
2019,46,鹿児島,09,食料品製造業,192.0,ok,124214.0,ok,16161.0,ok,10870.0,ok,27142.0,ok,92952.0,ok
2019,46,鹿児島,10,飲料・たばこ・飼料製造業,38.0,ok,45411.0,ok,10598.0,ok,4471.0,ok,11396.0,ok,30151.0,ok
2019,46,鹿児島,11,繊維工業,19.0,ok,4111.0,ok,263.0,ok,273.0,ok,1032.0,ok,3105.0,ok
2019,46,鹿児島,12,木材・木製品製造業（家具を除く）,7.0,ok,2522.0,ok,112.0,ok,304.0,ok,663.0,ok,2054.0,ok
2019,46,鹿児島,13,家具・装備品製造業,,absent_from_source,,absent_from_source,,absent_from_source,,absent_from_source,,absent_from_source,,absent_from_source
2019,46,鹿児島,14,パルプ・紙・紙加工品製造業,6.0,ok,28380.0,ok,2444.0,ok,3884.0,ok,3170.0,ok,26716.0,ok
2019,46,鹿児島,15,印刷・同関連業,14.0,ok,7658.0,ok,2269.0,ok,596.0,ok,3257.0,ok,2965.0,ok
2019,46,鹿児島,16,化学工業,5.0,ok,2952.0,ok,232.0,ok,234.0,ok,1605.0,ok,1353.0,ok
2019,46,鹿児島,17,石油製品・石炭製品製造業,,absent_from_source,,absent_from_source,,absent_from_source,,absent_from_source,,absent_from_source,,absent_from_source
2019,46,鹿児島,18,プラスチック製品製造業（別掲を除く）,10.0,ok,3284.0,ok,861.0,ok,362.0,ok,789.0,ok,2106.0,ok
2019,46,鹿児島,19,ゴム製品製造業,,absent_from_source,,absent_from_source,,absent_from_source,,absent_from_source,,absent_from_source,,absent_from_source
2019,46,鹿児島,20,なめし革・同製品・毛皮製造業,,absent_from_source,,absent_from_source,,absent_from_source,,absent_from_source,,absent_from_source,,absent_from_source
2019,46,鹿児島,21,窯業・土石製品製造業,19.0,ok,41400.0,ok,16832.0,ok,10567.0,ok,3480.0,ok,31596.0,ok
2019,46,鹿児島,22,鉄鋼業,2.0,ok,,suppressed,,suppressed,,suppressed,,suppressed,,suppressed
2019,46,鹿児島,23,非鉄金属製造業,3.0,ok,4783.0,ok,724.0,ok,545.0,ok,601.0,ok,4046.0,ok
2019,46,鹿児島,24,金属製品製造業,22.0,ok,9342.0,ok,1447.0,ok,1136.0,ok,1758.0,ok,7223.0,ok
2019,46,鹿児島,25,はん用機械器具製造業,3.0,ok,1314.0,ok,80.0,ok,148.0,ok,548.0,ok,838.0,ok
2019,46,鹿児島,26,生産用機械器具製造業,38.0,ok,18853.0,ok,3661.0,ok,1871.0,ok,4739.0,ok,12692.0,ok
2019,46,鹿児島,27,業務用機械器具製造業,5.0,ok,1699.0,ok,426.0,ok,265.0,ok,543.0,ok,995.0,ok
2019,46,鹿児島,28,電子部品・デバイス・電子回路製造業,40.0,ok,224757.0,ok,33219.0,ok,22988.0,ok,7223.0,ok,210875.0,ok
2019,46,鹿児島,29,電気機械器具製造業,18.0,ok,26315.0,ok,4834.0,ok,3083.0,ok,2875.0,ok,20715.0,ok
2019,46,鹿児島,30,情報通信機械器具製造業,3.0,ok,,suppressed,,suppressed,,suppressed,,suppressed,,suppressed
2019,46,鹿児島,31,輸送用機械器具製造業,7.0,ok,5705.0,ok,327.0,ok,557.0,ok,2373.0,ok,3553.0,ok
2019,46,鹿児島,32,その他の製造業,6.0,ok,4648.0,ok,1312.0,ok,595.0,ok,483.0,ok,3678.0,ok
2019,47,沖縄,09,食料品製造業,77.0,ok,62418.0,ok,9408.0,ok,5101.0,ok,17289.0,ok,42965.0,ok
2019,47,沖縄,10,飲料・たばこ・飼料製造業,16.0,ok,44552.0,ok,1174.0,ok,1851.0,ok,8169.0,ok,37274.0,ok
2019,47,沖縄,11,繊維工業,6.0,ok,796.0,ok,414.0,ok,39.0,ok,142.0,ok,290.0,ok
2019,47,沖縄,12,木材・木製品製造業（家具を除く）,,absent_from_source,,absent_from_source,,absent_from_source,,absent_from_source,,absent_from_source,,absent_from_source
2019,47,沖縄,13,家具・装備品製造業,,absent_from_source,,absent_from_source,,absent_from_source,,absent_from_source,,absent_from_source,,absent_from_source
2019,47,沖縄,14,パルプ・紙・紙加工品製造業,4.0,ok,5045.0,ok,295.0,ok,274.0,ok,2413.0,ok,2628.0,ok
2019,47,沖縄,15,印刷・同関連業,9.0,ok,5381.0,ok,320.0,ok,338.0,ok,2236.0,ok,3362.0,ok
2019,47,沖縄,16,化学工業,7.0,ok,3034.0,ok,279.0,ok,251.0,ok,913.0,ok,2197.0,ok
2019,47,沖縄,17,石油製品・石炭製品製造業,,absent_from_source,,absent_from_source,,absent_from_source,,absent_from_source,,absent_from_source,,absent_from_source
2019,47,沖縄,18,プラスチック製品製造業（別掲を除く）,5.0,ok,2811.0,ok,159.0,ok,256.0,ok,1027.0,ok,1925.0,ok
2019,47,沖縄,19,ゴム製品製造業,,absent_from_source,,absent_from_source,,absent_from_source,,absent_from_source,,absent_from_source,,absent_from_source
2019,47,沖縄,20,なめし革・同製品・毛皮製造業,,absent_from_source,,absent_from_source,,absent_from_source,,absent_from_source,,absent_from_source,,absent_from_source
2019,47,沖縄,21,窯業・土石製品製造業,22.0,ok,21053.0,ok,1603.0,ok,978.0,ok,6850.0,ok,13932.0,ok
2019,47,沖縄,22,鉄鋼業,6.0,ok,19216.0,ok,971.0,ok,1382.0,ok,10453.0,ok,9126.0,ok
2019,47,沖縄,23,非鉄金属製造業,,absent_from_source,,absent_from_source,,absent_from_source,,absent_from_source,,absent_from_source,,absent_from_source
2019,47,沖縄,24,金属製品製造業,22.0,ok,6834.0,ok,1226.0,ok,497.0,ok,3217.0,ok,2919.0,ok
2019,47,沖縄,25,はん用機械器具製造業,1.0,ok,,suppressed,,suppressed,,suppressed,,suppressed,,suppressed
2019,47,沖縄,26,生産用機械器具製造業,4.0,ok,628.0,ok,53.0,ok,113.0,ok,136.0,ok,556.0,ok
2019,47,沖縄,27,業務用機械器具製造業,1.0,ok,,suppressed,,suppressed,,suppressed,,suppressed,,absent_from_source
2019,47,沖縄,28,電子部品・デバイス・電子回路製造業,1.0,ok,,suppressed,,suppressed,,suppressed,,suppressed,,suppressed
2019,47,沖縄,29,電気機械器具製造業,4.0,ok,1612.0,ok,419.0,ok,65.0,ok,476.0,ok,792.0,ok
2019,47,沖縄,30,情報通信機械器具製造業,,absent_from_source,,absent_from_source,,absent_from_source,,absent_from_source,,absent_from_source,,absent_from_source
2019,47,沖縄,31,輸送用機械器具製造業,1.0,ok,,suppressed,,suppressed,,suppressed,,suppressed,,suppressed
2019,47,沖縄,32,その他の製造業,3.0,ok,339.0,ok,25.0,ok,19.0,ok,188.0,ok,145.0,ok
