year,prefecture_code,prefecture_name,instrument,value_added_total,employment_total,establishments_total,va_per_worker,hhi_employment,lq_max,top_industry_code,top_industry_name,lq_top,n_industries_present,suppressed_cells,va_coverage_pct,pop_total,pop_under15,pop_15_64,pop_65plus,aging_ratio,working_age_share,mfg_intensity
2016,01,北海道,CoM,1659339.0,167770.0,5189.0,9.890558502712047,0.22907779882645082,3.4050417704552967,09,食料品製造業,3.0680368947947128,24,0,100.00006026496094,5355000.0,601000.0,3153000.0,1601000.0,0.29897292250233426,0.5887955182072829,0.05320964161116397
2016,02,青森,CoM,652564.0,57283.0,1386.0,11.391931288514916,0.12170341042427045,3.3216179428089445,09,食料品製造業,1.8607111437608101,24,2,99.67160309180402,1295000.0,145000.0,749000.0,401000.0,0.3096525096525097,0.5783783783783784,0.07647930574098799
2016,03,岩手,CoM,671065.0,85282.0,2081.0,7.8687765296311065,0.09026427027091809,2.2988972959571323,09,食料品製造業,1.4583323136858928,24,0,100.00029803372253,1268000.0,148000.0,726000.0,394000.0,0.3107255520504732,0.5725552050473186,0.11746831955922865
2016,04,宮城,CoM,1274536.0,114587.0,2618.0,11.12286734097236,0.098498045187089,2.400119667797206,09,食料品製造業,1.5544974172206216,24,0,100.0000784599258,2332000.0,286000.0,1432000.0,614000.0,0.26329331046312177,0.614065180102916,0.08001885474860335
2016,05,秋田,CoM,476111.0,61695.0,1800.0,7.717173190696166,0.09065662308867084,3.9863748135966772,28,電子部品・デバイス・電子回路製造業,3.8174053662489125,24,0,99.99978996494515,1011000.0,104000.0,557000.0,350000.0,0.34619188921859545,0.5509396636993076,0.11076301615798922
2016,06,山形,CoM,929781.0,98974.0,2496.0,9.394194434902095,0.07956180965333252,4.591642535152402,09,食料品製造業,1.0127680167943254,24,0,100.00010755220853,1114000.0,133000.0,630000.0,351000.0,0.31508078994614,0.5655296229802513,0.1571015873015873
2016,07,福島,CoM,1639758.0,154979.0,3620.0,10.580517360416573,0.060527962178603595,4.296539651424234,09,食料品製造業,0.7155403910275031,24,0,100.00012196921742,1903000.0,226000.0,1118000.0,559000.0,0.29374671571203365,0.5874934314240673,0.1386216457960644
2016,08,茨城,CoM,3655662.0,262878.0,5154.0,13.906306347431128,0.07345474470610909,2.023401930447027,09,食料品製造業,1.070778167283231,24,0,100.00005470965314,2910000.0,361000.0,1748000.0,800000.0,0.27491408934707906,0.6006872852233677,0.1503878718535469
2016,09,栃木,CoM,2953019.0,201552.0,4218.0,14.651400134952766,0.07783939730217918,2.009885046521328,31,輸送用機械器具製造業,1.1525307153452466,24,0,99.9998984090519,1969000.0,249000.0,1194000.0,525000.0,0.26663280853224985,0.6063991874047739,0.16880402010050252
2016,10,群馬,CoM,3004788.0,205086.0,4794.0,14.651356016500396,0.10968754079862911,1.7785539535044124,31,輸送用機械器具製造業,1.7785539535044124,24,0,99.99993343956379,1969000.0,247000.0,1165000.0,557000.0,0.28288471305231083,0.5916708989334688,0.17603948497854077
2016,11,埼玉,CoM,4416028.0,384055.0,10975.0,11.49842600669175,0.07951745242831174,2.54366113471885,09,食料品製造業,1.1637147861194537,24,0,100.00002264478395,7288000.0,909000.0,4523000.0,1856000.0,0.25466520307354557,0.620609220636663,0.0849115631218218
2016,12,千葉,CoM,2894200.0,202833.0,4815.0,14.268881296435984,0.10336711896903,3.92811791287987,09,食料品製造業,1.6495838735622,24,0,100.0,6242000.0,764000.0,3828000.0,1650000.0,0.2643383530919577,0.6132649791733419,0.05298667711598746
2016,13,東京,CoM,3305093.0,252315.0,10789.0,13.099074569486554,0.0810519270390184,4.896230287619971,15,印刷・同関連業,4.896230287619971,24,0,100.00003025633468,13646000.0,1539000.0,8992000.0,3114000.0,0.22819873955737946,0.6589476769749377,0.028059942170818506
2016,14,神奈川,CoM,4897348.0,350673.0,7697.0,13.965569062916163,0.08675378577319845,2.4675390300528246,31,輸送用機械器具製造業,1.2795749640276954,24,0,99.9999591615707,9152000.0,1136000.0,5783000.0,2233000.0,0.2439903846153846,0.6318837412587412,0.06063859588448902
2016,15,新潟,CoM,1798864.0,184942.0,5339.0,9.726638621838198,0.08635772208059816,1.7205975233969284,09,食料品製造業,1.2329796377120572,24,0,99.99988881872115,2286000.0,271000.0,1316000.0,699000.0,0.30577427821522307,0.5756780402449694,0.14053343465045592
2016,16,富山,CoM,1293904.0,124328.0,2717.0,10.407181005083327,0.0805941770692335,2.8262845668726904,24,金属製品製造業,1.9793388612676668,24,0,99.9999227145136,1061000.0,127000.0,605000.0,330000.0,0.3110273327049953,0.5702167766258247,0.20550082644628098
2016,17,石川,CoM,1030596.0,101950.0,2861.0,10.108837665522314,0.09062136133527647,3.051559272177115,26,生産用機械器具製造業,2.449806121917761,24,0,100.0,1151000.0,147000.0,678000.0,326000.0,0.2832319721980886,0.5890529973935708,0.15036873156342184
2016,18,福井,CoM,734803.0,72942.0,2161.0,10.073798360341092,0.09766444022079429,6.243078620481674,11,繊維工業,6.243078620481674,24,0,100.0,783000.0,102000.0,452000.0,229000.0,0.29246487867177523,0.5772669220945083,0.16137610619469026
2016,19,山梨,CoM,867775.0,71191.0,1764.0,12.189391917517664,0.08594561765046746,2.8878957123039415,26,生産用機械器具製造業,2.191089846641073,24,0,100.0,831000.0,101000.0,488000.0,241000.0,0.29001203369434414,0.5872442839951865,0.14588319672131148
2016,20,長野,CoM,2051401.0,198887.0,4994.0,10.314404661943717,0.07979544194080573,4.548486934576686,28,電子部品・デバイス・電子回路製造業,2.650510107811991,24,0,100.0,2091000.0,266000.0,1185000.0,640000.0,0.30607364897178385,0.5667144906743186,0.16783713080168777
2016,21,岐阜,CoM,1958177.0,198775.0,5721.0,9.851223745440825,0.078308461639199,2.8312109071369327,31,輸送用機械器具製造業,1.1458980130259129,24,0,100.00005106790653,2024000.0,264000.0,1179000.0,581000.0,0.28705533596837945,0.5825098814229249,0.16859626802374894
2016,22,静岡,CoM,5682219.0,398450.0,9299.0,14.2608081315096,0.095737302690415,2.099002424401134,31,輸送用機械器具製造業,1.5508643070559083,24,0,100.00001759875852,3690000.0,472000.0,2168000.0,1050000.0,0.2845528455284553,0.5875338753387533,0.1837869003690037
2016,23,愛知,CoM,12975269.0,828077.0,15870.0,15.669157578341144,0.17655046964448845,2.7325333071679743,31,輸送用機械器具製造業,2.7325333071679743,24,0,100.0,7509000.0,1019000.0,4669000.0,1821000.0,0.24250898921294448,0.6217871887068851,0.17735639323195546
2016,24,三重,CoM,3083823.0,197322.0,3498.0,15.628378994739563,0.08760378068082633,2.5069110869756703,31,輸送用機械器具製造業,1.437575616589803,23,0,100.00003242728263,1809000.0,231000.0,1063000.0,515000.0,0.2846876727473742,0.5876174682144831,0.1856274694261524
2016,25,滋賀,CoM,2701699.0,155197.0,2655.0,17.40819087997835,0.07126972275233484,1.9714277223461663,29,電気機械器具製造業,1.8321815475084684,24,0,99.9999629862542,1414000.0,202000.0,861000.0,350000.0,0.24752475247524752,0.6089108910891089,0.1802520325203252
2016,26,京都,CoM,2016653.0,143999.0,4398.0,14.004631976610948,0.0735151496570981,2.185389517665134,09,食料品製造業,1.0767084421622424,24,0,100.00009917422581,2608000.0,313000.0,1562000.0,733000.0,0.28105828220858897,0.5989263803680982,0.0921888604353393
2016,27,大阪,CoM,5230068.0,436048.0,15990.0,11.994248339632334,0.07341332502905523,1.8119450469977483,24,金属製品製造業,1.7871292474445464,24,0,100.0,8841000.0,1085000.0,5390000.0,2366000.0,0.2676167854315123,0.6096595407759303,0.08089944341372912
2016,28,兵庫,CoM,4882005.0,356782.0,7996.0,13.683439747520895,0.0759580330636793,3.7113754486615282,09,食料品製造業,1.0265748971408817,24,0,100.0,5526000.0,703000.0,3289000.0,1534000.0,0.27759681505609846,0.5951863916033298,0.10847734873821831
2016,29,奈良,CoM,652598.0,62251.0,1923.0,10.483333601066649,0.0734203796943424,2.749579258368515,09,食料品製造業,1.0779618814659278,24,0,100.00015323369058,1357000.0,167000.0,790000.0,401000.0,0.2955047899778924,0.5821665438467207,0.0787987341772152
2016,30,和歌山,CoM,848762.0,52439.0,1736.0,16.18570148172162,0.0782440457021781,5.211755926280526,09,食料品製造業,1.1267770991469706,24,2,98.82723307593884,956000.0,114000.0,539000.0,302000.0,0.3158995815899582,0.5638075313807531,0.09728942486085343
2016,31,鳥取,CoM,236103.0,32725.0,820.0,7.21475935828877,0.1128136316655977,3.5180489278163702,09,食料品製造業,1.539088328738205,24,2,99.51631279568662,570000.0,73000.0,324000.0,173000.0,0.30350877192982456,0.5684210526315789,0.10100308641975309
2016,32,島根,CoM,380203.0,40519.0,1140.0,9.38332634072904,0.07796475725852874,4.071019755276061,09,食料品製造業,0.9686441433360671,24,2,94.76043061206776,691000.0,86000.0,377000.0,228000.0,0.3299565846599132,0.5455861070911722,0.10747745358090185
2016,33,岡山,CoM,1815032.0,144761.0,3272.0,12.53812836330227,0.07457453747539904,2.5110962187719865,09,食料品製造業,0.932747970396793,24,0,100.0,1917000.0,248000.0,1109000.0,560000.0,0.2921231090245175,0.5785080855503391,0.13053291253381424
2016,34,広島,CoM,3200092.0,215192.0,4920.0,14.870868805531805,0.10585089168837072,1.7356301058479964,31,輸送用機械器具製造業,1.7356301058479964,24,0,100.0,2840000.0,373000.0,1669000.0,798000.0,0.28098591549295776,0.5876760563380282,0.1289346914319952
2016,35,山口,CoM,1775495.0,92396.0,1735.0,19.216145720593964,0.08919053852755651,3.6130851118332536,16,化学工業,3.3912963605373774,24,2,99.96057437503345,1394000.0,167000.0,769000.0,457000.0,0.3278335724533716,0.5516499282639885,0.12015084525357607
2016,36,徳島,CoM,759517.0,47175.0,1146.0,16.09998940116587,0.0963140521612045,3.308496839081556,28,電子部品・デバイス・電子回路製造業,3.308496839081556,24,3,99.8983564554842,750000.0,86000.0,426000.0,238000.0,0.31733333333333336,0.568,0.11073943661971831
2016,37,香川,CoM,738906.0,69679.0,1890.0,10.604428881011495,0.08683817359780402,4.079833500471102,09,食料品製造業,1.4218387574977394,23,0,100.00027067042356,973000.0,122000.0,554000.0,297000.0,0.3052415210688592,0.5693730729701952,0.12577436823104693
2016,38,愛媛,CoM,1034794.0,76840.0,2189.0,13.466866215512754,0.09117661217790382,5.527558771010069,09,食料品製造業,1.2041730202769818,23,2,99.83697238290907,1377000.0,167000.0,778000.0,432000.0,0.3137254901960784,0.5649963689179376,0.09876606683804627
2016,39,高知,CoM,190543.0,25719.0,1156.0,7.4086473035499045,0.10251191215580609,4.145242848032021,09,食料品製造業,1.6336031740187784,22,2,98.18623617766069,721000.0,82000.0,397000.0,242000.0,0.3356449375866852,0.550624133148405,0.06478337531486146
2016,40,福岡,CoM,2439572.0,216032.0,5348.0,11.292641830839875,0.09104925904082173,1.7575963024734882,09,食料品製造業,1.3336669613678864,24,0,100.00004099079676,5113000.0,679000.0,3079000.0,1355000.0,0.2650107568941913,0.6021904948171328,0.07016303994803508
2016,41,佐賀,CoM,646112.0,60600.0,1350.0,10.661914191419141,0.11056206090906119,2.4703339917835114,09,食料品製造業,1.8539131031642426,24,2,99.50999207567727,829000.0,115000.0,478000.0,236000.0,0.28468033775633295,0.5765983112183354,0.12677824267782425
2016,42,長崎,CoM,665163.0,58643.0,1676.0,11.342581382262162,0.13572874740594504,2.6294968731672888,09,食料品製造業,1.7743871865418983,24,3,99.93535419137865,1367000.0,176000.0,775000.0,416000.0,0.3043160204828091,0.5669348939283102,0.07566838709677419
2016,43,熊本,CoM,1031464.0,91551.0,2037.0,11.266550884206618,0.0978263865612938,2.2904521074807587,09,食料品製造業,1.3529122736427819,24,2,99.60444571987,1775000.0,239000.0,1013000.0,522000.0,0.29408450704225353,0.5707042253521126,0.09037611056268509
2016,44,大分,CoM,824701.0,65942.0,1472.0,12.506460222619879,0.06742299992572534,4.032009728760601,31,輸送用機械器具製造業,0.961480936446728,24,0,99.99987874393264,1160000.0,145000.0,653000.0,361000.0,0.3112068965517241,0.5629310344827586,0.10098315467075038
2016,45,宮崎,CoM,545878.0,55610.0,1424.0,9.816184139543248,0.10998420260606392,4.574951448698509,09,食料品製造業,1.813833573344291,23,0,100.0,1097000.0,148000.0,617000.0,332000.0,0.30264357338195075,0.5624430264357339,0.09012965964343599
2016,46,鹿児島,CoM,657151.0,69683.0,2094.0,9.43057847681644,0.18694011507794597,6.179284470570079,09,食料品製造業,2.4804817814286793,24,2,99.9370007806425,1637000.0,220000.0,925000.0,493000.0,0.3011606597434331,0.5650580329871716,0.07533297297297298
2016,47,沖縄,CoM,163002.0,24760.0,1116.0,6.583279483037157,0.2419647452376416,5.897966572370608,09,食料品製造業,3.052103853861095,22,3,98.93007447761377,1442000.0,248000.0,900000.0,293000.0,0.2031900138696255,0.624133148404993,0.02751111111111111
2017,01,北海道,CoM,1622337.0,167634.0,5080.0,9.677851748451985,0.23206110980233227,3.325283033325844,09,食料品製造業,3.1176208943976467,24,0,100.00006163947441,5325000.0,591000.0,3105000.0,1630000.0,0.3061032863849765,0.5830985915492958,0.05398840579710145
2017,02,青森,CoM,639704.0,56739.0,1368.0,11.274502546749149,0.11690891688540513,3.594250660278675,09,食料品製造業,1.817960304887631,24,2,99.60419193877168,1282000.0,141000.0,734000.0,407000.0,0.3174726989079563,0.5725429017160687,0.07730108991825613
2017,03,岩手,CoM,757934.0,86662.0,2087.0,8.74586323878978,0.09113729005338284,2.303165182362796,09,食料品製造業,1.4811226722578061,24,0,99.99986806239066,1254000.0,144000.0,711000.0,399000.0,0.3181818181818182,0.5669856459330144,0.12188748241912799
2017,04,宮城,CoM,1427060.0,117177.0,2629.0,12.178669875487511,0.10003844725597473,2.300658450031989,09,食料品製造業,1.6061769885010375,24,0,100.0,2326000.0,282000.0,1418000.0,626000.0,0.2691315563198624,0.6096302665520207,0.08263540197461212
2017,05,秋田,CoM,577219.0,63009.0,1758.0,9.160897649542129,0.09122333140667549,3.8035149474508136,28,電子部品・デバイス・電子回路製造業,3.8035149474508136,24,0,100.00017324447047,999000.0,101000.0,543000.0,354000.0,0.35435435435435436,0.5435435435435435,0.11603867403314917
2017,06,山形,CoM,1121216.0,101074.0,2482.0,11.093020954943903,0.08003968733030671,4.308114125035581,09,食料品製造業,1.0133107656261024,24,0,100.0,1103000.0,130000.0,618000.0,355000.0,0.32184950135992746,0.5602901178603807,0.16355016181229773
2017,07,福島,CoM,1741294.0,158584.0,3559.0,10.98026282601019,0.060076622825851286,4.339631269448759,09,食料品製造業,0.7110383289509198,24,0,99.999942571444,1886000.0,222000.0,1098000.0,566000.0,0.30010604453870626,0.5821845174973489,0.14442987249544625
2017,08,茨城,CoM,4363123.0,271055.0,5043.0,16.09681798896903,0.07363503601299641,1.9983327799279211,09,食料品製造業,1.0556990097317924,24,0,100.00004583872607,2902000.0,356000.0,1729000.0,818000.0,0.28187456926257753,0.5957960027567195,0.1567698091382302
2017,09,栃木,CoM,3100827.0,206152.0,4210.0,15.041459699639102,0.07743952135573375,1.9233928828357045,31,輸送用機械器具製造業,1.1216309064947838,24,0,100.00003224946119,1962000.0,245000.0,1181000.0,536000.0,0.273190621814475,0.6019367991845056,0.1745571549534293
2017,10,群馬,CoM,3175587.0,211738.0,4763.0,14.99771887899196,0.11186171429963065,1.8064487291413203,31,輸送用機械器具製造業,1.8064487291413203,24,0,99.99993701951797,1963000.0,242000.0,1155000.0,567000.0,0.2888436067244014,0.5883851248089659,0.18332294372294372
2017,11,埼玉,CoM,4787925.0,396691.0,10902.0,12.069658752026136,0.08071744594858953,2.4883357739971377,09,食料品製造業,1.1958590655226777,24,0,100.0,7307000.0,902000.0,4506000.0,1899000.0,0.2598877788422061,0.616668947584508,0.08803617399023524
2017,12,千葉,CoM,3211912.0,207400.0,4774.0,15.48655737704918,0.10538137950787126,3.832812451815573,09,食料品製造業,1.6739880172472725,24,0,100.00006226820659,6258000.0,759000.0,3818000.0,1681000.0,0.26861617130073506,0.6100990731863215,0.05432163436354112
2017,13,東京,CoM,3214457.0,251310.0,10322.0,12.790804186065019,0.08204582432366207,5.267041671174989,15,印刷・同関連業,5.071516941429697,24,0,100.0,13768000.0,1550000.0,9070000.0,3148000.0,0.22864613596746078,0.6587739686228936,0.027707828004410143
2017,14,神奈川,CoM,5310488.0,359025.0,7604.0,14.791415639579416,0.08467650960754282,2.657617598364584,31,輸送用機械器具製造業,1.1936183932433657,24,0,99.99998116933885,9173000.0,1124000.0,5772000.0,2277000.0,0.24822849667502453,0.6292379810312875,0.06220114345114345
2017,15,新潟,CoM,1847742.0,187330.0,5312.0,9.863566967383761,0.08497617651032267,1.754566436323683,09,食料品製造業,1.1805161925807435,24,0,100.0,2267000.0,266000.0,1294000.0,708000.0,0.3123070136744596,0.5707984119982356,0.14476816074188562
2017,16,富山,CoM,1360646.0,124909.0,2700.0,10.893098175471744,0.08080434487713119,2.84275797768788,24,金属製品製造業,1.955490980373126,24,0,100.00014698900375,1056000.0,124000.0,599000.0,333000.0,0.3153409090909091,0.5672348484848485,0.20852921535893154
2017,17,石川,CoM,1048629.0,104419.0,2858.0,10.04251142033538,0.09034112233070057,3.066867194995751,26,生産用機械器具製造業,2.41194925788815,24,0,99.99990463738844,1148000.0,145000.0,673000.0,330000.0,0.2874564459930314,0.5862369337979094,0.15515453194650816
2017,18,福井,CoM,747383.0,73300.0,2124.0,10.196221009549795,0.09594418125068631,6.415561054762402,11,繊維工業,6.415561054762402,24,0,100.00026760041372,780000.0,101000.0,448000.0,231000.0,0.29615384615384616,0.5743589743589743,0.16361607142857143
2017,19,山梨,CoM,964169.0,73146.0,1738.0,13.181431657233478,0.09000528930389406,2.8098625433096354,26,生産用機械器具製造業,2.365576680354391,24,0,100.0,826000.0,99000.0,482000.0,244000.0,0.29539951573849876,0.5835351089588378,0.1517551867219917
2017,20,長野,CoM,2190597.0,202731.0,4932.0,10.80543676102816,0.07917057928568563,4.61928186700633,28,電子部品・デバイス・電子回路製造業,2.601856977522673,24,0,100.0001369489687,2082000.0,261000.0,1176000.0,645000.0,0.30979827089337175,0.5648414985590778,0.172390306122449
2017,21,岐阜,CoM,1977666.0,201329.0,5621.0,9.823055794247226,0.07714240372755327,2.80329209310826,31,輸送用機械器具製造業,1.1325549713957057,24,0,100.00010112931102,2012000.0,259000.0,1164000.0,589000.0,0.2927435387673956,0.5785288270377733,0.17296305841924398
2017,22,静岡,CoM,5976818.0,405154.0,9138.0,14.751965919131985,0.09673927903712341,2.121610604011362,31,輸送用機械器具製造業,1.565935825393532,24,0,99.99998326868914,3681000.0,465000.0,2149000.0,1066000.0,0.2895952186905732,0.5838087476229286,0.18853140995812007
2017,23,愛知,CoM,13641585.0,846075.0,15576.0,16.123375587270633,0.18049543581938604,2.7498963348020777,31,輸送用機械器具製造業,2.7498963348020777,24,0,100.00000733052647,7528000.0,1011000.0,4665000.0,1851000.0,0.24588204038257172,0.6196865037194474,0.18136655948553054
2017,24,三重,CoM,3407734.0,200475.0,3447.0,16.99829903978052,0.08910659199614782,2.370452749240783,31,輸送用機械器具製造業,1.4493227915149443,23,0,100.0,1801000.0,227000.0,1053000.0,521000.0,0.2892837312604109,0.5846751804553026,0.19038461538461537
2017,25,滋賀,CoM,2832622.0,158175.0,2691.0,17.908152362889204,0.06971846509982318,1.9769797998008232,29,電気機械器具製造業,1.555650422518578,24,0,100.00003530298076,1414000.0,200000.0,857000.0,357000.0,0.2524752475247525,0.6060820367751061,0.18456826137689614
2017,26,京都,CoM,2198449.0,144940.0,4215.0,15.167993652545881,0.0727835450017726,2.2283030439811724,09,食料品製造業,1.0373119165576916,24,0,100.00013645984056,2604000.0,310000.0,1552000.0,742000.0,0.2849462365591398,0.5960061443932412,0.09338917525773197
2017,27,大阪,CoM,5674421.0,443034.0,15784.0,12.808093735469512,0.07392250950001987,1.8766693711099052,24,金属製品製造業,1.7894687979151076,24,0,99.99998237705661,8841000.0,1071000.0,5372000.0,2398000.0,0.27123628548806694,0.6076235719941183,0.08247096053611318
2017,28,兵庫,CoM,4977699.0,361956.0,7798.0,13.752221264463085,0.07668374670320842,3.7558013778704398,09,食料品製造業,1.0386184374471648,24,0,100.0,5515000.0,695000.0,3262000.0,1558000.0,0.2825022665457842,0.5914777878513146,0.11096137339055794
2017,29,奈良,CoM,682633.0,61556.0,1881.0,11.089625706673598,0.07079704987795418,2.720270891737243,09,食料品製造業,0.9885332110712468,24,0,100.00029298319888,1349000.0,164000.0,778000.0,408000.0,0.30244625648628615,0.5767234988880652,0.07912082262210797
2017,30,和歌山,CoM,762407.0,53037.0,1699.0,14.375002356845222,0.07927031978808236,5.504916087716988,09,食料品製造業,1.136101880020978,24,2,98.60323947707721,948000.0,113000.0,531000.0,305000.0,0.3217299578059072,0.560126582278481,0.09988135593220339
2017,31,鳥取,CoM,255349.0,33874.0,825.0,7.5382003896794005,0.10898856027861958,3.5736986633584626,09,食料品製造業,1.4996994641332988,24,2,99.2296817297111,566000.0,72000.0,319000.0,175000.0,0.30918727915194344,0.5636042402826855,0.10618808777429467
2017,32,島根,CoM,403183.0,41542.0,1122.0,9.705430648500313,0.07957397518015953,3.892295768539485,28,電子部品・デバイス・電子回路製造業,2.814367023409463,24,0,100.0,687000.0,85000.0,372000.0,229000.0,0.3333333333333333,0.5414847161572053,0.11167204301075269
2017,33,岡山,CoM,1958613.0,145720.0,3186.0,13.440934669228657,0.0723722049868104,2.5860867307263176,09,食料品製造業,0.8871081511862767,24,0,100.00010211307695,1911000.0,244000.0,1102000.0,565000.0,0.2956567242281528,0.5766614338042909,0.13223230490018148
2017,34,広島,CoM,3178011.0,216899.0,4802.0,14.65203159074039,0.10614177746227377,1.7067503579727192,31,輸送用機械器具製造業,1.7067503579727192,24,0,100.00003146622211,2833000.0,369000.0,1657000.0,807000.0,0.2848570420049418,0.5848923402753265,0.13089861194930597
2017,35,山口,CoM,1925074.0,93054.0,1709.0,20.68770821243579,0.09007830002153555,3.816848134983923,16,化学工業,3.364448451066751,24,3,99.70411527037403,1382000.0,164000.0,757000.0,461000.0,0.33357452966714907,0.5477568740955138,0.12292470277410832
2017,36,徳島,CoM,821792.0,47398.0,1137.0,17.33811553230094,0.0997129195689342,3.528751157933055,28,電子部品・デバイス・電子回路製造業,3.528751157933055,24,2,99.93173455083524,744000.0,84000.0,418000.0,241000.0,0.3239247311827957,0.5618279569892473,0.11339234449760766
2017,37,香川,CoM,812827.0,69578.0,1847.0,11.682241513121964,0.08730448602082072,3.8977211857813443,09,食料品製造業,1.4349042639718035,23,0,99.99987697259073,968000.0,121000.0,548000.0,299000.0,0.30888429752066116,0.5661157024793388,0.12696715328467154
2017,38,愛媛,CoM,1094226.0,77264.0,2152.0,14.162171256989025,0.08945556616744087,5.6484192553521275,09,食料品製造業,1.1577258746083046,23,2,99.8588043055091,1368000.0,165000.0,766000.0,437000.0,0.3194444444444444,0.5599415204678363,0.1008668407310705
2017,39,高知,CoM,201921.0,26069.0,1146.0,7.745636579845794,0.10168940425190905,4.334325346353919,09,食料品製造業,1.6228415943274574,22,2,98.3310304525037,714000.0,81000.0,390000.0,244000.0,0.34173669467787116,0.5462184873949579,0.06684358974358974
2017,40,福岡,CoM,2571632.0,219552.0,5219.0,11.713088471068357,0.09106375052986487,1.8057304193544268,09,食料品製造業,1.3327127312632199,24,0,100.0,5123000.0,677000.0,3065000.0,1381000.0,0.26956861214132344,0.5982822564903377,0.07163197389885807
2017,41,佐賀,CoM,684336.0,61207.0,1326.0,11.180681948143187,0.10874683919101254,2.703983208600562,09,食料品製造業,1.8403845025384313,24,0,100.00014612704871,825000.0,113000.0,472000.0,240000.0,0.2909090909090909,0.5721212121212121,0.1296758474576271
2017,42,長崎,CoM,617818.0,57358.0,1638.0,10.771261201576067,0.12933424888878922,2.542090108174602,09,食料品製造業,1.8116551792979225,24,3,99.91696583783573,1355000.0,173000.0,759000.0,422000.0,0.3114391143911439,0.5601476014760147,0.07557048748353096
2017,43,熊本,CoM,1069839.0,92874.0,2022.0,11.519251889656955,0.09659809334307531,2.2634856308061324,09,食料品製造業,1.3142373674468826,24,2,99.64237609584245,1767000.0,237000.0,1000000.0,530000.0,0.29994340690435767,0.5659309564233164,0.092874
2017,44,大分,CoM,955269.0,66570.0,1459.0,14.349842271293376,0.06855301882186132,4.397491666429083,31,輸送用機械器具製造業,0.9542446066986101,24,0,100.00031404766617,1152000.0,144000.0,643000.0,366000.0,0.3177083333333333,0.5581597222222222,0.1035303265940902
2017,45,宮崎,CoM,593359.0,56066.0,1411.0,10.5832233439161,0.10692751786087519,4.539611025653309,09,食料品製造業,1.7893973856059142,23,0,100.00016853203542,1091000.0,147000.0,606000.0,338000.0,0.30980751604032997,0.5554537121906508,0.09251815181518151
2017,46,鹿児島,CoM,750608.0,70438.0,2035.0,10.656293477952241,0.1838155366096512,6.177106086091358,09,食料品製造業,2.4346824132276357,24,2,99.94617696587301,1626000.0,217000.0,908000.0,501000.0,0.3081180811808118,0.5584255842558425,0.0775748898678414
2017,47,沖縄,CoM,172140.0,26042.0,1118.0,6.610091390830197,0.24729462767077487,5.935835331967798,09,食料品製造業,3.1135847557829583,21,2,99.65725572208667,1448000.0,248000.0,897000.0,303000.0,0.20925414364640885,0.619475138121547,0.02903232998885173
2018,01,北海道,CoM,1691669.0,170662.0,5063.0,9.912394088900868,0.23428833282325306,3.2586482209384444,09,食料品製造業,3.1458654837138895,24,0,100.00005911321897,5293000.0,580000.0,3061000.0,1652000.0,0.3121103344039297,0.5783109767617608,0.05575367526951976
2018,02,青森,CoM,552138.0,57586.0,1377.0,9.588059597818914,0.11745380210476024,3.8068075405748836,09,食料品製造業,1.847504001103678,24,2,99.47132782021886,1268000.0,138000.0,718000.0,412000.0,0.3249211356466877,0.5662460567823344,0.0802033426183844
2018,03,岩手,CoM,801382.0,87940.0,2087.0,9.112826927450534,0.09084131653846936,2.209271812494437,09,食料品製造業,1.473549313507063,24,0,99.99987521556511,1240000.0,141000.0,697000.0,403000.0,0.325,0.5620967741935484,0.1261692969870875
2018,04,宮城,CoM,1448220.0,118720.0,2579.0,12.19861859838275,0.10149333626517536,2.3664327034519737,09,食料品製造業,1.6319746290153165,24,0,99.99979284915275,2320000.0,279000.0,1406000.0,635000.0,0.27370689655172414,0.6060344827586207,0.08443812233285918
2018,05,秋田,CoM,502839.0,62539.0,1711.0,8.040406786165432,0.09178419850969582,3.815680207197274,28,電子部品・デバイス・電子回路製造業,3.815680207197274,24,0,99.99980112918847,985000.0,99000.0,530000.0,356000.0,0.3614213197969543,0.5380710659898477,0.11799811320754718
2018,06,山形,CoM,1061358.0,101048.0,2436.0,10.503503285567255,0.0777609321478979,4.410312065737838,09,食料品製造業,1.0102147267241839,24,0,100.00018843783154,1092000.0,127000.0,607000.0,358000.0,0.32783882783882784,0.5558608058608059,0.16647116968698517
2018,07,福島,CoM,1753608.0,160549.0,3518.0,10.922571925082062,0.059672360678392156,4.28224810411447,09,食料品製造業,0.68520020677784,24,0,100.00011405057458,1869000.0,217000.0,1080000.0,572000.0,0.30604601391118247,0.5778491171749599,0.14865648148148147
2018,08,茨城,CoM,4493584.0,273749.0,5058.0,16.414978684853644,0.07324848146412766,1.9238774819612823,09,食料品製造業,1.0629014699253827,24,0,100.0,2892000.0,350000.0,1711000.0,831000.0,0.28734439834024894,0.5916320885200553,0.15999357101110462
2018,09,栃木,CoM,3089908.0,206973.0,4149.0,14.9290390534031,0.07927866228133296,2.3090315598089357,31,輸送用機械器具製造業,1.1532582305879715,24,0,99.99996763657688,1953000.0,240000.0,1167000.0,546000.0,0.27956989247311825,0.5975422427035331,0.1773547557840617
2018,10,群馬,CoM,3128851.0,213151.0,4640.0,14.679035050269528,0.1077864733337071,1.7484171383841367,31,輸送用機械器具製造業,1.7484171383841367,24,0,100.0000319606143,1957000.0,238000.0,1146000.0,574000.0,0.29330608073582015,0.5855901890648952,0.1859956369982548
2018,11,埼玉,CoM,4819313.0,399193.0,10796.0,12.072639049281927,0.08157542620150597,2.4868018042082003,09,食料品製造業,1.2361749123700052,24,0,100.0,7325000.0,894000.0,4498000.0,1933000.0,0.26389078498293517,0.614061433447099,0.08874899955535794
2018,12,千葉,CoM,3175385.0,212015.0,4856.0,14.977171426550008,0.1054015462675861,4.347727013552689,09,食料品製造業,1.69257823203748,24,0,100.00003149224426,6273000.0,753000.0,3815000.0,1704000.0,0.2716403634624582,0.6081619639725809,0.055574049803407605
2018,13,東京,CoM,3074291.0,246895.0,9870.0,12.451815549120072,0.08179614015944572,5.220493877932797,15,印刷・同関連業,5.129849754349949,24,0,99.99996747217489,13887000.0,1561000.0,9157000.0,3169000.0,0.22819903506876935,0.6593936775401454,0.02696243311128099
2018,14,神奈川,CoM,5310394.0,355924.0,7349.0,14.920022251941425,0.08422175400113352,2.650080047927957,31,輸送用機械器具製造業,1.2025689454068147,24,0,99.99998116900554,9197000.0,1113000.0,5775000.0,2309000.0,0.2510601283027074,0.6279221485266935,0.06163186147186147
2018,15,新潟,CoM,1897766.0,189386.0,5229.0,10.020624544580908,0.086441362734215,1.7463703910873951,09,食料品製造業,1.2254957032589826,24,0,100.0,2246000.0,260000.0,1272000.0,714000.0,0.3178984861976848,0.566340160284951,0.14888836477987422
2018,16,富山,CoM,1453575.0,127378.0,2718.0,11.411507481668734,0.08064863746172175,2.8428762929738625,24,金属製品製造業,1.9191153571889183,24,0,100.0,1050000.0,122000.0,594000.0,335000.0,0.319047619047619,0.5657142857142857,0.21444107744107743
2018,17,石川,CoM,1126401.0,105039.0,2799.0,10.72364550309885,0.09361278910405313,3.077248702660433,26,生産用機械器具製造業,2.5105281243250253,24,0,100.00026633499081,1145000.0,143000.0,669000.0,333000.0,0.2908296943231441,0.5842794759825327,0.15700896860986546
2018,18,福井,CoM,789151.0,74437.0,2091.0,10.601595980493572,0.09377021717122551,6.388383183979457,11,繊維工業,6.388383183979457,24,2,99.85326002247984,777000.0,100000.0,444000.0,233000.0,0.29987129987129985,0.5714285714285714,0.1676509009009009
2018,19,山梨,CoM,1032883.0,72032.0,1696.0,14.339224233673923,0.08941998671588479,3.3011409219686088,26,生産用機械器具製造業,2.3688711963644495,24,0,100.00009681638676,821000.0,97000.0,477000.0,247000.0,0.30085261875761266,0.5809987819732034,0.1510104821802935
2018,20,長野,CoM,2294496.0,204917.0,4825.0,11.197196913872446,0.08039956555248409,4.621541867357278,28,電子部品・デバイス・電子回路製造業,2.682251086984968,24,0,100.0,2073000.0,256000.0,1168000.0,649000.0,0.3130728412928124,0.5634346357935359,0.17544263698630136
2018,21,岐阜,CoM,2106709.0,204629.0,5487.0,10.29526117998915,0.07900804081720306,2.77238903804592,31,輸送用機械器具製造業,1.178393042482387,24,0,100.00004746740056,2001000.0,254000.0,1153000.0,595000.0,0.29735132433783107,0.5762118940529735,0.1774752818733738
2018,22,静岡,CoM,6114735.0,413309.0,9002.0,14.79458468119494,0.09663807197227209,2.1054129451436823,31,輸送用機械器具製造業,1.5380222486950823,24,0,99.99995093818457,3667000.0,458000.0,2131000.0,1078000.0,0.29397327515680394,0.5811289882737933,0.19395072735804786
2018,23,愛知,CoM,13702058.0,863149.0,15322.0,15.874499072581907,0.1778696323333686,2.7226522915556863,31,輸送用機械器具製造業,2.7226522915556863,24,0,100.0,7541000.0,1003000.0,4663000.0,1875000.0,0.24864076382442646,0.618353003580427,0.1851059403817285
2018,24,三重,CoM,3519332.0,204521.0,3405.0,17.20768038489935,0.09095600011485865,2.332530697800046,31,輸送用機械器具製造業,1.4722038862463511,23,0,100.0,1793000.0,223000.0,1045000.0,525000.0,0.2928053541550474,0.5828220858895705,0.19571387559808612
2018,25,滋賀,CoM,2885361.0,161935.0,2656.0,17.818019575755706,0.07094326354194883,2.021339645524427,29,電気機械器具製造業,1.7230770547020045,24,0,100.0,1414000.0,198000.0,854000.0,362000.0,0.256011315417256,0.6039603960396039,0.18961943793911007
2018,26,京都,CoM,2274428.0,144808.0,4118.0,15.7065079277388,0.07368392869752821,2.275088889382724,09,食料品製造業,1.040082125680547,24,0,100.0,2598000.0,305000.0,1544000.0,749000.0,0.2882986913010008,0.5943033102386451,0.09378756476683937
2018,27,大阪,CoM,5608821.0,447404.0,15500.0,12.536367578296126,0.0742318588068431,1.8622861694301682,24,金属製品製造業,1.8131517262065473,24,0,100.0,8838000.0,1059000.0,5360000.0,2419000.0,0.27370445802217697,0.6064720525005657,0.08347089552238805
2018,28,兵庫,CoM,5115858.0,364064.0,7613.0,14.052084248923267,0.07726422408825184,3.9632795322000933,09,食料品製造業,1.0363401684051299,24,0,100.00003909412654,5501000.0,687000.0,3238000.0,1576000.0,0.28649336484275584,0.5886202508634794,0.11243483631871526
2018,29,奈良,CoM,704965.0,61888.0,1835.0,11.390980480868667,0.07179904696070374,2.6670037658680497,09,食料品製造業,0.9819391924606466,24,0,100.00028370202776,1341000.0,161000.0,768000.0,413000.0,0.307979120059657,0.5727069351230425,0.08058333333333334
2018,30,和歌山,CoM,852283.0,52797.0,1660.0,16.142640680341685,0.0794707381394219,5.031805099064068,09,食料品製造業,1.11887661138063,24,2,98.9295809021182,940000.0,110000.0,523000.0,306000.0,0.32553191489361705,0.5563829787234043,0.10095028680688337
2018,31,鳥取,CoM,244111.0,33923.0,834.0,7.196032190549185,0.10953392317918312,3.0051049057691954,09,食料品製造業,1.5349003618173256,24,2,99.52890283518563,562000.0,71000.0,314000.0,176000.0,0.31316725978647686,0.5587188612099644,0.10803503184713376
2018,32,島根,CoM,441470.0,42420.0,1130.0,10.407119283356908,0.07948473994701954,3.9431252136534716,28,電子部品・デバイス・電子回路製造業,2.834829140947306,24,0,100.00022651595806,682000.0,84000.0,368000.0,230000.0,0.33724340175953077,0.5395894428152492,0.11527173913043479
2018,33,岡山,CoM,1941091.0,150412.0,3161.0,12.905160492513895,0.07321963168579887,2.64936521502891,31,輸送用機械器具製造業,0.9542484952288545,24,0,99.99994848258015,1904000.0,241000.0,1094000.0,569000.0,0.29884453781512604,0.5745798319327731,0.13748811700182814
2018,34,広島,CoM,2912463.0,220240.0,4688.0,13.224041954231748,0.10628732900633843,1.7127153455609425,31,輸送用機械器具製造業,1.7127153455609425,24,0,99.99993132959972,2824000.0,365000.0,1645000.0,814000.0,0.28824362606232296,0.5825070821529745,0.13388449848024317
2018,35,山口,CoM,1922804.0,96484.0,1703.0,19.92873429791468,0.08955231728426327,3.7350659352857174,31,輸送用機械器具製造業,1.114674180545962,23,2,99.6834830799187,1369000.0,161000.0,745000.0,464000.0,0.3389335281227173,0.5441928414901388,0.12950872483221476
2018,36,徳島,CoM,834171.0,47191.0,1090.0,17.6764849229726,0.1009431566582435,3.607237750904994,28,電子部品・デバイス・電子回路製造業,3.607237750904994,24,4,99.8544662904848,736000.0,83000.0,411000.0,243000.0,0.33016304347826086,0.5584239130434783,0.11481995133819951
2018,37,香川,CoM,807934.0,70467.0,1825.0,11.465423531582159,0.08637403013951417,3.9391120277565,09,食料品製造業,1.4028697340788838,23,0,100.00012377248638,963000.0,120000.0,542000.0,301000.0,0.3125649013499481,0.5628245067497404,0.13001291512915128
2018,38,愛媛,CoM,1020817.0,76606.0,2078.0,13.32554891261781,0.08809916014159687,5.55618937078672,09,食料品製造業,1.1710961734897603,24,2,99.93975413810703,1357000.0,162000.0,755000.0,440000.0,0.32424465733235075,0.5563743551952837,0.10146490066225165
2018,39,高知,CoM,207766.0,25553.0,1125.0,8.130786991742653,0.10316414996470305,4.522708843741582,09,食料品製造業,1.6386844530170765,22,2,98.24417854701925,707000.0,79000.0,383000.0,245000.0,0.3465346534653465,0.5417256011315418,0.06671801566579634
2018,40,福岡,CoM,2613680.0,222538.0,5159.0,11.744870538964133,0.09101039817695367,1.8106090210827341,09,食料品製造業,1.337817296261144,24,0,99.99996173976922,5131000.0,676000.0,3053000.0,1403000.0,0.2734359773923212,0.5950107191580588,0.07289158205044219
2018,41,佐賀,CoM,772537.0,61774.0,1311.0,12.505860070579855,0.10731021238697311,2.7742412848189315,09,食料品製造業,1.827186457130386,24,0,99.9998705563617,821000.0,112000.0,465000.0,243000.0,0.29598051157125455,0.5663824604141291,0.13284731182795698
2018,42,長崎,CoM,668614.0,56145.0,1640.0,11.908700685724463,0.13011389531106485,2.133962278688087,09,食料品製造業,1.869049749998301,24,2,99.9706856272827,1341000.0,171000.0,744000.0,426000.0,0.31767337807606266,0.5548098434004475,0.07546370967741936
2018,43,熊本,CoM,1011100.0,95110.0,1987.0,10.630848491220691,0.09787862983988094,2.256223346915716,09,食料品製造業,1.3516159884377117,24,2,99.61260013846307,1759000.0,235000.0,987000.0,536000.0,0.30471859010801594,0.5611142694712905,0.09636271529888552
2018,44,大分,CoM,1020102.0,66275.0,1404.0,15.391957751791777,0.06911041379800026,4.248362305260496,31,輸送用機械器具製造業,1.0137132954857602,24,0,100.0,1143000.0,141000.0,632000.0,369000.0,0.3228346456692913,0.552930883639545,0.10486550632911393
2018,45,宮崎,CoM,611617.0,56230.0,1396.0,10.877058509692334,0.10447559057020737,4.600681241047721,09,食料品製造業,1.762290431303726,24,2,99.72875181690503,1084000.0,145000.0,597000.0,342000.0,0.3154981549815498,0.5507380073800738,0.09418760469011725
2018,46,鹿児島,CoM,714323.0,71413.0,2027.0,10.002702589164437,0.18316494767245425,6.096837917958435,09,食料品製造業,2.4406548930010286,24,2,99.9554823238227,1614000.0,215000.0,894000.0,506000.0,0.3135068153655514,0.5539033457249071,0.07988031319910514
2018,47,沖縄,CoM,174349.0,26706.0,1113.0,6.52845802441399,0.24725630346777483,5.889066517453668,09,食料品製造業,3.1305349365448825,22,3,99.40234816374054,1454000.0,247000.0,894000.0,313000.0,0.2152682255845942,0.6148555708390646,0.02987248322147651
2019,01,北海道,CoM,1729928.0,168703.0,4982.0,10.254281192391362,0.22971051195400952,3.2065807398334134,09,食料品製造業,3.109034864510522,24,0,99.999942194126,5259000.0,568000.0,3025000.0,1667000.0,0.3169804145274767,0.5752044114850732,0.0557695867768595
2019,02,青森,CoM,563173.0,56877.0,1342.0,9.901594669198445,0.11829468989267827,4.018268180447575,09,食料品製造業,1.8563015162949768,23,0,100.00017756533073,1253000.0,134000.0,704000.0,415000.0,0.3312051077414206,0.5618515562649641,0.08079119318181818
2019,03,岩手,CoM,773489.0,87639.0,2055.0,8.825853786556214,0.09208961643321245,2.195660476222727,09,食料品製造業,1.4868907426524032,24,0,100.00012928432078,1226000.0,137000.0,684000.0,405000.0,0.3303425774877651,0.5579119086460033,0.12812719298245615
2019,04,宮城,CoM,1357816.0,116847.0,2528.0,11.62046094465412,0.10230788626039779,2.192553252022107,09,食料品製造業,1.645142239134984,24,0,100.0,2312000.0,274000.0,1397000.0,641000.0,0.2772491349480969,0.6042387543252595,0.08364137437365783
2019,05,秋田,CoM,494187.0,61753.0,1648.0,8.002639547876216,0.09349329125713246,3.8783298036598137,28,電子部品・デバイス・電子回路製造業,3.8783298036598137,24,0,99.9995952948985,972000.0,96000.0,518000.0,358000.0,0.3683127572016461,0.5329218106995884,0.11921428571428572
2019,06,山形,CoM,1078539.0,98407.0,2339.0,10.959982521568588,0.07797516840455651,4.017293597149907,09,食料品製造業,1.0126812114975643,24,0,100.00009271801946,1080000.0,123000.0,597000.0,359000.0,0.33240740740740743,0.5527777777777778,0.16483584589614741
2019,07,福島,CoM,1714968.0,158688.0,3485.0,10.807168784029038,0.05981449278645286,4.178801604244311,09,食料品製造業,0.689333412101952,24,0,100.00011662025182,1852000.0,212000.0,1064000.0,576000.0,0.31101511879049676,0.5745140388768899,0.14914285714285713
2019,08,茨城,CoM,4211881.0,272191.0,4927.0,15.473990690360813,0.07410559005089373,1.8548956354346084,09,食料品製造業,1.0679639065792366,24,0,99.9999762576388,2879000.0,342000.0,1697000.0,840000.0,0.2917679749913164,0.5894407780479333,0.16039540365350619
2019,09,栃木,CoM,2943811.0,203444.0,4039.0,14.46988360433338,0.07751587524799709,2.011942143666203,31,輸送用機械器具製造業,1.144827353141598,24,0,100.0,1943000.0,234000.0,1155000.0,554000.0,0.28512609366958314,0.5944415851775605,0.17614199134199135
2019,10,群馬,CoM,3063370.0,210730.0,4480.0,14.536943007640108,0.10766662929504281,1.7664584136470982,31,輸送用機械器具製造業,1.7664584136470982,24,0,100.0,1949000.0,232000.0,1138000.0,579000.0,0.29707542329399694,0.5838891739353514,0.1851757469244288
2019,11,埼玉,CoM,4756086.0,389487.0,10490.0,12.21115467268484,0.0814085289518319,2.4731137619031918,09,食料品製造業,1.245307733241853,24,0,100.00002102569215,7342000.0,884000.0,4500000.0,1958000.0,0.26668482702260965,0.6129120130754563,0.08655266666666667
2019,12,千葉,CoM,3111532.0,208486.0,4753.0,14.924416987231757,0.1034791394265091,4.365331727399051,09,食料品製造業,1.6539136166690083,24,0,99.99993572298148,6283000.0,745000.0,3818000.0,1720000.0,0.2737545758395671,0.6076714945089925,0.05460607647983237
2019,13,東京,CoM,2816070.0,245851.0,9887.0,11.454376838003506,0.08166047832640745,5.43950627860751,15,印刷・同関連業,5.187470191779113,24,0,100.00007102096184,14007000.0,1567000.0,9258000.0,3182000.0,0.2271721282216035,0.6609552366673805,0.02655551955065889
2019,14,神奈川,CoM,5067528.0,356780.0,7267.0,14.203509165311957,0.08378843606601027,2.5901582174303908,31,輸送用機械器具製造業,1.1594541716825113,24,0,100.00005920046225,9224000.0,1101000.0,5789000.0,2335000.0,0.25314397224631396,0.627601908065915,0.06163067887372603
2019,15,新潟,CoM,1877882.0,186900.0,5053.0,10.047522739432852,0.08735638414604996,1.7596587376326411,09,食料品製造業,1.2295432065159768,24,0,100.0,2224000.0,254000.0,1253000.0,717000.0,0.32239208633093525,0.5633992805755396,0.14916201117318437
2019,16,富山,CoM,1411042.0,126638.0,2645.0,11.142326947677633,0.08104236787932992,2.781853055205487,24,金属製品製造業,1.9082026862613073,24,0,100.00014173922534,1043000.0,119000.0,589000.0,335000.0,0.3211888782358581,0.5647171620325983,0.21500509337860782
2019,17,石川,CoM,1048232.0,103466.0,2748.0,10.131173525602614,0.09167746533378789,3.174986624430479,26,生産用機械器具製造業,2.4196314150964238,24,0,99.9996184050859,1139000.0,140000.0,664000.0,335000.0,0.29411764705882354,0.5829675153643546,0.1558222891566265
2019,18,福井,CoM,805354.0,72879.0,2032.0,11.050563262393831,0.09334032286509056,6.470114720031175,11,繊維工業,6.470114720031175,24,2,99.84056700531691,771000.0,98000.0,440000.0,234000.0,0.3035019455252918,0.5706874189364461,0.1656340909090909
2019,19,山梨,CoM,1006234.0,73946.0,1674.0,13.607686690287506,0.09006122803431507,3.1755870477194503,26,生産用機械器具製造業,2.385019338178736,24,0,100.0001987609244,815000.0,95000.0,472000.0,248000.0,0.3042944785276074,0.5791411042944785,0.15666525423728814
2019,20,長野,CoM,2175684.0,202222.0,4767.0,10.75888874603159,0.08044469105755014,4.6105502397261215,28,電子部品・デバイス・電子回路製造業,2.678070563166946,24,0,100.00013788767119,2061000.0,251000.0,1159000.0,651000.0,0.3158660844250364,0.5623483745754488,0.17447972389991373
2019,21,岐阜,CoM,2025282.0,203537.0,5415.0,9.950436529967524,0.07955459825038974,2.7430642923302777,31,輸送用機械器具製造業,1.2062442197119014,24,0,100.0,1992000.0,249000.0,1145000.0,598000.0,0.3002008032128514,0.5747991967871486,0.17776157205240176
2019,22,静岡,CoM,5889989.0,413000.0,8786.0,14.261474576271187,0.09581466839812627,2.09513456719181,31,輸送用機械器具製造業,1.5543482176951415,24,0,100.0,3653000.0,449000.0,2120000.0,1085000.0,0.2970161511086778,0.5803449219819327,0.194811320754717
2019,23,愛知,CoM,12810137.0,848565.0,15063.0,15.096235409190811,0.1719874491964841,2.709976421773672,31,輸送用機械器具製造業,2.709976421773672,24,0,100.00001561263552,7557000.0,992000.0,4673000.0,1891000.0,0.2502315733756782,0.6183670768823607,0.18158891504386904
2019,24,三重,CoM,2990049.0,207694.0,3398.0,14.396414918100668,0.09068911918336726,2.308790151928263,31,輸送用機械器具製造業,1.4919202188443912,23,0,100.00006688853593,1783000.0,218000.0,1038000.0,527000.0,0.2955692652832305,0.5821648906337633,0.20009055876685936
2019,25,滋賀,CoM,2920486.0,164215.0,2622.0,17.784526383095333,0.07089504874475357,2.0123764612548483,18,プラスチック製品製造業（別掲を除く）,1.688736052385388,24,0,100.0,1416000.0,195000.0,854000.0,367000.0,0.259180790960452,0.6031073446327684,0.19228922716627633
2019,26,京都,CoM,2212039.0,145211.0,4126.0,15.233274338720896,0.07310800586348085,2.312404583484019,09,食料品製造業,1.0437426094821955,24,0,99.9999095856809,2592000.0,300000.0,1539000.0,753000.0,0.29050925925925924,0.59375,0.09435412605588044
2019,27,大阪,CoM,5375996.0,444362.0,15522.0,12.098235222633798,0.07556089968158741,1.7905416718122393,24,金属製品製造業,1.7905416718122393,24,0,100.00001860120432,8842000.0,1045000.0,5365000.0,2432000.0,0.2750508934630174,0.6067631757520923,0.08282609506057782
2019,28,兵庫,CoM,5078604.0,363044.0,7510.0,13.988948997917607,0.07750106686609115,3.6792332882004253,09,食料品製造業,1.041788026066243,24,0,100.00001969045036,5488000.0,677000.0,3221000.0,1589000.0,0.2895408163265306,0.5869169096209913,0.11271158025457932
2019,29,奈良,CoM,688871.0,61560.0,1783.0,11.190237166991553,0.0718751174256002,2.76040414844191,09,食料品製造業,0.9577768152956684,24,2,99.53590730339933,1333000.0,158000.0,759000.0,417000.0,0.31282820705176295,0.5693923480870218,0.08110671936758894
2019,30,和歌山,CoM,808624.0,53497.0,1664.0,15.115314877469764,0.07891767206305292,5.412539850278901,09,食料品製造業,1.100228432459337,24,0,100.0,931000.0,108000.0,517000.0,307000.0,0.3297529538131042,0.5553168635875403,0.10347582205029014
2019,31,鳥取,CoM,247625.0,33444.0,814.0,7.404168161703145,0.1066973721875594,2.784309915501248,09,食料品製造業,1.5330078404550873,24,2,99.59495204442202,557000.0,70000.0,310000.0,177000.0,0.3177737881508079,0.5565529622980251,0.10788387096774193
2019,32,島根,CoM,437188.0,41867.0,1111.0,10.442305395657678,0.0790206998078768,3.724283940339944,28,電子部品・デバイス・電子回路製造業,2.8990729255283285,24,0,100.0,677000.0,83000.0,364000.0,230000.0,0.3397341211225997,0.5376661742983752,0.11501923076923076
2019,33,岡山,CoM,1804586.0,151056.0,3147.0,11.946470183243301,0.07322873566848206,2.6472857635333673,09,食料品製造業,0.9323551308258954,24,0,100.00005541437204,1897000.0,237000.0,1089000.0,571000.0,0.3010015814443859,0.5740643120716922,0.13871074380165288
2019,34,広島,CoM,2711693.0,218639.0,4577.0,12.402604292921207,0.10520869511795636,1.7447357828926946,31,輸送用機械器具製造業,1.7447357828926946,24,0,99.99992624533824,2813000.0,359000.0,1635000.0,818000.0,0.290792747955919,0.5812300035549236,0.13372415902140672
2019,35,山口,CoM,1942919.0,95585.0,1671.0,20.32660982371711,0.0904049824220148,3.791845198088186,16,化学工業,3.2325359426953715,23,2,99.73606722668315,1357000.0,158000.0,735000.0,464000.0,0.341930729550479,0.5416359616801769,0.13004761904761905
2019,36,徳島,CoM,872895.0,47404.0,1089.0,18.413952409079403,0.10130624501548462,3.5495680504050218,28,電子部品・デバイス・電子回路製造業,3.5495680504050218,24,3,99.84110345459649,728000.0,81000.0,403000.0,244000.0,0.33516483516483514,0.5535714285714286,0.11762779156327544
2019,37,香川,CoM,837986.0,70080.0,1774.0,11.957562785388127,0.0856601823942891,3.907441689920514,09,食料品製造業,1.3798820109651677,23,0,100.0,958000.0,117000.0,539000.0,301000.0,0.31419624217118997,0.5626304801670147,0.13001855287569572
2019,38,愛媛,CoM,1033848.0,78189.0,2055.0,13.222422591413114,0.08870626083648155,5.46014073176621,09,食料品製造業,1.1932795324714551,24,3,99.84697943991767,1346000.0,158000.0,747000.0,441000.0,0.3276374442793462,0.5549777117384844,0.1046706827309237
2019,39,高知,CoM,206249.0,25416.0,1084.0,8.114927604658483,0.1067912622039765,4.3484775135172855,09,食料品製造業,1.704216041356453,22,3,98.46302285101989,699000.0,77000.0,377000.0,245000.0,0.35050071530758226,0.5393419170243204,0.06741644562334217
2019,40,福岡,CoM,2564665.0,222453.0,5009.0,11.529019613131762,0.0933071719709376,1.7823258094823828,09,食料品製造業,1.3788542060197657,24,0,99.99996100855277,5134000.0,672000.0,3045000.0,1418000.0,0.2761978963770939,0.5931047915855083,0.0730551724137931
2019,41,佐賀,CoM,756343.0,61907.0,1303.0,12.217406755294231,0.10821569157067552,2.5210733797348026,09,食料品製造業,1.834093215165684,24,0,100.00013221514577,817000.0,111000.0,460000.0,246000.0,0.3011015911872705,0.5630354957160343,0.1345804347826087
2019,42,長崎,CoM,666074.0,54630.0,1581.0,12.192458356214534,0.12819338080158438,2.171003822635084,09,食料品製造業,1.8522608909864933,24,2,98.93285130480997,1327000.0,168000.0,729000.0,430000.0,0.3240391861341371,0.549359457422758,0.07493827160493827
2019,43,熊本,CoM,1012033.0,94131.0,1922.0,10.751325280725798,0.09641361858842187,2.2812713388371417,09,食料品製造業,1.3182882533665778,24,2,99.62827299109811,1749000.0,232000.0,976000.0,541000.0,0.30931961120640367,0.5580331618067467,0.09644569672131148
2019,44,大分,CoM,940443.0,66019.0,1371.0,14.245035520077554,0.06963281835493995,4.081880078553762,31,輸送用機械器具製造業,1.057040496150621,24,0,100.00021266573307,1134000.0,139000.0,624000.0,372000.0,0.328042328042328,0.5502645502645502,0.10579967948717948
2019,45,宮崎,CoM,575698.0,55285.0,1337.0,10.413276657321154,0.09998868958682362,4.778463697827856,09,食料品製造業,1.7006577457279244,23,0,100.00034740436827,1077000.0,143000.0,589000.0,346000.0,0.3212627669452182,0.5468895078922934,0.09386247877758913
2019,46,鹿児島,CoM,641778.0,69563.0,1944.0,9.225852824058768,0.18111772190942518,5.89777731792639,09,食料品製造業,2.3935618049771246,24,2,99.96945984436985,1602000.0,212000.0,879000.0,511000.0,0.31897627965043696,0.548689138576779,0.07913879408418657
2019,47,沖縄,CoM,175846.0,25359.0,1058.0,6.934263969399424,0.24449439663685674,5.518292223822488,09,食料品製造業,3.107461764385197,21,2,99.3232714989252,1462000.0,246000.0,893000.0,323000.0,0.22093023255813954,0.6108071135430917,0.02839753639417693
2020,01,北海道,EconCensus,1744631.0,163337.0,5072.0,10.681174504245822,,,,,,,,,5225000.0,557000.0,2989000.0,1679000.0,0.3213397129186603,0.5720574162679426,0.054646035463365675
2020,02,青森,EconCensus,522756.0,55763.0,1272.0,9.374603231533454,,,,,,,,,1238000.0,130000.0,690000.0,418000.0,0.3376413570274637,0.5573505654281099,0.08081594202898551
2020,03,岩手,EconCensus,719913.0,84349.0,1866.0,8.534932245788331,,,,,,,,,1211000.0,133000.0,671000.0,407000.0,0.3360858794384806,0.5540875309661437,0.1257064083457526
2020,04,宮城,EconCensus,1354445.0,111794.0,2593.0,12.115542873499471,,,,,,,,,2302000.0,269000.0,1385000.0,648000.0,0.28149435273675066,0.6016507384882711,0.08071768953068592
2020,05,秋田,EconCensus,518560.0,58468.0,1535.0,8.869124991448313,,,,,,,,,960000.0,93000.0,507000.0,360000.0,0.375,0.528125,0.1153214990138067
2020,06,山形,EconCensus,1079592.0,97429.0,2277.0,11.080807562430078,,,,,,,,,1068000.0,120000.0,587000.0,361000.0,0.33801498127340823,0.549625468164794,0.1659778534923339
2020,07,福島,EconCensus,1638642.0,154274.0,3279.0,10.621634235191932,,,,,,,,,1833000.0,207000.0,1046000.0,580000.0,0.31642116748499727,0.5706492089470813,0.14748948374760995
2020,08,茨城,EconCensus,4195419.0,264266.0,4813.0,15.875742622963227,,,,,,,,,2867000.0,335000.0,1682000.0,851000.0,0.29682595047087545,0.5866759679107081,0.1571141498216409
2020,09,栃木,EconCensus,2668132.0,195131.0,3903.0,13.673542389471688,,,,,,,,,1933000.0,228000.0,1143000.0,562000.0,0.2907397827211588,0.5913088463528194,0.1707182852143482
2020,10,群馬,EconCensus,2514655.0,212329.0,4530.0,11.843200881650645,,,,,,,,,1939000.0,227000.0,1128000.0,585000.0,0.3017019082001031,0.5817431665807117,0.18823492907801417
2020,11,埼玉,EconCensus,4545899.0,379482.0,10102.0,11.979221675863414,,,,,,,,,7345000.0,873000.0,4488000.0,1984000.0,0.27011572498298164,0.6110279101429544,0.0845548128342246
2020,12,千葉,EconCensus,3136467.0,206017.0,4748.0,15.224311585937082,,,,,,,,,6284000.0,737000.0,3814000.0,1734000.0,0.27593889242520686,0.6069382558879695,0.054015993707393815
2020,13,東京,EconCensus,2840291.0,238817.0,9738.0,11.893169246745416,,,,,,,,,14048000.0,1568000.0,9284000.0,3195000.0,0.2274345102505695,0.660876993166287,0.02572350280051702
2020,14,神奈川,EconCensus,4952775.0,348312.0,7202.0,14.219363673947495,,,,,,,,,9237000.0,1086000.0,5790000.0,2361000.0,0.2556024683338746,0.6268268918480026,0.060157512953367874
2020,15,新潟,EconCensus,1853281.0,177842.0,4822.0,10.42094106004206,,,,,,,,,2201000.0,248000.0,1232000.0,721000.0,0.32757837346660607,0.5597455701953657,0.14435227272727272
2020,16,富山,EconCensus,1293518.0,122216.0,2569.0,10.583867906002487,,,,,,,,,1035000.0,116000.0,582000.0,337000.0,0.32560386473429953,0.5623188405797102,0.20999312714776633
2020,17,石川,EconCensus,896933.0,94507.0,2512.0,9.490651486133302,,,,,,,,,1133000.0,137000.0,658000.0,337000.0,0.2974404236540159,0.5807590467784642,0.14362765957446808
2020,18,福井,EconCensus,752299.0,71389.0,2013.0,10.538024065332195,,,,,,,,,767000.0,96000.0,436000.0,235000.0,0.30638852672750977,0.5684485006518905,0.16373623853211008
2020,19,山梨,EconCensus,1075746.0,72124.0,1676.0,14.915229327269703,,,,,,,,,810000.0,93000.0,467000.0,250000.0,0.30864197530864196,0.5765432098765432,0.15444111349036402
2020,20,長野,EconCensus,2055284.0,198141.0,4825.0,10.372835506028535,,,,,,,,,2048000.0,245000.0,1148000.0,655000.0,0.31982421875,0.560546875,0.1725966898954704
2020,21,岐阜,EconCensus,1960092.0,199058.0,5298.0,9.846838609852405,,,,,,,,,1979000.0,243000.0,1134000.0,602000.0,0.3041940373926225,0.5730166750884285,0.17553615520282187
2020,22,静岡,EconCensus,5579256.0,401827.0,8602.0,13.884721534391666,,,,,,,,,3633000.0,439000.0,2101000.0,1093000.0,0.30085328929259564,0.5783099366914396,0.19125511661113756
2020,23,愛知,EconCensus,11871752.0,807694.0,14593.0,14.698328822549133,,,,,,,,,7542000.0,980000.0,4655000.0,1907000.0,0.252850702731371,0.6172102890479979,0.17351106337271752
2020,24,三重,EconCensus,3178527.0,201632.0,3245.0,15.764000753848595,,,,,,,,,1770000.0,213000.0,1027000.0,530000.0,0.2994350282485876,0.580225988700565,0.19633106134371958
2020,25,滋賀,EconCensus,2803226.0,165297.0,2614.0,16.958722783837576,,,,,,,,,1414000.0,192000.0,850000.0,372000.0,0.26308345120226306,0.6011315417256011,0.1944670588235294
2020,26,京都,EconCensus,2167112.0,139615.0,3952.0,15.52205708555671,,,,,,,,,2578000.0,294000.0,1527000.0,756000.0,0.2932505818463926,0.5923196276183088,0.0914309102815979
2020,27,大阪,EconCensus,5703073.0,417816.0,14412.0,13.649723801864935,,,,,,,,,8838000.0,1032000.0,5363000.0,2442000.0,0.27630685675492195,0.6068114958135324,0.0779071415252657
2020,28,兵庫,EconCensus,5091423.0,347873.0,7106.0,14.635867112423211,,,,,,,,,5465000.0,667000.0,3197000.0,1601000.0,0.2929551692589204,0.5849954254345837,0.10881232405380044
2020,29,奈良,EconCensus,638888.0,57218.0,1578.0,11.165856898178895,,,,,,,,,1324000.0,155000.0,750000.0,420000.0,0.31722054380664655,0.5664652567975831,0.07629066666666667
2020,30,和歌山,EconCensus,758736.0,50917.0,1465.0,14.901427813893198,,,,,,,,,923000.0,106000.0,509000.0,308000.0,0.333694474539545,0.551462621885157,0.10003339882121808
2020,31,鳥取,EconCensus,215759.0,30379.0,749.0,7.102241680107969,,,,,,,,,553000.0,69000.0,306000.0,179000.0,0.32368896925858953,0.5533453887884268,0.09927777777777778
2020,32,島根,EconCensus,394583.0,40812.0,1001.0,9.668308340684112,,,,,,,,,671000.0,82000.0,360000.0,230000.0,0.34277198211624443,0.5365126676602087,0.11336666666666667
2020,33,岡山,EconCensus,1768808.0,147627.0,3234.0,11.981602281425484,,,,,,,,,1888000.0,233000.0,1082000.0,573000.0,0.3034957627118644,0.573093220338983,0.13643900184842883
2020,34,広島,EconCensus,2630865.0,207756.0,4812.0,12.663244382833708,,,,,,,,,2800000.0,354000.0,1623000.0,823000.0,0.29392857142857143,0.5796428571428571,0.12800739371534195
2020,35,山口,EconCensus,1864269.0,95292.0,1725.0,19.56375141669815,,,,,,,,,1342000.0,154000.0,724000.0,465000.0,0.3464977645305514,0.5394932935916542,0.13161878453038675
2020,36,徳島,EconCensus,840000.0,44485.0,1068.0,18.88276947285602,,,,,,,,,720000.0,78000.0,395000.0,246000.0,0.3416666666666667,0.5486111111111112,0.11262025316455697
2020,37,香川,EconCensus,701436.0,68820.0,1851.0,10.19232781168265,,,,,,,,,950000.0,115000.0,534000.0,302000.0,0.3178947368421053,0.5621052631578948,0.12887640449438204
2020,38,愛媛,EconCensus,1011411.0,77030.0,2117.0,13.130092171881085,,,,,,,,,1335000.0,154000.0,737000.0,443000.0,0.3318352059925094,0.552059925093633,0.10451831750339213
2020,39,高知,EconCensus,182302.0,23127.0,931.0,7.882647987201107,,,,,,,,,692000.0,75000.0,371000.0,245000.0,0.3540462427745665,0.5361271676300579,0.062336927223719675
2020,40,福岡,EconCensus,2469052.0,220530.0,5094.0,11.195991475082755,,,,,,,,,5135000.0,667000.0,3035000.0,1433000.0,0.27906523855890947,0.5910418695228822,0.07266227347611202
2020,41,佐賀,EconCensus,695583.0,62001.0,1250.0,11.218899695166208,,,,,,,,,811000.0,109000.0,454000.0,249000.0,0.3070283600493218,0.55980271270037,0.13656607929515419
2020,42,長崎,EconCensus,569683.0,52842.0,1386.0,10.780875061504107,,,,,,,,,1312000.0,165000.0,715000.0,433000.0,0.33003048780487804,0.5449695121951219,0.0739048951048951
2020,43,熊本,EconCensus,1044091.0,89466.0,1866.0,11.670254621867524,,,,,,,,,1738000.0,229000.0,963000.0,546000.0,0.3141542002301496,0.5540851553509781,0.09290342679127726
2020,44,大分,EconCensus,929808.0,64493.0,1404.0,14.417192563534027,,,,,,,,,1124000.0,136000.0,614000.0,374000.0,0.33274021352313166,0.5462633451957295,0.10503745928338762
2020,45,宮崎,EconCensus,609192.0,53580.0,1300.0,11.36976483762598,,,,,,,,,1070000.0,140000.0,580000.0,349000.0,0.32616822429906545,0.5420560747663551,0.09237931034482759
2020,46,鹿児島,EconCensus,617165.0,69396.0,2023.0,8.89338002190328,,,,,,,,,1588000.0,208000.0,864000.0,517000.0,0.3255667506297229,0.5440806045340051,0.08031944444444444
2020,47,沖縄,EconCensus,170201.0,22986.0,835.0,7.404550596014966,,,,,,,,,1467000.0,244000.0,892000.0,331000.0,0.2256305385139741,0.6080436264485344,0.025769058295964126
