prefecture_code,name_ja,name_en,region,region_order,map_location
01,北海道,Hokkaido,Hokkaido,1,"Hokkaido Prefecture, Japan"
02,青森,Aomori,Tohoku,2,"Aomori Prefecture, Japan"
03,岩手,Iwate,Tohoku,2,"Iwate Prefecture, Japan"
04,宮城,Miyagi,Tohoku,2,"Miyagi Prefecture, Japan"
05,秋田,Akita,Tohoku,2,"Akita Prefecture, Japan"
06,山形,Yamagata,Tohoku,2,"Yamagata Prefecture, Japan"
07,福島,Fukushima,Tohoku,2,"Fukushima Prefecture, Japan"
08,茨城,Ibaraki,Kanto,3,"Ibaraki Prefecture, Japan"
09,栃木,Tochigi,Kanto,3,"Tochigi Prefecture, Japan"
10,群馬,Gunma,Kanto,3,"Gunma Prefecture, Japan"
11,埼玉,Saitama,Kanto,3,"Saitama Prefecture, Japan"
12,千葉,Chiba,Kanto,3,"Chiba Prefecture, Japan"
13,東京,Tokyo,Kanto,3,"Tokyo Prefecture, Japan"
14,神奈川,Kanagawa,Kanto,3,"Kanagawa Prefecture, Japan"
15,新潟,Niigata,Chubu,4,"Niigata Prefecture, Japan"
16,富山,Toyama,Chubu,4,"Toyama Prefecture, Japan"
17,石川,Ishikawa,Chubu,4,"Ishikawa Prefecture, Japan"
18,福井,Fukui,Chubu,4,"Fukui Prefecture, Japan"
19,山梨,Yamanashi,Chubu,4,"Yamanashi Prefecture, Japan"
20,長野,Nagano,Chubu,4,"Nagano Prefecture, Japan"
21,岐阜,Gifu,Chubu,4,"Gifu Prefecture, Japan"
22,静岡,Shizuoka,Chubu,4,"Shizuoka Prefecture, Japan"
23,愛知,Aichi,Chubu,4,"Aichi Prefecture, Japan"
24,三重,Mie,Kinki,5,"Mie Prefecture, Japan"
25,滋賀,Shiga,Kinki,5,"Shiga Prefecture, Japan"
26,京都,Kyoto,Kinki,5,"Kyoto Prefecture, Japan"
27,大阪,Osaka,Kinki,5,"Osaka Prefecture, Japan"
28,兵庫,Hyogo,Kinki,5,"Hyogo Prefecture, Japan"
29,奈良,Nara,Kinki,5,"Nara Prefecture, Japan"
30,和歌山,Wakayama,Kinki,5,"Wakayama Prefecture, Japan"
31,鳥取,Tottori,Chugoku,6,"Tottori Prefecture, Japan"
32,島根,Shimane,Chugoku,6,"Shimane Prefecture, Japan"
33,岡山,Okayama,Chugoku,6,"Okayama Prefecture, Japan"
34,広島,Hiroshima,Chugoku,6,"Hiroshima Prefecture, Japan"
35,山口,Yamaguchi,Chugoku,6,"Yamaguchi Prefecture, Japan"
36,徳島,Tokushima,Shikoku,7,"Tokushima Prefecture, Japan"
37,香川,Kagawa,Shikoku,7,"Kagawa Prefecture, Japan"
38,愛媛,Ehime,Shikoku,7,"Ehime Prefecture, Japan"
39,高知,Kochi,Shikoku,7,"Kochi Prefecture, Japan"
40,福岡,Fukuoka,Kyushu-Okinawa,8,"Fukuoka Prefecture, Japan"
41,佐賀,Saga,Kyushu-Okinawa,8,"Saga Prefecture, Japan"
42,長崎,Nagasaki,Kyushu-Okinawa,8,"Nagasaki Prefecture, Japan"
43,熊本,Kumamoto,Kyushu-Okinawa,8,"Kumamoto Prefecture, Japan"
44,大分,Oita,Kyushu-Okinawa,8,"Oita Prefecture, Japan"
45,宮崎,Miyazaki,Kyushu-Okinawa,8,"Miyazaki Prefecture, Japan"
46,鹿児島,Kagoshima,Kyushu-Okinawa,8,"Kagoshima Prefecture, Japan"
47,沖縄,Okinawa,Kyushu-Okinawa,8,"Okinawa Prefecture, Japan"
