industry_code,name_ja,name_en
09,食料品製造業,Food
10,飲料・たばこ・飼料製造業,Beverages & tobacco
11,繊維工業,Textiles
12,木材・木製品製造業（家具を除く）,Wood products
13,家具・装備品製造業,Furniture
14,パルプ・紙・紙加工品製造業,Pulp & paper
15,印刷・同関連業,Printing
16,化学工業,Chemicals
17,石油製品・石炭製品製造業,Petroleum & coal
18,プラスチック製品製造業（別掲を除く）,Plastics
19,ゴム製品製造業,Rubber
20,なめし革・同製品・毛皮製造業,Leather
21,窯業・土石製品製造業,Ceramics & stone
22,鉄鋼業,Iron & steel
23,非鉄金属製造業,Non-ferrous metals
24,金属製品製造業,Fabricated metal
25,はん用機械器具製造業,General machinery
26,生産用機械器具製造業,Production machinery
27,業務用機械器具製造業,Business machinery
28,電子部品・デバイス・電子回路製造業,Electronic components
29,電気機械器具製造業,Electrical machinery
30,情報通信機械器具製造業,Info & comms equipment
31,輸送用機械器具製造業,Transport equipment
32,その他の製造業,Other manufacturing
