reference_year,prefecture_code,instrument,value_added,employment,establishments,va_per_worker,hhi_employment,top_industry_code,lq_top,va_coverage_pct,pop_total,aging_ratio,mfg_intensity,rank_va_per_worker,national_va_per_worker,gap_to_national,share_of_national_va,shift_share_benchmark,mix_effect,within_effect,va_per_worker_visible_cells,suppression_adjustment,diagnosis
2016,01,CoM,1659339.0,167770.0,5189.0,9.890558502712048,0.2290777988264508,09,3.0680368947947128,100.00006026496094,5355000.0,0.2989729225023342,0.0532096416111639,36,12.85654364488113,-2.9659851421690817,0.017046549330648194,12.859716106123948,-1.7798873310717562,-1.189264311798927,9.890564463253263,-5.960541214378168e-06,"Weak mix, weak performance"
2016,02,CoM,652564.0,57283.0,1386.0,11.391931288514916,0.1217034104242704,09,1.86071114376081,99.67160309180402,1295000.0,0.3096525096525097,0.0764793057409879,23,12.85654364488113,-1.4646123563662137,0.0067038528097062185,12.8470231253847,-1.4393252296057224,0.06458361052669177,11.472281506305668,-0.0803502177907518,"Weak mix, strong performance"
2016,03,CoM,671065.0,85282.0,2081.0,7.868776529631106,0.090264270270918,09,1.4583323136858928,100.00029803372252,1268000.0,0.3107255520504732,0.1174683195592286,43,12.85654364488113,-4.9877671152500245,0.006893915364233246,12.859716106123948,-1.1813756179652541,-3.8095405069199786,7.8687999812387135,-2.345160760786058e-05,"Weak mix, weak performance"
2016,04,CoM,1274536.0,114587.0,2618.0,11.12286734097236,0.098498045187089,09,1.5544974172206216,100.0000784599258,2332000.0,0.2632933104631217,0.0800188547486033,27,12.85654364488113,-1.7336763039087693,0.01309343105760006,12.859716106123948,-0.9088485379194209,-0.8279915002387002,11.122876067965825,-8.726993463881172e-06,"Weak mix, weak performance"
2016,05,CoM,476111.0,61695.0,1800.0,7.717173190696166,0.0906566230886708,28,3.817405366248913,99.99978996494517,1011000.0,0.3461918892185954,0.1107630161579892,44,12.85654364488113,-5.139370454184964,0.0048911341494198846,12.859716106123948,-1.1481903076003754,-3.9943688165963476,7.717156981927223,1.620876894303791e-05,"Weak mix, weak performance"
2016,06,CoM,929781.0,98974.0,2496.0,9.394194434902095,0.0795618096533325,09,1.0127680167943254,100.00010755220852,1114000.0,0.31508078994614,0.1571015873015873,41,12.85654364488113,-3.4623492099790347,0.009551729744916143,12.859716106123948,-0.8315420902184754,-2.633969477339787,9.394204538565683,-1.0103663587557321e-05,"Weak mix, weak performance"
2016,07,CoM,1639758.0,154979.0,3620.0,10.580517360416572,0.0605279621786035,09,0.7155403910275031,100.00012196921742,1903000.0,0.2937467157120336,0.1386216457960644,30,12.85654364488113,-2.2760262844645585,0.016845391832124128,12.859716106123948,-0.002899585015499473,-2.276286255717652,10.580530265390795,-1.290497422345993e-05,"Weak mix, weak performance"
2016,08,CoM,3655662.0,262878.0,5154.0,13.906306347431128,0.073454744706109,09,1.070778167283231,100.00005470965314,2910000.0,0.274914089347079,0.1503878718535469,14,12.85654364488113,1.049762702549998,0.0375549677426831,12.859716106123948,-0.033952096270413845,1.0805499456695613,13.906313955523096,-7.608091967981068e-06,"Weak mix, strong performance"
2016,09,CoM,2953019.0,201552.0,4218.0,14.651400134952766,0.0778393973021791,31,1.1525307153452466,99.9998984090519,1969000.0,0.2666328085322498,0.1688040201005025,8,12.85654364488113,1.794856490071636,0.030336648543692033,12.859716106123948,-0.008021972695848291,1.7996911170283594,14.651385250456459,1.4884496307487893e-05,"Weak mix, strong performance"
2016,10,CoM,3004788.0,205086.0,4794.0,14.651356016500396,0.1096875407986291,31,1.7785539535044124,99.9999334395638,1969000.0,0.2828847130523108,0.1760394849785407,9,12.85654364488113,1.7948123716192654,0.030868476465712988,12.859716106123948,0.42791319897268276,1.36371695939729,14.65134626449392,9.752006475238773e-06,"Strong mix, strong performance"
2016,11,CoM,4416028.0,384055.0,10975.0,11.49842600669175,0.0795174524283117,09,1.1637147861194537,100.00002264478395,7288000.0,0.2546652030735455,0.0849115631218218,22,12.85654364488113,-1.3581176381893805,0.045366280879026936,12.859716106123948,-0.24895323878695708,-1.112334256851512,11.498428610485476,-2.6037937264078437e-06,"Weak mix, weak performance"
2016,12,CoM,2894200.0,202833.0,4815.0,14.268881296435984,0.10336711896903,09,1.6495838735622,100.0,6242000.0,0.2643383530919577,0.0529866771159874,10,12.85654364488113,1.4123376515548536,0.02973239529280153,12.859716106123948,0.7274755078769003,0.6816896824351382,14.268881296435984,0.0,"Strong mix, strong performance"
2016,13,CoM,3305093.0,252315.0,10789.0,13.099074569486554,0.0810519270390184,15,4.896230287619971,100.00003025633468,13646000.0,0.2281987395573794,0.0280599421708185,17,12.85654364488113,0.2425309246054237,0.033953538648148464,12.859716106123948,-0.8642307905645626,1.1035932172270142,13.099078532786397,-3.963299842979495e-06,"Weak mix, strong performance"
2016,14,CoM,4897348.0,350673.0,7697.0,13.965569062916163,0.0867537857731984,31,1.2795749640276954,99.9999591615707,9152000.0,0.2439903846153846,0.060638595884489,13,12.85654364488113,1.1090254180350332,0.050310927587039936,12.859716106123948,0.8717746867973444,0.23407256667582726,13.96556335959712,5.703319043703914e-06,"Strong mix, strong performance"
2016,15,CoM,1798864.0,184942.0,5339.0,9.726638621838198,0.0863577220805981,09,1.2329796377120572,99.99988881872116,2286000.0,0.305774278215223,0.1405334346504559,39,12.85654364488113,-3.129905023042932,0.018479903091006195,12.859716106123948,-0.816105149860535,-2.3169831486264227,9.726627807636987,1.0814201210962437e-05,"Weak mix, weak performance"
2016,16,CoM,1293904.0,124328.0,2717.0,10.407181005083329,0.0805941770692335,24,1.9793388612676668,99.9999227145136,1061000.0,0.3110273327049953,0.2055008264462809,32,12.85654364488113,-2.4493626397978012,0.013292400386613596,12.859716106123948,0.8867385481408492,-3.339281692421929,10.407172961842868,8.043240461219625e-06,"Strong mix, weak performance"
2016,17,CoM,1030596.0,101950.0,2861.0,10.108837665522314,0.0906213613352764,26,2.449806121917761,100.0,1151000.0,0.2832319721980886,0.1503687315634218,34,12.85654364488113,-2.747705979358816,0.010587411947750704,12.859716106123948,-1.4126046856416443,-1.338273754959987,10.108837665522314,0.0,"Weak mix, weak performance"
2016,18,CoM,734803.0,72942.0,2161.0,10.073798360341092,0.0976644402207942,11,6.243078620481674,100.0,783000.0,0.2924648786717752,0.1613761061946902,35,12.85654364488113,-2.782745284540038,0.007548701975791736,12.859716106123948,-1.5175498056688963,-1.2683679401139578,10.073798360341092,0.0,"Weak mix, weak performance"
2016,19,CoM,867775.0,71191.0,1764.0,12.189391917517664,0.0859456176504674,26,2.191089846641073,100.0,831000.0,0.2900120336943441,0.1458831967213114,20,12.85654364488113,-0.667151727363466,0.008914736136138086,12.859716106123948,-0.4541637859880101,-0.21616040261827196,12.189391917517664,0.0,"Weak mix, weak performance"
2016,20,CoM,2051401.0,198887.0,4994.0,10.314404661943716,0.0797954419408057,28,2.650510107811991,100.0,2091000.0,0.3060736489717838,0.1678371308016877,33,12.85654364488113,-2.5421389829374146,0.021074240009691228,12.859716106123948,-0.41674522978612627,-2.1285662143941035,10.314404661943717,-1.7763568394002505e-15,"Weak mix, weak performance"
2016,21,CoM,1958177.0,198775.0,5721.0,9.851223745440825,0.078308461639199,31,1.1458980130259129,100.00005106790653,2024000.0,0.2870553359683794,0.1685962680237489,37,12.85654364488113,-3.0053198994403054,0.02011654088082103,12.859716106123948,-0.38393703763435,-2.624550292235037,9.85122877625456,-5.03081373537384e-06,"Weak mix, weak performance"
2016,22,CoM,5682219.0,398450.0,9299.0,14.2608081315096,0.095737302690415,31,1.5508643070559085,100.00001759875852,3690000.0,0.2845528455284553,0.1837869003690037,11,12.85654364488113,1.4042644866284704,0.0583739829480573,12.859716106123948,1.0169679889285195,0.38412654618231956,14.260810641234784,-2.509725183230671e-06,"Strong mix, strong performance"
2016,23,CoM,12975269.0,828077.0,15870.0,15.669157578341144,0.1765504696444884,31,2.7325333071679743,100.0,7509000.0,0.2425089892129444,0.1773563932319554,5,12.85654364488113,2.812613933460014,0.1332961878717551,12.859716106123948,0.7539141286785236,2.055527343538675,15.669157578341146,-1.7763568394002505e-15,"Strong mix, strong performance"
2016,24,CoM,3083823.0,197322.0,3498.0,15.628378994739563,0.0876037806808263,31,1.437575616589803,100.00003242728263,1809000.0,0.2846876727473742,0.1856274694261524,6,12.85654364488113,2.771835349858433,0.03168041063127396,12.879520472423307,1.3520120365562731,1.396851553618609,15.62838406259819,-5.067858626972566e-06,"Strong mix, strong performance"
2016,25,CoM,2701699.0,155197.0,2655.0,17.40819087997835,0.0712697227523348,29,1.8321815475084684,99.9999629862542,1414000.0,0.2475247524752475,0.1802520325203252,2,12.85654364488113,4.551647235097219,0.027754813983196257,12.859716106123948,-0.1957596452855745,4.744227975716459,17.40818443655483,6.443423519186808e-06,"Weak mix, strong performance"
2016,26,CoM,2016653.0,143999.0,4398.0,14.004631976610948,0.0735151496570981,09,1.0767084421622424,100.0000991742258,2608000.0,0.2810582822085889,0.0921888604353393,12,12.85654364488113,1.1480883317298183,0.020717270459682843,12.859716106123948,-0.6328229037055473,1.7777526631778897,14.004645865596288,-1.3888985339605142e-05,"Weak mix, strong performance"
2016,27,CoM,5230068.0,436048.0,15990.0,11.994248339632334,0.0734133250290552,24,1.7871292474445464,100.0,8841000.0,0.2676167854315123,0.0808994434137291,21,12.85654364488113,-0.8622953052487965,0.053728992185830944,12.859716106123948,-0.3136824681129045,-0.5517852983787079,11.994248339632334,0.0,"Weak mix, weak performance"
2016,28,CoM,4882005.0,356782.0,7996.0,13.683439747520897,0.0759580330636793,09,1.0265748971408817,100.0,5526000.0,0.2775968150560984,0.1084773487382183,15,12.85654364488113,0.8268961026397665,0.05015330747060795,12.859716106123948,0.34186769617180623,0.4818559452251425,13.683439747520893,3.552713678800501e-15,"Strong mix, strong performance"
2016,29,CoM,652598.0,62251.0,1923.0,10.483333601066647,0.0734203796943424,09,1.0779618814659278,100.00015323369058,1357000.0,0.2955047899778924,0.0787987341772152,31,12.85654364488113,-2.373210043814483,0.006704202094980199,12.859716106123948,-1.0541258211919584,-1.3222406198663668,10.48334966506562,-1.606399897369215e-05,"Weak mix, weak performance"
2016,30,CoM,848762.0,52439.0,1736.0,16.18570148172162,0.0782440457021781,09,1.1267770991469706,98.82723307593884,956000.0,0.3158995815899582,0.0972894248608534,3,12.85654364488113,3.329157836840489,0.00871941375630876,12.806443068259147,0.8079286991011685,2.8344565491412985,16.44882831650162,-0.26312683477999954,"Strong mix, strong performance"
2016,31,CoM,236103.0,32725.0,820.0,7.21475935828877,0.1128136316655977,09,1.539088328738205,99.51631279568662,570000.0,0.3035087719298245,0.101003086419753,46,12.85654364488113,-5.64178428659236,0.0024255088541967795,11.896402987565008,-0.8023790222404169,-3.8910503295183387,7.202973635806254,0.011785722482516192,"Weak mix, weak performance"
2016,32,CoM,380203.0,40519.0,1140.0,9.38332634072904,0.0779647572585287,09,0.9686441433360672,94.76043061206776,691000.0,0.3299565846599132,0.1074774535809018,42,12.85654364488113,-3.47321730415209,0.003905862030097789,11.896402987565008,-0.04352746682501546,-2.688892308225686,9.163983212514308,0.21934312821473156,"Weak mix, weak performance"
2016,33,CoM,1815032.0,144761.0,3272.0,12.53812836330227,0.074574537475399,09,0.932747970396793,100.0,1917000.0,0.2921231090245175,0.1305329125338142,18,12.85654364488113,-0.3184152815788597,0.018645998511880365,12.859716106123948,0.43108671112368957,-0.7526744539453654,12.53812836330227,0.0,"Strong mix, weak performance"
2016,34,CoM,3200092.0,215192.0,4920.0,14.870868805531805,0.1058508916883707,31,1.7356301058479964,100.0,2840000.0,0.2809859154929577,0.1289346914319952,7,12.85654364488113,2.0143251606506745,0.03287485326422909,12.859716106123948,0.11376795301323062,1.8973847463946263,14.870868805531803,1.7763568394002505e-15,"Strong mix, strong performance"
2016,35,CoM,1775495.0,92396.0,1735.0,19.216145720593964,0.0891905385275565,16,3.3912963605373774,99.96057437503345,1394000.0,0.3278335724533716,0.120150845253576,1,12.85654364488113,6.359602075712834,0.018239831103722154,12.8470231253847,2.627146452342231,3.780872571275487,19.25504214900242,-0.03889642840845653,"Strong mix, strong performance"
2016,36,CoM,759517.0,47175.0,1146.0,16.09998940116587,0.0963140521612045,28,3.308496839081556,99.8983564554842,750000.0,0.3173333333333333,0.1107394366197183,4,12.85654364488113,3.243445756284741,0.007802591277590609,12.798125551904041,1.2480360004230289,2.0747112645683496,16.120872816895425,-0.020883415729553434,"Strong mix, strong performance"
2016,37,CoM,738906.0,69679.0,1890.0,10.604428881011495,0.086838173597804,09,1.4218387574977394,100.00027067042356,973000.0,0.3052415210688592,0.1257743682310469,29,12.85654364488113,-2.252114763869635,0.007590852489884185,12.826972750383216,-0.7133421995155228,-1.5091729668036298,10.604457584064066,-2.8703052571188437e-05,"Weak mix, weak performance"
2016,38,CoM,1034794.0,76840.0,2189.0,13.466866215512754,0.0911766121779038,09,1.2041730202769818,99.83697238290908,1377000.0,0.3137254901960784,0.0987660668380462,16,12.85654364488113,0.6103225706316238,0.01063053840599104,12.849066659344391,-0.720423436128031,1.366673746726034,13.495316969942394,-0.028450754429639957,"Weak mix, strong performance"
2016,39,CoM,190543.0,25719.0,1156.0,7.408647303549904,0.102511912155806,09,1.6336031740187784,98.18623617766067,721000.0,0.3356449375866852,0.0647833753148614,45,12.85654364488113,-5.4478963413312265,0.001957466587062498,12.807591029366725,-1.4941841138195993,-3.962247779987203,7.3511591355599215,0.05748816798998213,"Weak mix, weak performance"
2016,40,CoM,2439572.0,216032.0,5348.0,11.292641830839877,0.0910492590408217,09,1.3336669613678864,100.00004099079676,5113000.0,0.2650107568941913,0.070163039948035,25,12.85654364488113,-1.5639018140412535,0.02506195807105605,12.859716106123948,-0.331505932439219,-1.235563713900992,11.292646459783736,-4.628943859330548e-06,"Weak mix, weak performance"
2016,41,CoM,646112.0,60600.0,1350.0,10.66191419141914,0.1105620609090611,09,1.8539131031642424,99.50999207567727,829000.0,0.2846803377563329,0.1267782426778242,28,12.85654364488113,-2.1946294534619906,0.006637570792420213,12.828435883561907,-0.8005113698786493,-1.2958809142240775,10.732043599459178,-0.07012940804003875,"Weak mix, weak performance"
2016,42,CoM,665163.0,58643.0,1676.0,11.342581382262162,0.135728747405945,09,1.7743871865418983,99.93535419137864,1367000.0,0.3043160204828091,0.0756683870967741,24,12.85654364488113,-1.5139622626189677,0.006833283549908695,12.841878386269915,-0.8827162504235974,-0.6037751288936878,11.35538700695263,-0.01280562469046842,"Weak mix, weak performance"
2016,43,CoM,1031464.0,91551.0,2037.0,11.266550884206618,0.0978263865612938,09,1.352912273642782,99.60444571987,1775000.0,0.2940845070422535,0.090376110562685,26,12.85654364488113,-1.5899927606745123,0.010596328995333507,12.8470231253847,-0.3444825519108307,-1.228959394524654,11.273581178949216,-0.007030294742598642,"Weak mix, weak performance"
2016,44,CoM,824701.0,65942.0,1472.0,12.50646022261988,0.0674229999257253,31,0.961480936446728,99.99987874393264,1160000.0,0.3112068965517241,0.1009831546707503,19,12.85654364488113,-0.35008342226124967,0.008472232786389578,12.859716106123948,0.7889925413689146,-1.1422635897148137,12.506445057778047,1.5164841833836817e-05,"Strong mix, weak performance"
2016,45,CoM,545878.0,55610.0,1424.0,9.816184139543248,0.1099842026060639,09,1.813833573344291,100.0,1097000.0,0.3026435733819507,0.0901296596434359,38,12.85654364488113,-3.0403595053378822,0.005607857258532207,12.879520472423307,-0.7625664581983727,-2.300769874681687,9.816184139543246,1.7763568394002505e-15,"Weak mix, weak performance"
2016,46,CoM,657151.0,69683.0,2094.0,9.43057847681644,0.1869401150779459,09,2.4804817814286797,99.9370007806425,1637000.0,0.3011606597434331,0.0753329729729729,40,12.85654364488113,-3.4259651680646908,0.006750975502404747,12.889874294921063,-0.7159319046798907,-2.7422668434301256,9.431675546811046,-0.001097069994607125,"Weak mix, weak performance"
2016,47,CoM,163002.0,24760.0,1116.0,6.583279483037157,0.2419647452376416,09,3.052103853861095,98.93007447761376,1442000.0,0.2031900138696255,0.0275111111111111,47,12.85654364488113,-6.273264161843973,0.0016745352420417508,12.785117904760247,-0.8505720380040305,-5.360636368183039,6.573909498573174,0.009369984463982739,"Weak mix, weak performance"
2017,01,CoM,1622337.0,167634.0,5080.0,9.677851748451983,0.2320611098023322,09,3.1176208943976467,100.0000616394744,5325000.0,0.3061032863849765,0.0539884057971014,42,13.434320850072382,-3.7564691016203984,0.015688656653026236,13.438326183889526,-1.9520348793555016,-1.8084335907050888,9.677857713828939,-5.96537695507493e-06,"Weak mix, weak performance"
2017,02,CoM,639704.0,56739.0,1368.0,11.274502546749147,0.1169089168854051,09,1.817960304887631,99.60419193877168,1282000.0,0.3174726989079563,0.0773010899182561,27,13.434320850072382,-2.1598183033232345,0.006186197082090525,13.441687149231251,-1.4225783195580348,-0.658281513991659,11.360827315681554,-0.08632476893240693,"Weak mix, weak performance"
2017,03,CoM,757934.0,86662.0,2087.0,8.74586323878978,0.0911372900533828,09,1.481122672257806,99.99986806239066,1254000.0,0.3181818181818182,0.1218874824191279,44,13.434320850072382,-4.688457611282601,0.007329529124747071,13.438326183889526,-1.2705781279666715,-3.4218963562159477,8.745851699706908,1.1539082873213147e-05,"Weak mix, weak performance"
2017,04,CoM,1427060.0,117177.0,2629.0,12.178669875487511,0.1000384472559747,09,1.6061769885010375,100.0,2326000.0,0.2691315563198624,0.0826354019746121,22,13.434320850072382,-1.2556509745848707,0.013800248877556032,13.438326183889526,-1.0077490103192703,-0.2519072980827466,12.178669875487511,0.0,"Weak mix, weak performance"
2017,05,CoM,577219.0,63009.0,1758.0,9.160897649542129,0.0912233314066754,28,3.8035149474508136,100.00017324447047,999000.0,0.3543543543543543,0.1160386740331491,43,13.434320850072382,-4.273423200530253,0.005581941794216092,13.438326183889526,-1.0934373871035765,-3.1839752764951985,9.160913520290752,-1.587074862285931e-05,"Weak mix, weak performance"
2017,06,CoM,1121216.0,101074.0,2482.0,11.093020954943904,0.0800396873303067,09,1.0133107656261024,100.0,1103000.0,0.3218495013599274,0.1635501618122977,29,13.434320850072382,-2.3412998951284774,0.01084261337680116,13.438326183889526,-0.7231644771303811,-1.6221407518152429,11.093020954943903,1.7763568394002505e-15,"Weak mix, weak performance"
2017,07,CoM,1741294.0,158584.0,3559.0,10.98026282601019,0.0600766228258512,09,0.7110383289509198,99.999942571444,1886000.0,0.3001060445387062,0.1444298724954462,31,13.434320850072382,-2.454058024062192,0.01683901908048369,13.438326183889526,-0.08656837009255836,-2.3715012935931643,10.980256520203802,6.305806387274515e-06,"Weak mix, weak performance"
2017,08,CoM,4363123.0,271055.0,5043.0,16.09681798896903,0.0736350360129964,09,1.0556990097317924,100.00004583872608,2902000.0,0.2818745692625775,0.1567698091382302,6,13.434320850072382,2.662497138896647,0.042193168670825974,13.438326183889526,0.03933402333898678,2.619165160316819,16.096825367545332,-7.378576302841111e-06,"Strong mix, strong performance"
2017,09,CoM,3100827.0,206152.0,4210.0,15.041459699639102,0.0774395213557337,31,1.1216309064947838,100.0000322494612,1962000.0,0.273190621814475,0.1745571549534293,9,13.434320850072382,1.60713884956672,0.02998625448561759,13.438326183889526,-0.09215179029372902,1.6952901568330114,15.04146455042881,-4.8507897076888185e-06,"Weak mix, strong performance"
2017,10,CoM,3175587.0,211738.0,4763.0,14.99771887899196,0.1118617142996306,31,1.8064487291413205,99.99993701951796,1963000.0,0.2888436067244014,0.1833229437229437,10,13.434320850072382,1.563398028919579,0.030709214001045176,13.438326183889526,0.4195993181660258,1.139783931300764,14.997709433356317,9.445635644311778e-06,"Strong mix, strong performance"
2017,11,CoM,4787925.0,396691.0,10902.0,12.069658752026136,0.0807174459485895,09,1.1958590655226775,100.0,7307000.0,0.2598877788422061,0.0880361739902352,23,13.434320850072382,-1.3646620980462458,0.0463011762694438,13.438326183889526,-0.31477548267681876,-1.0538919491865715,12.069658752026136,0.0,"Weak mix, weak performance"
2017,12,CoM,3211912.0,207400.0,4774.0,15.48655737704918,0.1053813795078712,09,1.6739880172472723,100.0000622682066,6258000.0,0.268616171300735,0.0543216343635411,7,13.434320850072382,2.052236526976799,0.031060491480952974,13.438326183889526,0.9949488949697041,1.053291941391493,15.486567020250723,-9.643201542175461e-06,"Strong mix, strong performance"
2017,13,CoM,3214457.0,251310.0,10322.0,12.79080418606502,0.082045824323662,15,5.071516941429697,100.0,13768000.0,0.2286461359674607,0.0277078280044101,21,13.434320850072382,-0.6435166640073611,0.031085102662958903,13.438326183889526,-1.030748211156235,0.38322621333172735,12.790804186065019,1.7763568394002505e-15,"Weak mix, strong performance"
2017,14,CoM,5310488.0,359025.0,7604.0,14.791415639579416,0.0846765096075428,31,1.1936183932433655,99.99998116933884,9173000.0,0.2482284966750245,0.0622011434511434,11,13.434320850072382,1.357094789507034,0.051354572380470885,13.438326183889526,0.8914945705177237,0.46159209985080984,14.79141285425806,2.7853213566686463e-06,"Strong mix, strong performance"
2017,15,CoM,1847742.0,187330.0,5312.0,9.86356696738376,0.0849761765103226,09,1.1805161925807437,100.0,2267000.0,0.3123070136744596,0.1447681607418856,39,13.434320850072382,-3.5707538826886225,0.017868414405500216,13.438326183889526,-0.8458288194911383,-2.7289303970146275,9.863566967383761,-1.7763568394002505e-15,"Weak mix, weak performance"
2017,16,CoM,1360646.0,124909.0,2700.0,10.893098175471744,0.0808043448771311,24,1.955490980373126,100.00014698900377,1056000.0,0.3153409090909091,0.2085292153589315,32,13.434320850072382,-2.541222674600638,0.013157998566459089,13.438326183889526,0.9536147484710333,-3.4988267452323307,10.89311418712823,-1.6011656486014658e-05,"Strong mix, weak performance"
2017,17,CoM,1048629.0,104419.0,2858.0,10.04251142033538,0.0903411223307005,26,2.41194925788815,99.99990463738844,1148000.0,0.2874564459930314,0.1551545319465081,38,13.434320850072382,-3.391809429737002,0.010140667652532274,13.438326183889526,-1.3810133900442931,-2.0148109503110114,10.042501843534222,9.576801158317494e-06,"Weak mix, weak performance"
2017,18,CoM,747383.0,73300.0,2124.0,10.196221009549795,0.0959441812506863,11,6.415561054762402,100.00026760041372,780000.0,0.2961538461538461,0.1636160714285714,37,13.434320850072382,-3.2380998405225867,0.007227496676281629,13.438326183889526,-1.4509102179158047,-1.7911676712943225,10.1962482946794,-2.728512960459284e-05,"Weak mix, weak performance"
2017,19,CoM,964169.0,73146.0,1738.0,13.181431657233478,0.090005289303894,26,2.365576680354391,100.0,826000.0,0.2953995157384987,0.1517551867219917,19,13.434320850072382,-0.25288919283890365,0.009323905203722565,13.438326183889526,-0.48923700540622583,0.232342478750178,13.181431657233478,0.0,"Weak mix, strong performance"
2017,20,CoM,2190597.0,202731.0,4932.0,10.80543676102816,0.0791705792856856,28,2.601856977522673,100.0001369489687,2082000.0,0.3097982708933717,0.172390306122449,33,13.434320850072382,-2.628884089044222,0.02118396128433816,13.438326183889526,-0.42381098441148457,-2.209063640515673,10.805451558962368,-1.479793420777753e-05,"Weak mix, weak performance"
2017,21,CoM,1977666.0,201329.0,5621.0,9.823055794247226,0.0771424037275532,31,1.1325549713957055,100.00010112931102,2012000.0,0.2927435387673956,0.1729630584192439,40,13.434320850072382,-3.6112650558251556,0.01912483217011249,13.438326183889526,-0.4366860984555756,-3.1785743571980785,9.823065728235871,-9.933988645016711e-06,"Weak mix, weak performance"
2017,22,CoM,5976818.0,405154.0,9138.0,14.751965919131983,0.0967392790371234,31,1.565935825393532,99.99998326868914,3681000.0,0.2895952186905732,0.18853140995812,12,13.434320850072382,1.3176450690596013,0.05779825367949259,13.438326183889526,0.9338561705638817,0.37978109648129704,14.751963450934705,2.468197278560069e-06,"Strong mix, strong performance"
2017,23,CoM,13641585.0,846075.0,15576.0,16.123375587270633,0.180495435819386,31,2.7498963348020777,100.00000733052649,7528000.0,0.2458820403825717,0.1813665594855305,5,13.434320850072382,2.6890547371982514,0.1319196586578947,13.438326183889526,0.7436304205287538,1.9414201647806664,16.12337676919895,-1.1819283152192384e-06,"Strong mix, strong performance"
2017,24,CoM,3407734.0,200475.0,3447.0,16.99829903978052,0.0891065919961478,31,1.4493227915149445,100.0,1801000.0,0.2892837312604109,0.1903846153846153,4,13.434320850072382,3.5639781897081377,0.03295416962742249,13.458510461084382,1.4645088524857477,2.0752797262103937,16.998299039780523,-3.552713678800501e-15,"Strong mix, strong performance"
2017,25,CoM,2832622.0,158175.0,2691.0,17.908152362889204,0.0697184650998231,29,1.555650422518578,100.00003530298076,1414000.0,0.2524752475247525,0.1845682613768961,2,13.434320850072382,4.4738315128168225,0.02739260337760187,13.438326183889526,-0.1490818331485606,4.618914334259824,17.90815868500079,-6.3221115844669384e-06,"Weak mix, strong performance"
2017,26,CoM,2198449.0,144940.0,4215.0,15.16799365254588,0.0727835450017726,09,1.0373119165576916,100.00013645984056,2604000.0,0.2849462365591398,0.0933891752577319,8,13.434320850072382,1.7336728024734978,0.021259893308350163,13.438326183889526,-0.6638076470878099,2.3934958139641167,15.168014350765834,-2.069821995398513e-05,"Weak mix, strong performance"
2017,27,CoM,5674421.0,443034.0,15784.0,12.808093735469512,0.0739225095000198,24,1.7894687979151076,99.9999823770566,8841000.0,0.2712362854880669,0.0824709605361131,20,13.434320850072382,-0.6262271146028695,0.054873952066507636,13.438326183889526,-0.27936919497316637,-0.35086551060995474,12.808091478306405,2.2571631070888998e-06,"Weak mix, weak performance"
2017,28,CoM,4977699.0,361956.0,7798.0,13.752221264463085,0.0766837467032084,09,1.0386184374471648,100.0,5515000.0,0.2825022665457842,0.1109613733905579,17,13.434320850072382,0.31790041439070293,0.04813636780342928,13.438326183889526,0.39752077562952565,-0.08362569505596795,13.752221264463085,0.0,"Strong mix, weak performance"
2017,29,CoM,682633.0,61556.0,1881.0,11.089625706673598,0.0707970498779541,09,0.9885332110712468,100.00029298319888,1349000.0,0.3024462564862861,0.0791208226221079,30,13.434320850072382,-2.344695143398784,0.006601337919942194,13.438326183889526,-1.152037813386894,-1.1966301730888957,11.089658197413737,-3.249074013922382e-05,"Weak mix, weak performance"
2017,30,CoM,762407.0,53037.0,1699.0,14.375002356845222,0.0792703197880823,09,1.136101880020978,98.6032394770772,948000.0,0.3217299578059072,0.0998813559322033,14,13.434320850072382,0.9406815067728402,0.007372784848563384,13.36459730264152,1.1067309295818013,0.09423791518425768,14.56556614740758,-0.19056379056235784,"Strong mix, strong performance"
2017,31,CoM,255349.0,33874.0,825.0,7.5382003896794,0.1089885602786195,09,1.4996994641332988,99.2296817297111,566000.0,0.3091872791519434,0.1061880877742946,46,13.434320850072382,-5.896120460392982,0.002469328374865146,13.39037495703414,-1.5013955925032374,-4.319688849220969,7.569290515309931,-0.031090125630531595,"Weak mix, weak performance"
2017,32,CoM,403183.0,41542.0,1122.0,9.705430648500313,0.0795739751801595,28,2.814367023409463,100.0,687000.0,0.3333333333333333,0.1116720430107526,41,13.434320850072382,-3.728890201572069,0.003898943102041732,13.438326183889526,-0.47105415481587243,-3.2618413805733413,9.705430648500315,-1.7763568394002505e-15,"Weak mix, weak performance"
2017,33,CoM,1958613.0,145720.0,3186.0,13.440934669228657,0.0723722049868104,09,0.8871081511862767,100.00010211307696,1911000.0,0.2956567242281528,0.1322323049001814,18,13.434320850072382,0.006613819156275014,0.01894058193405789,13.438326183889526,0.5140541147866792,-0.5114319044955851,13.44094839418062,-1.3724951962501564e-05,"Strong mix, weak performance"
2017,34,CoM,3178011.0,216899.0,4802.0,14.65203159074039,0.1061417774622737,31,1.7067503579727192,100.00003146622213,2833000.0,0.2848570420049418,0.1308986119493059,13,13.434320850072382,1.217710740668009,0.030732655063985204,13.438326183889526,0.067747098443108,1.1459629188485603,14.652036201181195,-4.610440804242444e-06,"Strong mix, strong performance"
2017,35,CoM,1925074.0,93054.0,1709.0,20.68770821243579,0.0900783000215355,16,3.364448451066751,99.70411527037405,1382000.0,0.333574529667149,0.1229247027741083,1,13.434320850072382,7.253387362363409,0.01861624620388232,13.468265540217303,2.816052439670534,4.517437737029905,20.80175571691774,-0.11404750448194889,"Strong mix, strong performance"
2017,36,CoM,821792.0,47398.0,1137.0,17.33811553230094,0.0997129195689342,28,3.528751157933055,99.93173455083524,744000.0,0.3239247311827957,0.1133923444976076,3,13.434320850072382,3.9037946822285576,0.00794706187937755,13.351398039438806,1.1141720290531791,2.892570744426788,17.358140812918773,-0.020025280617833374,"Strong mix, strong performance"
2017,37,CoM,812827.0,69578.0,1847.0,11.682241513121964,0.0873044860208207,09,1.4349042639718037,99.99987697259073,968000.0,0.3088842975206611,0.1269671532846715,25,13.434320850072382,-1.752079336950418,0.00786036669404036,13.421210322836467,-0.6484299823231092,-1.0905531997504725,11.682227140762883,1.437235908063883e-05,"Weak mix, weak performance"
2017,38,CoM,1094226.0,77264.0,2152.0,14.162171256989025,0.0894555661674408,09,1.1577258746083046,99.8588043055091,1368000.0,0.3194444444444444,0.1008668407310705,16,13.434320850072382,0.7278504069166427,0.010581609132266778,13.468265540217303,-0.7989742092149318,1.533914097167962,14.203205428170332,-0.041034171181307144,"Weak mix, strong performance"
2017,39,CoM,201921.0,26069.0,1146.0,7.745636579845794,0.101689404251909,09,1.6228415943274574,98.3310304525037,714000.0,0.3417366946778711,0.0668435897435897,45,13.434320850072382,-5.688684270226588,0.0019526579496342072,13.400707395692468,-1.6139080264132613,-4.095495863565477,7.691303505713731,0.0543330741320629,"Weak mix, weak performance"
2017,40,CoM,2571632.0,219552.0,5219.0,11.713088471068357,0.0910637505298648,09,1.33271273126322,100.0,5123000.0,0.2695686121413234,0.071631973898858,24,13.434320850072382,-1.7212323790040251,0.024868724245292545,13.438326183889526,-0.3466519510526899,-1.3785857617684796,11.713088471068357,0.0,"Weak mix, weak performance"
2017,41,CoM,684336.0,61207.0,1326.0,11.180681948143189,0.1087468391910125,09,1.8403845025384316,100.00014612704872,825000.0,0.2909090909090909,0.1296758474576271,28,13.434320850072382,-2.253638901929193,0.006617806620514334,13.438326183889526,-0.8917694835671024,-1.3658584141786827,11.180698286143741,-1.6338000552451604e-05,"Weak mix, weak performance"
2017,42,CoM,617818.0,57358.0,1638.0,10.771261201576069,0.1293342488887892,09,1.8116551792979223,99.91696583783572,1355000.0,0.3114391143911439,0.0755704874835309,34,13.434320850072382,-2.663059648496313,0.005974550587245045,13.418810852877693,-1.1546862040154537,-1.4790555502022795,10.785069098659958,-0.013807897083889742,"Weak mix, weak performance"
2017,43,CoM,1069839.0,92874.0,2022.0,11.519251889656957,0.0965980933430753,09,1.3142373674468826,99.64237609584244,1767000.0,0.2999434069043576,0.092874,26,13.434320850072382,-1.9150689604154252,0.010345776953257516,13.441687149231251,-0.2593619169169046,-1.6443890473632676,11.537936184951075,-0.018684295294118414,"Weak mix, weak performance"
2017,44,CoM,955269.0,66570.0,1459.0,14.349842271293376,0.0685530188218613,31,0.95424460669861,100.00031404766617,1152000.0,0.3177083333333333,0.1035303265940902,15,13.434320850072382,0.9155214212209941,0.00923783859474309,13.438326183889526,0.8545730629759447,0.05698808977265346,14.349887336638126,-4.5065344750128133e-05,"Strong mix, strong performance"
2017,45,CoM,593359.0,56066.0,1411.0,10.5832233439161,0.1069275178608751,09,1.7893973856059142,100.00016853203542,1091000.0,0.3098075160403299,0.0925181518151815,36,13.434320850072382,-2.8510975061562824,0.005738022139039543,13.458510461084382,-0.9677484448840621,-1.9075208361625056,10.583241180037813,-1.7836121713799002e-05,"Weak mix, weak performance"
2017,46,CoM,750608.0,70438.0,2035.0,10.65629347795224,0.1838155366096512,09,2.434682413227636,99.946176965873,1626000.0,0.3081180811808118,0.0775748898678414,35,13.434320850072382,-2.7780273721201425,0.0072586837340298084,13.487460590616703,-0.7647962327270289,-2.066508905552349,10.656155452337325,0.00013802561491438325,"Weak mix, weak performance"
2017,47,CoM,172140.0,26042.0,1118.0,6.610091390830197,0.2472946276707748,09,3.1135847557829583,99.65725572208667,1448000.0,0.2092541436464088,0.0290323299888517,47,13.434320850072382,-6.824229459242185,0.0016646636033400806,13.340617042385894,-1.2021272173189606,-5.5325365731126785,6.6059532519542525,0.004138138875944719,"Weak mix, weak performance"
2018,01,CoM,1691669.0,170662.0,5063.0,9.912394088900868,0.234288332823253,09,3.145865483713889,100.00005911321897,5293000.0,0.3121103344039297,0.0557536752695197,41,13.409494500216248,-3.4971004113153796,0.016219151181049954,13.413123672100644,-1.943562223327798,-1.5571615003367572,9.91239994843609,-5.859535221475198e-06,"Weak mix, weak performance"
2018,02,CoM,552138.0,57586.0,1377.0,9.588059597818914,0.1174538021047602,09,1.847504001103678,99.47132782021886,1268000.0,0.3249211356466877,0.0802033426183844,42,13.409494500216248,-3.8214349023973337,0.005293712714959345,13.38888292490532,-1.3987791064922694,-2.3307886704153713,9.65931514799768,-0.0712555501787655,"Weak mix, weak performance"
2018,03,CoM,801382.0,87940.0,2087.0,9.112826927450534,0.0908413165384693,09,1.473549313507063,99.99987521556513,1240000.0,0.325,0.1261692969870875,43,13.409494500216248,-4.296667572765713,0.007683380029883018,13.413123672100644,-1.1190298345901828,-3.1812782814495106,9.112815556060951,1.1371389582848224e-05,"Weak mix, weak performance"
2018,04,CoM,1448220.0,118720.0,2579.0,12.19861859838275,0.1014933362651753,09,1.6319746290153163,99.99979284915275,2320000.0,0.2737068965517241,0.0844381223328591,23,13.409494500216248,-1.2108759018334982,0.013885044369448258,13.413123672100644,-0.8137632294694574,-0.4007671137902171,12.198593328840971,2.526954177817231e-05,"Weak mix, weak performance"
2018,05,CoM,502839.0,62539.0,1711.0,8.040406786165432,0.0917841985096958,28,3.815680207197274,99.99980112918848,985000.0,0.3614213197969543,0.1179981132075471,45,13.409494500216248,-5.369087714050815,0.0048210505487349935,13.413123672100644,-0.8734379235900018,-4.499294952367436,8.040390796143207,1.599002222540946e-05,"Weak mix, weak performance"
2018,06,CoM,1061358.0,101048.0,2436.0,10.503503285567255,0.0777609321478979,09,1.010214726724184,100.00018843783154,1092000.0,0.3278388278388278,0.1664711696869851,36,13.409494500216248,-2.905991214648992,0.010175942137153792,13.413123672100644,-0.5845851734853431,-2.3250154204742204,10.50352307814108,-1.9792573825228033e-05,"Weak mix, weak performance"
2018,07,CoM,1753608.0,160549.0,3518.0,10.922571925082062,0.0596723606783921,09,0.68520020677784,100.00011405057458,1869000.0,0.3060460139111824,0.1486564814814814,31,13.409494500216248,-2.4869225751341855,0.016813001399386435,13.413123672100644,0.08900405146447854,-2.5795433412270206,10.922584382338103,-1.2457256040931952e-05,"Strong mix, weak performance"
2018,08,CoM,4493584.0,273749.0,5058.0,16.414978684853644,0.0732484814641276,09,1.0629014699253827,100.0,2892000.0,0.2873443983402489,0.1599935710111046,5,13.409494500216248,3.005484184637396,0.04308296613625194,13.413123672100644,-0.03973349833687889,3.041588511089877,16.414978684853644,0.0,"Weak mix, strong performance"
2018,09,CoM,3089908.0,206973.0,4149.0,14.9290390534031,0.0792786622813329,31,1.1532582305879715,99.99996763657688,1953000.0,0.2795698924731182,0.1773547557840617,11,13.409494500216248,1.5195445531868526,0.029624994598550725,13.413123672100644,-0.10688658289696065,1.6227971326513404,14.929034221855023,4.831548077177672e-06,"Weak mix, strong performance"
2018,10,CoM,3128851.0,213151.0,4640.0,14.679035050269528,0.1077864733337071,31,1.7484171383841367,100.0000319606143,1957000.0,0.2933060807358201,0.1859956369982548,14,13.409494500216248,1.2695405500532804,0.029998366933471816,13.413123672100644,0.4373669821339381,0.8285490875447189,14.679039741779302,-4.69150977444599e-06,"Strong mix, strong performance"
2018,11,CoM,4819313.0,399193.0,10796.0,12.072639049281928,0.0815754262015059,09,1.2361749123700052,100.0,7325000.0,0.2638907849829351,0.0887489995553579,24,13.409494500216248,-1.3368554509343191,0.04620594580606455,13.413123672100644,-0.3278876466702533,-1.012596976148465,12.072639049281927,1.7763568394002505e-15,"Weak mix, weak performance"
2018,12,CoM,3175385.0,212015.0,4856.0,14.977171426550008,0.1054015462675861,09,1.69257823203748,100.00003149224426,6273000.0,0.2716403634624582,0.0555740498034076,10,13.409494500216248,1.5676769263337604,0.030444519213296637,13.413123672100644,0.8646337888940037,0.6994186822027668,14.977176143197415,-4.716647406866059e-06,"Strong mix, strong performance"
2018,13,CoM,3074291.0,246895.0,9870.0,12.451815549120072,0.0817961401594457,15,5.129849754349949,99.99996747217487,13887000.0,0.2281990350687693,0.0269624331112809,22,13.409494500216248,-0.9576789510961756,0.02947526407562073,13.413123672100644,-0.951804735396361,-0.009507437888997994,12.451811498815285,4.050304786673564e-06,"Weak mix, weak performance"
2018,14,CoM,5310394.0,355924.0,7349.0,14.920022251941424,0.0842217540011335,31,1.2025689454068147,99.99998116900554,9197000.0,0.2510601283027074,0.0616318614718614,12,13.409494500216248,1.510527751725176,0.050914264620880674,13.413123672100644,0.9066267593053231,0.600269010946894,14.920019442352864,2.8095885600265547e-06,"Strong mix, strong performance"
2018,15,CoM,1897766.0,189386.0,5229.0,10.020624544580908,0.086441362734215,09,1.2254957032589826,100.0,2246000.0,0.3178984861976848,0.1488883647798742,39,13.409494500216248,-3.3888699556353394,0.01819513962853043,13.413123672100644,-0.7925292975839071,-2.599969829935829,10.020624544580908,0.0,"Weak mix, weak performance"
2018,16,CoM,1453575.0,127378.0,2718.0,11.411507481668734,0.0806486374617217,24,1.9191153571889183,100.0,1050000.0,0.319047619047619,0.2144410774410774,28,13.409494500216248,-1.997987018547514,0.013936386301335951,13.413123672100644,0.9144278143245224,-2.916044004756432,11.411507481668735,-1.7763568394002505e-15,"Strong mix, weak performance"
2018,17,CoM,1126401.0,105039.0,2799.0,10.72364550309885,0.0936127891040531,26,2.5105281243250253,100.0002663349908,1145000.0,0.2908296943231441,0.1570089686098654,33,13.409494500216248,-2.6858489971173984,0.010799552459426667,13.413123672100644,-1.1752380747401656,-1.514211533441364,10.723674063919116,-2.8560820267031772e-05,"Weak mix, weak performance"
2018,18,CoM,789151.0,74437.0,2091.0,10.601595980493572,0.0937702171712255,11,6.388383183979457,99.85326002247984,777000.0,0.2998712998712998,0.1676509009009009,35,13.409494500216248,-2.8078985197226753,0.007566113331672303,13.459959884694694,-1.369835761310402,-1.4699861142735366,10.620138009110757,-0.018542028617185125,"Weak mix, weak performance"
2018,19,CoM,1032883.0,72032.0,1696.0,14.339224233673924,0.0894199867158847,26,2.368871196364449,100.00009681638676,821000.0,0.3008526187576126,0.1510104821802935,15,13.409494500216248,0.9297297334576768,0.00990293345171923,13.413123672100644,-0.18306024551170763,1.109174689803777,14.339238116392714,-1.388271878965952e-05,"Weak mix, strong performance"
2018,20,CoM,2294496.0,204917.0,4825.0,11.197196913872446,0.080399565552484,28,2.682251086984968,100.0,2073000.0,0.3130728412928124,0.1754426369863013,30,13.409494500216248,-2.2122975863438015,0.021998852912901046,13.413123672100644,-0.19345657100404057,-2.022470187224158,11.197196913872446,0.0,"Weak mix, weak performance"
2018,21,CoM,2106709.0,204629.0,5487.0,10.29526117998915,0.079008040817203,31,1.178393042482387,100.00004746740056,2001000.0,0.297351324337831,0.1774752818733738,38,13.409494500216248,-3.114233320227097,0.02019841456306084,13.413123672100644,-0.4093261940539756,-2.7085314111646532,10.295266066882016,-4.886892865485493e-06,"Weak mix, weak performance"
2018,22,CoM,6114735.0,413309.0,9002.0,14.79458468119494,0.096638071972272,31,1.5380222486950823,99.99995093818455,3667000.0,0.2939732751568039,0.1939507273580478,13,13.409494500216248,1.3850901809786933,0.05862601454365925,13.413123672100644,0.806277015149921,0.5751767354525447,14.79457742270311,7.258491830697267e-06,"Strong mix, strong performance"
2018,23,CoM,13702058.0,863149.0,15322.0,15.874499072581909,0.1778696323333686,31,2.7226522915556863,100.0,7541000.0,0.2486407638244264,0.1851059403817285,7,13.409494500216248,2.465004572365661,0.1313707056129272,13.413123672100644,0.5892574374409452,1.8721179630403169,15.874499072581909,0.0,"Strong mix, strong performance"
2018,24,CoM,3519332.0,204521.0,3405.0,17.20768038489935,0.0909560001148586,31,1.4722038862463511,100.0,1793000.0,0.2928053541550474,0.1957138755980861,4,13.409494500216248,3.798185884683104,0.033742166915813256,13.43362530307558,1.365149311947007,2.4089057698767617,17.20768038489935,0.0,"Strong mix, strong performance"
2018,25,CoM,2885361.0,161935.0,2656.0,17.818019575755706,0.0709432635419488,29,1.7230770547020045,100.0,1414000.0,0.256011315417256,0.18961943793911,2,13.409494500216248,4.408525075539458,0.027663867027713743,13.413123672100644,-0.09788078285764917,4.502776686512709,17.818019575755706,0.0,"Weak mix, strong performance"
2018,26,CoM,2274428.0,144808.0,4118.0,15.7065079277388,0.0736839286975282,09,1.040082125680547,100.0,2598000.0,0.2882986913010008,0.0937875647668393,8,13.409494500216248,2.297013427522552,0.02180644770484834,13.413123672100644,-0.6013003258416217,2.894684581479776,15.706507927738798,1.7763568394002505e-15,"Weak mix, strong performance"
2018,27,CoM,5608821.0,447404.0,15500.0,12.536367578296126,0.0742318588068431,24,1.8131517262065475,100.0,8838000.0,0.2737044580221769,0.083470895522388,20,13.409494500216248,-0.8731269219201216,0.05377548193319603,13.413123672100644,-0.275213249909104,-0.6015428438954151,12.536367578296126,0.0,"Weak mix, weak performance"
2018,28,CoM,5115858.0,364064.0,7613.0,14.052084248923268,0.0772642240882518,09,1.03634016840513,100.00003909412654,5501000.0,0.2864933648427558,0.1124348363187152,16,13.409494500216248,0.6425897487070209,0.04904911913783598,13.413123672100644,0.4007544977750738,0.23821157258714515,14.052089742462865,-5.493539596557184e-06,"Strong mix, strong performance"
2018,29,CoM,704965.0,61888.0,1835.0,11.390980480868668,0.0717990469607037,09,0.9819391924606466,100.00028370202776,1341000.0,0.307979120059657,0.0805833333333333,29,13.409494500216248,-2.0185140193475792,0.006758966389021068,13.413123672100644,-1.205444203283005,-0.816666671506368,11.391012797311273,-3.231644260459632e-05,"Weak mix, weak performance"
2018,30,CoM,852283.0,52797.0,1660.0,16.142640680341685,0.0794707381394219,09,1.11887661138063,98.9295809021182,940000.0,0.325531914893617,0.1009502868068833,6,13.409494500216248,2.7331461801254378,0.0081714016311931,13.29475051057087,1.0588392680937277,1.980705732678126,16.334295511342724,-0.19165483100103842,"Strong mix, strong performance"
2018,31,CoM,244111.0,33923.0,834.0,7.196032190549185,0.1095339231791831,09,1.5349003618173256,99.52890283518563,562000.0,0.3131672597864768,0.1080350318471337,46,13.409494500216248,-6.2134623096670625,0.002340453844077822,13.397212927032069,-1.4159228731484903,-4.793094787611388,7.18819526627219,0.007836924276994672,"Weak mix, weak performance"
2018,32,CoM,441470.0,42420.0,1130.0,10.407119283356908,0.0794847399470195,28,2.834829140947306,100.00022651595806,682000.0,0.3372434017595307,0.1152717391304347,37,13.409494500216248,-3.00237521685934,0.0042326652979383815,13.413123672100644,-0.40657905088976865,-2.599401764068019,10.407142857142857,-2.357378594908255e-05,"Weak mix, weak performance"
2018,33,CoM,1941091.0,150412.0,3161.0,12.905160492513897,0.0732196316857988,31,0.9542484952288544,99.99994848258017,1904000.0,0.298844537815126,0.1374881170018281,19,13.409494500216248,-0.5043340077023508,0.01861052509987204,13.413123672100644,0.46889831335650917,-0.9768681413489715,12.905153844108185,6.648405712184058e-06,"Strong mix, weak performance"
2018,34,CoM,2912463.0,220240.0,4688.0,13.224041954231748,0.1062873290063384,31,1.7127153455609423,99.99993132959972,2824000.0,0.2882436260623229,0.1338844984802431,18,13.409494500216248,-0.1854525459845,0.02792371185274087,13.413123672100644,0.01005722049094021,-0.1991480193623804,13.224032873229206,9.081002541933003e-06,"Strong mix, weak performance"
2018,35,CoM,1922804.0,96484.0,1703.0,19.92873429791468,0.0895523172842632,31,1.114674180545962,99.6834830799187,1369000.0,0.3389335281227173,0.1295087248322147,1,13.409494500216248,6.519239797698432,0.018435195518465834,13.408927930167675,2.5021311620102047,4.122575608632154,20.033634700810037,-0.10490040289535685,"Strong mix, strong performance"
2018,36,CoM,834171.0,47191.0,1090.0,17.6764849229726,0.1009431566582435,28,3.607237750904994,99.8544662904848,736000.0,0.3301630434782608,0.1148199513381995,3,13.409494500216248,4.266990422756354,0.007997749890698251,13.370381941378445,1.2785764481131652,3.0697610319080924,17.718719421399705,-0.04223449842710281,"Strong mix, strong performance"
2018,37,CoM,807934.0,70467.0,1825.0,11.46542353158216,0.0863740301395141,09,1.4028697340788838,100.00012377248638,963000.0,0.3125649013499481,0.1300129151291512,27,13.409494500216248,-1.9440709686340867,0.007746198393604431,13.368165871295195,-0.5960106453053587,-1.3067175033679008,11.465437722621935,-1.4191039774402725e-05,"Weak mix, weak performance"
2018,38,CoM,1020817.0,76606.0,2078.0,13.32554891261781,0.0880991601415968,09,1.1710961734897605,99.93975413810703,1357000.0,0.3242446573323507,0.1014649006622516,17,13.409494500216248,-0.0839455875984374,0.009787248717796373,13.38888292490532,-0.6089532814082428,0.5508164691384898,13.33074611263557,-0.0051972000177595845,"Weak mix, strong performance"
2018,39,CoM,207766.0,25553.0,1125.0,8.130786991742653,0.103164149964703,09,1.6386844530170763,98.24417854701925,707000.0,0.3465346534653465,0.0667180156657963,44,13.409494500216248,-5.278707508473595,0.001991990255943701,13.376972242279882,-1.5897374243801505,-3.71932967955981,8.067905138339922,0.06288185340273067,"Weak mix, weak performance"
2018,40,CoM,2613680.0,222538.0,5159.0,11.744870538964133,0.0910103981769536,09,1.337817296261144,99.99996173976922,5131000.0,0.2734359773923212,0.0728915820504421,26,13.409494500216248,-1.664623961252115,0.025059081332628692,13.413123672100644,-0.32979963973118454,-1.3384579870199023,11.744866045349559,4.493614573775062e-06,"Weak mix, weak performance"
2018,41,CoM,772537.0,61774.0,1311.0,12.505860070579857,0.1073102123869731,09,1.827186457130386,99.9998705563617,821000.0,0.2959805115712545,0.1328473118279569,21,13.409494500216248,-0.9036344296363907,0.00740682390937872,13.413123672100644,-0.8080467746083297,-0.09923301495273484,12.50584388253958,1.6188040277143045e-05,"Weak mix, weak performance"
2018,42,CoM,668614.0,56145.0,1640.0,11.908700685724463,0.1301138953110648,09,1.869049749998301,99.9706856272827,1341000.0,0.3176733780760626,0.0754637096774193,25,13.409494500216248,-1.500793814491784,0.006410445274912843,13.397212927032069,-1.1748304476278308,-0.30677352332893804,11.9156089560753,-0.0069082703508360765,"Weak mix, weak performance"
2018,43,CoM,1011100.0,95110.0,1987.0,10.630848491220693,0.0978786298398809,09,1.3516159884377117,99.61260013846308,1759000.0,0.3047185901080159,0.0963627152988855,34,13.409494500216248,-2.7786460089955547,0.009694085402735175,13.38888292490532,-0.3024746230432764,-2.433572645144679,10.652835656717366,-0.021987165496673455,"Weak mix, weak performance"
2018,44,CoM,1020102.0,66275.0,1404.0,15.391957751791775,0.0691104137980002,31,1.0137132954857602,100.0,1143000.0,0.3228346456692913,0.1048655063291139,9,13.409494500216248,1.9824632515755276,0.009780393539215664,13.413123672100644,0.9677566705399865,1.011077409151146,15.391957751791775,0.0,"Strong mix, strong performance"
2018,45,CoM,611617.0,56230.0,1396.0,10.877058509692334,0.1044755905702073,09,1.762290431303726,99.72875181690505,1084000.0,0.3154981549815498,0.0941876046901172,32,13.409494500216248,-2.532435990523913,0.005863977283913242,13.397212927032069,-0.850305023584019,-1.653244522965123,10.893663380482925,-0.01660487079059081,"Weak mix, weak performance"
2018,46,CoM,714323.0,71413.0,2027.0,10.002702589164436,0.1831649476724542,09,2.440654893001029,99.9554823238227,1614000.0,0.3135068153655514,0.0798803131991051,40,13.409494500216248,-3.406791911051812,0.0068486877332983856,13.459959884694694,-0.7349104477995719,-2.7213366002879558,10.00371283660717,-0.0010102474427338137,"Weak mix, weak performance"
2018,47,CoM,174349.0,26706.0,1113.0,6.52845802441399,0.2472563034677748,09,3.1305349365448825,99.40234816374054,1454000.0,0.2152682255845942,0.0298724832214765,47,13.409494500216248,-6.881036475802258,0.0016715993431722627,13.301137529861236,-1.2220192675451376,-5.567244812252224,6.5118734500638755,0.016584574350114067,"Weak mix, weak performance"
2019,01,CoM,1729928.0,168703.0,4982.0,10.254281192391362,0.2297105119540095,09,3.109034864510522,99.999942194126,5259000.0,0.3169804145274767,0.0557695867768595,37,12.987736416000423,-2.7334552236090612,0.01725876470468047,12.991703161054929,-1.650606531979962,-1.0868213642604698,10.254275264814497,5.927576864905859e-06,"Weak mix, weak performance"
2019,02,CoM,563173.0,56877.0,1342.0,9.901594669198444,0.1182946898926782,09,1.8563015162949768,100.00017756533072,1253000.0,0.3312051077414206,0.0807911931818181,41,12.987736416000423,-3.08614174680198,0.00561854036412441,13.009364832436539,-1.369457429610608,-1.738295151828165,9.901612250997767,-1.7581799323096448e-05,"Weak mix, weak performance"
2019,03,CoM,773489.0,87639.0,2055.0,8.825853786556214,0.0920896164332124,09,1.4868907426524032,100.00012928432078,1226000.0,0.3303425774877651,0.1281271929824561,43,12.987736416000423,-4.161882629444209,0.00771677471701631,12.991703161054929,-1.0998946583988272,-3.065943305654766,8.825865197001335,-1.1410445120318968e-05,"Weak mix, weak performance"
2019,04,CoM,1357816.0,116847.0,2528.0,11.62046094465412,0.1023078862603977,09,1.645142239134984,100.0,2312000.0,0.2772491349480969,0.0836413743736578,25,12.987736416000423,-1.3672754713463036,0.013546359649794913,12.991703161054929,-0.9343643189723017,-0.4368778974285057,11.62046094465412,0.0,"Weak mix, weak performance"
2019,05,CoM,494187.0,61753.0,1648.0,8.002639547876216,0.0934932912571324,28,3.8783298036598137,99.9995952948985,972000.0,0.3683127572016461,0.1192142857142857,45,12.987736416000423,-4.985096868124208,0.004930296031460227,12.991703161054929,-1.015578168666075,-3.973517831603142,8.002607160785711,3.238709050457089e-05,"Weak mix, weak performance"
2019,06,CoM,1078539.0,98407.0,2339.0,10.959982521568588,0.0779751684045565,09,1.0126812114975643,100.00009271801946,1080000.0,0.3324074074074074,0.1648358458961474,31,12.987736416000423,-2.027753894431836,0.010760130378733315,12.991703161054929,-0.6408364538203792,-1.390874023787233,10.959992683447314,-1.0161878726933082e-05,"Weak mix, weak performance"
2019,07,CoM,1714968.0,158688.0,3485.0,10.807168784029038,0.0598144927864528,09,0.689333412101952,100.00011662025182,1852000.0,0.3110151187904967,0.1491428571428571,32,12.987736416000423,-2.1805676319713854,0.017109515071180102,12.991703161054929,0.1420601710466569,-2.326581944725098,10.807181387376488,-1.2603347450124147e-05,"Strong mix, weak performance"
2019,08,CoM,4211881.0,272191.0,4927.0,15.473990690360813,0.0741055900508937,09,1.0679639065792366,99.9999762576388,2879000.0,0.2917679749913164,0.1603954036535061,4,12.987736416000423,2.4862542743603893,0.04202016681799143,12.991703161054929,0.025526415038922445,2.456757440376202,15.473987016470053,3.673890759614551e-06,"Strong mix, strong performance"
2019,09,CoM,2943811.0,203444.0,4039.0,14.46988360433338,0.077515875247997,31,1.144827353141598,100.0,1943000.0,0.2851260936695831,0.1761419913419913,10,12.987736416000423,1.4821471883329558,0.029369165297081796,12.991703161054929,0.01155194277714438,1.466628500501307,14.46988360433338,0.0,"Strong mix, strong performance"
2019,10,CoM,3063370.0,210730.0,4480.0,14.536943007640108,0.1076666292950428,31,1.7664584136470982,100.0,1949000.0,0.2970754232939969,0.1851757469244288,9,12.987736416000423,1.5492065916396847,0.030561955198931404,12.991703161054929,0.4097499129459431,1.1354899336392368,14.536943007640108,0.0,"Strong mix, strong performance"
2019,11,CoM,4756086.0,389487.0,10490.0,12.21115467268484,0.0814085289518319,09,1.245307733241853,100.00002102569216,7342000.0,0.2666848270226096,0.0865526666666666,20,12.987736416000423,-0.7765817433155835,0.04744947141685949,12.991703161054929,-0.17914514856191638,-0.6014007723283847,12.211157240164626,-2.5674797861086063e-06,"Weak mix, weak performance"
2019,12,CoM,3111532.0,208486.0,4753.0,14.924416987231757,0.1034791394265091,09,1.6539136166690085,99.99993572298148,6283000.0,0.2737545758395671,0.0546060764798323,8,12.987736416000423,1.9366805712313333,0.03104244723426861,12.991703161054929,0.8556376986905225,1.0770665345160348,14.924407394261484,9.592970272365164e-06,"Strong mix, strong performance"
2019,13,CoM,2816070.0,245851.0,9887.0,11.454376838003506,0.0816604783264074,15,5.187470191779113,100.00007102096184,14007000.0,0.2271721282216035,0.0265555195506588,27,12.987736416000423,-1.533359577996917,0.028094747019476837,12.991703161054929,-0.8270901544862846,-0.7102280335565341,11.454384973012107,-8.135008600973492e-06,"Weak mix, weak performance"
2019,14,CoM,5067528.0,356780.0,7267.0,14.203509165311957,0.0837884360660102,31,1.1594541716825113,100.00005920046225,9224000.0,0.2531439722463139,0.061630678873726,14,12.987736416000423,1.2157727493115331,0.05055659737652666,12.991703161054929,0.7563268736616262,0.4554875391384825,14.203517573855038,-8.408543081372954e-06,"Strong mix, strong performance"
2019,15,CoM,1877882.0,186900.0,5053.0,10.047522739432852,0.0873563841460499,09,1.2295432065159768,100.0,2224000.0,0.3223920863309352,0.1491620111731843,39,12.987736416000423,-2.9402136765675717,0.01873483958936717,12.991703161054929,-0.7306111971895446,-2.2135692244325313,10.047522739432852,0.0,"Weak mix, weak performance"
2019,16,CoM,1411042.0,126638.0,2645.0,11.142326947677631,0.0810423678793299,24,1.9082026862613075,100.00014173922534,1043000.0,0.3211888782358581,0.2150050933786078,29,12.987736416000423,-1.8454094683227922,0.014077373085135184,12.991703161054929,1.0338826764981375,-2.883243096827533,11.142342740725532,-1.5793047900558577e-05,"Strong mix, weak performance"
2019,17,CoM,1048232.0,103466.0,2748.0,10.131173525602614,0.0916774653337878,26,2.419631415096424,99.9996184050859,1139000.0,0.2941176470588235,0.1558222891566265,38,12.987736416000423,-2.856562890397809,0.010457770175357943,12.991703161054929,-1.2465064676068325,-1.614061827888395,10.131134865559702,3.86600429127526e-05,"Weak mix, weak performance"
2019,18,CoM,805354.0,72879.0,2032.0,11.050563262393831,0.0933403228650905,11,6.470114720031175,99.84056700531691,771000.0,0.3035019455252918,0.1656340909090909,30,12.987736416000423,-1.937173153606592,0.008034678431688043,13.025144967370384,-1.2976410622158254,-0.6564293884392396,11.071074516715317,-0.020511254321485595,"Weak mix, weak performance"
2019,19,CoM,1006234.0,73946.0,1674.0,13.607686690287506,0.090061228034315,26,2.385019338178736,100.0001987609244,815000.0,0.3042944785276074,0.1566652542372881,16,12.987736416000423,0.619950274287083,0.010038773777781182,12.991703161054929,-0.2843888398964105,0.9003994158928441,13.607713737051363,-2.7046763856120037e-05,"Weak mix, strong performance"
2019,20,CoM,2175684.0,202222.0,4767.0,10.75888874603159,0.0804446910575501,28,2.678070563166946,100.0001378876712,2061000.0,0.3158660844250364,0.1744797238999137,33,12.987736416000423,-2.228847669968834,0.02170588500084282,12.991703161054929,-0.3444855593807794,-1.8883140204614217,10.758903581212728,-1.4835181138650455e-05,"Weak mix, weak performance"
2019,21,CoM,2025282.0,203537.0,5415.0,9.950436529967524,0.0795545982503897,31,1.2062442197119014,100.0,1992000.0,0.3002008032128514,0.1777615720524017,40,12.987736416000423,-3.0372998860328995,0.02020538744885606,12.991703161054929,-0.3341958526643387,-2.707070778423065,9.950436529967524,0.0,"Weak mix, weak performance"
2019,22,CoM,5889989.0,413000.0,8786.0,14.261474576271189,0.0958146683981262,31,1.5543482176951415,100.0,3653000.0,0.2970161511086778,0.194811320754717,12,12.987736416000423,1.2737381602707654,0.05876194515850151,12.991703161054929,0.8191530492928383,0.45061836592342,14.261474576271187,1.7763568394002505e-15,"Strong mix, strong performance"
2019,23,CoM,12810137.0,848565.0,15063.0,15.096235409190813,0.1719874491964841,31,2.709976421773672,100.00001561263552,7557000.0,0.2502315733756782,0.181588915043869,7,12.987736416000423,2.1084989931903895,0.12780135376600724,12.991703161054929,0.4172661674882656,1.6872684375678304,15.096237766111024,-2.3569202109996468e-06,"Strong mix, strong performance"
2019,24,CoM,2990049.0,207694.0,3398.0,14.396414918100668,0.0906891191833672,31,1.4919202188443912,100.00006688853593,1783000.0,0.2955692652832305,0.2000905587668593,11,12.987736416000423,1.4086785021002441,0.029830462392923366,13.009364832436539,1.175294965006818,0.2117647502084759,14.396424547651831,-9.629551163570227e-06,"Strong mix, strong performance"
2019,25,CoM,2920486.0,164215.0,2622.0,17.784526383095333,0.0708950487447535,18,1.688736052385388,100.0,1416000.0,0.259180790960452,0.1922892271662763,3,12.987736416000423,4.7967899670949095,0.029136461573726447,12.991703161054929,-0.1353893462581085,4.9282125682985125,17.784526383095333,0.0,"Weak mix, strong performance"
2019,26,CoM,2212039.0,145211.0,4126.0,15.233274338720896,0.0731080058634808,09,1.0437426094821955,99.9999095856809,2592000.0,0.2905092592592592,0.0943541260558804,5,12.987736416000423,2.245537922720473,0.022068583558724222,12.991703161054929,-0.5590186092679358,2.800576013872634,15.233260565659625,1.37730612710385e-05,"Weak mix, strong performance"
2019,27,CoM,5375996.0,444362.0,15522.0,12.098235222633798,0.0755608996815874,24,1.790541671812239,100.00001860120432,8842000.0,0.2750508934630174,0.0828260950605778,22,12.987736416000423,-0.889501193366625,0.053634052987929774,12.991703161054929,-0.14329685163484296,-0.750168836368834,12.09823747305125,-2.25041745238741e-06,"Weak mix, weak performance"
2019,28,CoM,5078604.0,363044.0,7510.0,13.988948997917609,0.0775010668660911,09,1.041788026066243,100.00001969045036,5488000.0,0.2895408163265306,0.1127115802545793,15,12.987736416000423,1.0012125819171853,0.05066709797416369,12.991703161054929,0.3965870256815252,0.6006615656682137,13.988951752404667,-2.7544870579987446e-06,"Strong mix, strong performance"
2019,29,CoM,688871.0,61560.0,1783.0,11.190237166991553,0.0718751174256002,09,0.9577768152956684,99.53590730339933,1333000.0,0.3128282070517629,0.0811067193675889,28,12.987736416000423,-1.7974992490088706,0.006872576489239979,12.87043912404113,-0.7646647718503194,-0.9189504081841527,11.186823944006655,0.003413222984898212,"Weak mix, weak performance"
2019,30,CoM,808624.0,53497.0,1664.0,15.115314877469764,0.0789176720630529,09,1.100228432459337,100.0,931000.0,0.3297529538131042,0.1034758220502901,6,12.987736416000423,2.1275784614693407,0.0080673018475668,12.991703161054929,1.0018039943662804,1.1218077220485563,15.115314877469764,0.0,"Strong mix, strong performance"
2019,31,CoM,247625.0,33444.0,814.0,7.404168161703145,0.1066973721875594,09,1.533007840455087,99.59495204442202,557000.0,0.3177737881508079,0.1078838709677419,46,12.987736416000423,-5.583568254297278,0.0024704505678828834,12.970079878421707,-1.429561254844309,-4.141784636237524,7.398733987339872,0.005434174363273314,"Weak mix, weak performance"
2019,32,CoM,437188.0,41867.0,1111.0,10.442305395657678,0.0790206998078768,28,2.8990729255283285,100.0,677000.0,0.3397341211225997,0.1150192307692307,35,12.987736416000423,-2.545431020342745,0.004361640960612144,12.991703161054929,-0.5683357435404303,-1.9810620218568205,10.442305395657678,0.0,"Weak mix, weak performance"
2019,33,CoM,1804586.0,151056.0,3147.0,11.9464701832433,0.073228735668482,09,0.9323551308258954,100.00005541437204,1897000.0,0.3010015814443859,0.1387107438016528,24,12.987736416000423,-1.041266232757124,0.018003596197853616,12.991703161054929,0.34532489406078914,-1.3905512518109824,11.946476803304733,-6.620061434148283e-06,"Strong mix, weak performance"
2019,34,CoM,2711693.0,218639.0,4577.0,12.402604292921207,0.1052086951179563,31,1.7447357828926946,99.99992624533824,2813000.0,0.290792747955919,0.1337241590214067,18,12.987736416000423,-0.5851321230792159,0.027053421551838628,12.991703161054929,-0.033849324643126566,-0.5552586909894381,12.402595145422364,9.147498843731228e-06,"Weak mix, weak performance"
2019,35,CoM,1942919.0,95585.0,1671.0,20.32660982371711,0.0904049824220148,16,3.2325359426953715,99.73606722668316,1357000.0,0.341930729550479,0.130047619047619,1,12.987736416000423,7.338873407716687,0.01938368640848236,12.976396577372666,2.5126534336241244,4.9653764538479885,20.45442646484478,-0.12781664112766933,"Strong mix, strong performance"
2019,36,CoM,872895.0,47404.0,1089.0,18.413952409079403,0.1013062450154846,28,3.5495680504050218,99.84110345459648,728000.0,0.3351648351648351,0.1176277915632754,2,12.987736416000423,5.42621599307898,0.008708506606570942,12.827859760584918,1.18925021730688,4.41891980718182,18.436029785073618,-0.022077375994214776,"Strong mix, strong performance"
2019,37,CoM,837986.0,70080.0,1774.0,11.957562785388127,0.0856601823942891,09,1.3798820109651675,100.0,958000.0,0.3141962421711899,0.1300185528756957,23,12.987736416000423,-1.0301736306122962,0.008360234183050605,12.947993101851477,-0.45145133361663603,-0.5389789828467105,11.957562785388129,-1.7763568394002505e-15,"Weak mix, weak performance"
2019,38,CoM,1033848.0,78189.0,2055.0,13.222422591413114,0.0887062608364815,09,1.1932795324714551,99.84697943991767,1346000.0,0.3276374442793462,0.1046706827309237,17,12.987736416000423,0.23468617541269055,0.010314267051810534,12.976396577372666,-0.3992538002747138,0.6804925263877006,13.257635303485653,-0.035212712072539176,"Weak mix, strong performance"
2019,39,CoM,206249.0,25416.0,1084.0,8.114927604658483,0.1067912622039765,09,1.704216041356453,98.46302285101989,699000.0,0.3505007153075822,0.0674164456233421,44,12.987736416000423,-4.87280881134194,0.0020576596029289324,12.973142977606503,-1.3913729219890008,-3.312070988141834,8.26969906747567,-0.15477146281718746,"Weak mix, weak performance"
2019,40,CoM,2564665.0,222453.0,5009.0,11.529019613131762,0.0933071719709376,09,1.3788542060197655,99.99996100855276,5134000.0,0.2761978963770939,0.0730551724137931,26,12.987736416000423,-1.4587168028686612,0.025586584980027686,12.991703161054929,-0.3579818540056727,-1.1047061892490906,11.529015117800164,4.4953315985196696e-06,"Weak mix, weak performance"
2019,41,CoM,756343.0,61907.0,1303.0,12.217406755294231,0.1082156915706755,09,1.834093215165684,100.00013221514575,817000.0,0.3011015911872705,0.1345804347826087,19,12.987736416000423,-0.7703296607061922,0.007545716280118097,12.991703161054929,-0.7241816189252358,-0.05009863357330896,12.217422908556383,-1.6153262151874515e-05,"Weak mix, weak performance"
2019,42,CoM,666074.0,54630.0,1581.0,12.192458356214534,0.1281933808015843,09,1.8522608909864933,98.93285130480996,1327000.0,0.3240391861341371,0.0749382716049382,21,12.987736416000423,-0.7952780597858897,0.006645140400008173,12.965824684314384,-1.2194986783884256,0.5629727574767396,12.309298763402698,-0.11684040718816391,"Weak mix, strong performance"
2019,43,CoM,1012033.0,94131.0,1922.0,10.751325280725798,0.0964136185884218,09,1.3182882533665778,99.62827299109811,1749000.0,0.3093196112064036,0.0964456967213114,34,12.987736416000423,-2.2364111352746257,0.010096627963922133,12.965824684314384,-0.41757528709673075,-1.7701354877807873,10.778113909436868,-0.026788628711070572,"Weak mix, weak performance"
2019,44,CoM,940443.0,66019.0,1371.0,14.245035520077554,0.0696328183549399,31,1.057040496150621,100.00021266573307,1134000.0,0.328042328042328,0.1057996794871794,13,12.987736416000423,1.2572991040771306,0.009382404617512297,12.991703161054929,0.725979439379999,0.5273832139518402,14.245065814386766,-3.029430921230869e-05,"Strong mix, strong performance"
2019,45,CoM,575698.0,55285.0,1337.0,10.413276657321154,0.0999886895868236,09,1.7006577457279244,100.00034740436828,1077000.0,0.3212627669452182,0.0938624787775891,36,12.987736416000423,-2.5744597586792697,0.0057434970258618484,13.009364832436539,-0.5785941942740093,-2.01745780466339,10.41331283349914,-3.6176177985680624e-05,"Weak mix, weak performance"
2019,46,CoM,641778.0,69563.0,1944.0,9.225852824058768,0.1811177219094251,09,2.393561804977125,99.96945984436984,1602000.0,0.3189762796504369,0.0791387940841865,42,12.987736416000423,-3.761883591941656,0.006402749417686991,13.025144967370384,-0.7720724803671267,-3.0260579759078023,9.227014511095451,-0.0011616870366832899,"Weak mix, weak performance"
2019,47,CoM,175846.0,25359.0,1058.0,6.934263969399424,0.2444943966368567,09,3.107461764385197,99.3232714989252,1462000.0,0.2209302325581395,0.0283975363941769,47,12.987736416000423,-6.053472446600999,0.0017543416478947341,12.973142977606503,-1.0426293557153699,-5.020286124363932,6.910227497527202,0.024036471872222798,"Weak mix, weak performance"
2020,01,EconCensus,1744631.0,163337.0,5072.0,10.681174504245822,,,,,5225000.0,0.3213397129186603,0.0546460354633656,31,12.96963427774167,-2.2884597734958483,0.018018295195303395,,,,,,
2020,02,EconCensus,522756.0,55763.0,1272.0,9.374603231533454,,,,,1238000.0,0.3376413570274637,0.0808159420289855,41,12.96963427774167,-3.5950310462082165,0.005398947928310354,,,,,,
2020,03,EconCensus,719913.0,84349.0,1866.0,8.534932245788331,,,,,1211000.0,0.3360858794384806,0.1257064083457526,44,12.96963427774167,-4.434702031953339,0.007435156746003283,,,,,,
2020,04,EconCensus,1354445.0,111794.0,2593.0,12.115542873499471,,,,,2302000.0,0.2814943527367506,0.0807176895306859,19,12.96963427774167,-0.8540914042421992,0.013988510943461803,,,,,,
2020,05,EconCensus,518560.0,58468.0,1535.0,8.869124991448313,,,,,960000.0,0.375,0.1153214990138067,43,12.96963427774167,-4.100509286293358,0.005355612250657319,,,,,,
2020,06,EconCensus,1079592.0,97429.0,2277.0,11.080807562430078,,,,,1068000.0,0.3380149812734082,0.1659778534923339,29,12.96963427774167,-1.888826715311593,0.011149869139369863,,,,,,
2020,07,EconCensus,1638642.0,154274.0,3279.0,10.621634235191932,,,,,1833000.0,0.3164211674849972,0.1474894837476099,32,12.96963427774167,-2.3480000425497387,0.016923656220382617,,,,,,
2020,08,EconCensus,4195419.0,264266.0,4813.0,15.875742622963228,,,,,2867000.0,0.2968259504708754,0.1571141498216409,4,12.96963427774167,2.9061083452215577,0.04332967716954736,,,,,,
2020,09,EconCensus,2668132.0,195131.0,3903.0,13.673542389471688,,,,,1933000.0,0.2907397827211588,0.1707182852143482,15,12.96963427774167,0.7039081117300174,0.027556079191551244,,,,,,
2020,10,EconCensus,2514655.0,212329.0,4530.0,11.843200881650644,,,,,1939000.0,0.3017019082001031,0.1882349290780141,23,12.96963427774167,-1.126433396091027,0.025970991060198782,,,,,,
2020,11,EconCensus,4545899.0,379482.0,10102.0,11.979221675863414,,,,,7345000.0,0.2701157249829816,0.0845548128342246,21,12.96963427774167,-0.9904126018782566,0.04694938362899347,,,,,,
2020,12,EconCensus,3136467.0,206017.0,4748.0,15.224311585937082,,,,,6284000.0,0.2759388924252068,0.0540159937073938,7,12.96963427774167,2.2546773081954115,0.03239297494789881,,,,,,
2020,13,EconCensus,2840291.0,238817.0,9738.0,11.893169246745416,,,,,14048000.0,0.2274345102505695,0.025723502800517,22,12.96963427774167,-1.0764650309962551,0.029334112301434217,,,,,,
2020,14,EconCensus,4952775.0,348312.0,7202.0,14.219363673947496,,,,,9237000.0,0.2556024683338746,0.0601575129533678,13,12.96963427774167,1.2497293962058258,0.051151539773120376,,,,,,
2020,15,EconCensus,1853281.0,177842.0,4822.0,10.42094106004206,,,,,2201000.0,0.327578373466606,0.1443522727272727,35,12.96963427774167,-2.5486932176996113,0.01914041659115714,,,,,,
2020,16,EconCensus,1293518.0,122216.0,2569.0,10.583867906002489,,,,,1035000.0,0.3256038647342995,0.2099931271477663,33,12.96963427774167,-2.385766371739182,0.013359265749856823,,,,,,
2020,17,EconCensus,896933.0,94507.0,2512.0,9.490651486133302,,,,,1133000.0,0.2974404236540159,0.143627659574468,40,12.96963427774167,-3.4789827916083684,0.009263393556808896,,,,,,
2020,18,EconCensus,752299.0,71389.0,2013.0,10.538024065332197,,,,,767000.0,0.3063885267275097,0.16373623853211,34,12.96963427774167,-2.431610212409474,0.007769634643160387,,,,,,
2020,19,EconCensus,1075746.0,72124.0,1676.0,14.915229327269705,,,,,810000.0,0.3086419753086419,0.154441113490364,8,12.96963427774167,1.945595049528034,0.011110148210806093,,,,,,
2020,20,EconCensus,2055284.0,198141.0,4825.0,10.372835506028537,,,,,2048000.0,0.31982421875,0.1725966898954704,36,12.96963427774167,-2.596798771713134,0.0212266741919546,,,,,,
2020,21,EconCensus,1960092.0,199058.0,5298.0,9.846838609852403,,,,,1979000.0,0.3041940373926225,0.1755361552028218,38,12.96963427774167,-3.1227956678892674,0.020243545062510426,,,,,,
2020,22,EconCensus,5579256.0,401827.0,8602.0,13.884721534391666,,,,,3633000.0,0.3008532892925956,0.1912551166111375,14,12.96963427774167,0.9150872566499952,0.057621744413671225,,,,,,
2020,23,EconCensus,11871752.0,807694.0,14593.0,14.698328822549133,,,,,7542000.0,0.252850702731371,0.1735110633727175,10,12.96963427774167,1.7286945448074622,0.12260972779999522,,,,,,
2020,24,EconCensus,3178527.0,201632.0,3245.0,15.764000753848595,,,,,1770000.0,0.2994350282485876,0.1963310613437195,5,12.96963427774167,2.7943664761069247,0.032827364509883245,,,,,,
2020,25,EconCensus,2803226.0,165297.0,2614.0,16.958722783837576,,,,,1414000.0,0.263083451202263,0.1944670588235294,3,12.96963427774167,3.9890885060959054,0.028951310372880887,,,,,,
2020,26,EconCensus,2167112.0,139615.0,3952.0,15.52205708555671,,,,,2578000.0,0.2932505818463926,0.0914309102815979,6,12.96963427774167,2.5524228078150397,0.022381617509538883,,,,,,
2020,27,EconCensus,5703073.0,417816.0,14412.0,13.649723801864935,,,,,8838000.0,0.2763068567549219,0.0779071415252657,16,12.96963427774167,0.6800895241232645,0.0589005083793447,,,,,,
2020,28,EconCensus,5091423.0,347873.0,7106.0,14.635867112423211,,,,,5465000.0,0.2929551692589204,0.1088123240538004,11,12.96963427774167,1.6662328346815407,0.052583476149487884,,,,,,
2020,29,EconCensus,638888.0,57218.0,1578.0,11.165856898178896,,,,,1324000.0,0.3172205438066465,0.0762906666666666,28,12.96963427774167,-1.8037773795627743,0.006598342331838077,,,,,,
2020,30,EconCensus,758736.0,50917.0,1465.0,14.901427813893198,,,,,923000.0,0.333694474539545,0.100033398821218,9,12.96963427774167,1.9317935361515275,0.00783611504283927,,,,,,
2020,31,EconCensus,215759.0,30379.0,749.0,7.102241680107969,,,,,553000.0,0.3236889692585895,0.0992777777777777,47,12.96963427774167,-5.867392597633701,0.002228327567860175,,,,,,
2020,32,EconCensus,394583.0,40812.0,1001.0,9.668308340684112,,,,,671000.0,0.3427719821162444,0.1133666666666666,39,12.96963427774167,-3.301325937057559,0.004075195828257322,,,,,,
2020,33,EconCensus,1768808.0,147627.0,3234.0,11.981602281425484,,,,,1888000.0,0.3034957627118644,0.1364390018484288,20,12.96963427774167,-0.9880319963161863,0.018267991734535388,,,,,,
2020,34,EconCensus,2630865.0,207756.0,4812.0,12.663244382833708,,,,,2800000.0,0.2939285714285714,0.1280073937153419,18,12.96963427774167,-0.3063898949079622,0.027171191036380684,,,,,,
2020,35,EconCensus,1864269.0,95292.0,1725.0,19.56375141669815,,,,,1342000.0,0.3464977645305514,0.1316187845303867,1,12.96963427774167,6.594117138956479,0.01925389905685103,,,,,,
2020,36,EconCensus,840000.0,44485.0,1068.0,18.88276947285602,,,,,720000.0,0.3416666666666667,0.1126202531645569,2,12.96963427774167,5.913135195114348,0.008675397814239717,,,,,,
2020,37,EconCensus,701436.0,68820.0,1851.0,10.19232781168265,,,,,950000.0,0.3178947368421053,0.128876404494382,37,12.96963427774167,-2.77730646605902,0.007244328977653631,,,,,,
2020,38,EconCensus,1011411.0,77030.0,2117.0,13.130092171881085,,,,,1335000.0,0.3318352059925094,0.1045183175033921,17,12.96963427774167,0.16045789413941414,0.010445705688926199,,,,,,
2020,39,EconCensus,182302.0,23127.0,931.0,7.882647987201107,,,,,692000.0,0.3540462427745665,0.0623369272237196,45,12.96963427774167,-5.086986290540564,0.0018827885384899155,,,,,,
2020,40,EconCensus,2469052.0,220530.0,5094.0,11.195991475082756,,,,,5135000.0,0.2790652385589094,0.072662273476112,27,12.96963427774167,-1.7736428026589142,0.025500009909576432,,,,,,
2020,41,EconCensus,695583.0,62001.0,1250.0,11.218899695166208,,,,,811000.0,0.3070283600493218,0.1365660792951541,26,12.96963427774167,-1.750734582575463,0.007183880045026554,,,,,,
2020,42,EconCensus,569683.0,52842.0,1386.0,10.780875061504108,,,,,1312000.0,0.330030487804878,0.0739048951048951,30,12.96963427774167,-2.188759216237562,0.005883603158344673,,,,,,
2020,43,EconCensus,1044091.0,89466.0,1866.0,11.670254621867524,,,,,1738000.0,0.3141542002301496,0.0929034267912772,24,12.96963427774167,-1.2993796558741462,0.010783219975318286,,,,,,
2020,44,EconCensus,929808.0,64493.0,1404.0,14.417192563534028,,,,,1124000.0,0.3327402135231316,0.1050374592833876,12,12.96963427774167,1.4475582857923577,0.009602921774836432,,,,,,
2020,45,EconCensus,609192.0,53580.0,1300.0,11.36976483762598,,,,,1070000.0,0.3261682242990654,0.0923793103448275,25,12.96963427774167,-1.5998694401156914,0.0062916463633956215,,,,,,
2020,46,EconCensus,617165.0,69396.0,2023.0,8.89338002190328,,,,,1588000.0,0.3255667506297229,0.0803194444444444,42,12.96963427774167,-4.076254255838391,0.006373990347649113,,,,,,
2020,47,EconCensus,170201.0,22986.0,835.0,7.404550596014966,,,,,1467000.0,0.2256305385139741,0.0257690582959641,46,12.96963427774167,-5.565083681726705,0.0017578111706921596,,,,,,
