reference_year,prefecture_code,step_order,step,amount
2016,01,1,National benchmark,12.859716106123948
2016,01,2,Industry mix,-1.7798873310717562
2016,01,3,Within-industry performance,-1.189264311798927
2016,01,4,Suppression adjustment,-5.960541214378168e-06
2016,02,1,National benchmark,12.8470231253847
2016,02,2,Industry mix,-1.4393252296057224
2016,02,3,Within-industry performance,0.06458361052669177
2016,02,4,Suppression adjustment,-0.0803502177907518
2016,03,1,National benchmark,12.859716106123948
2016,03,2,Industry mix,-1.1813756179652541
2016,03,3,Within-industry performance,-3.8095405069199786
2016,03,4,Suppression adjustment,-2.345160760786058e-05
2016,04,1,National benchmark,12.859716106123948
2016,04,2,Industry mix,-0.9088485379194209
2016,04,3,Within-industry performance,-0.8279915002387002
2016,04,4,Suppression adjustment,-8.726993463881172e-06
2016,05,1,National benchmark,12.859716106123948
2016,05,2,Industry mix,-1.1481903076003754
2016,05,3,Within-industry performance,-3.9943688165963476
2016,05,4,Suppression adjustment,1.620876894303791e-05
2016,06,1,National benchmark,12.859716106123948
2016,06,2,Industry mix,-0.8315420902184754
2016,06,3,Within-industry performance,-2.633969477339787
2016,06,4,Suppression adjustment,-1.0103663587557321e-05
2016,07,1,National benchmark,12.859716106123948
2016,07,2,Industry mix,-0.002899585015499473
2016,07,3,Within-industry performance,-2.276286255717652
2016,07,4,Suppression adjustment,-1.290497422345993e-05
2016,08,1,National benchmark,12.859716106123948
2016,08,2,Industry mix,-0.033952096270413845
2016,08,3,Within-industry performance,1.0805499456695613
2016,08,4,Suppression adjustment,-7.608091967981068e-06
2016,09,1,National benchmark,12.859716106123948
2016,09,2,Industry mix,-0.008021972695848291
2016,09,3,Within-industry performance,1.7996911170283594
2016,09,4,Suppression adjustment,1.4884496307487893e-05
2016,10,1,National benchmark,12.859716106123948
2016,10,2,Industry mix,0.42791319897268276
2016,10,3,Within-industry performance,1.36371695939729
2016,10,4,Suppression adjustment,9.752006475238773e-06
2016,11,1,National benchmark,12.859716106123948
2016,11,2,Industry mix,-0.24895323878695708
2016,11,3,Within-industry performance,-1.112334256851512
2016,11,4,Suppression adjustment,-2.6037937264078437e-06
2016,12,1,National benchmark,12.859716106123948
2016,12,2,Industry mix,0.7274755078769003
2016,12,3,Within-industry performance,0.6816896824351382
2016,12,4,Suppression adjustment,0.0
2016,13,1,National benchmark,12.859716106123948
2016,13,2,Industry mix,-0.8642307905645626
2016,13,3,Within-industry performance,1.1035932172270142
2016,13,4,Suppression adjustment,-3.963299842979495e-06
2016,14,1,National benchmark,12.859716106123948
2016,14,2,Industry mix,0.8717746867973444
2016,14,3,Within-industry performance,0.23407256667582726
2016,14,4,Suppression adjustment,5.703319043703914e-06
2016,15,1,National benchmark,12.859716106123948
2016,15,2,Industry mix,-0.816105149860535
2016,15,3,Within-industry performance,-2.3169831486264227
2016,15,4,Suppression adjustment,1.0814201210962437e-05
2016,16,1,National benchmark,12.859716106123948
2016,16,2,Industry mix,0.8867385481408492
2016,16,3,Within-industry performance,-3.339281692421929
2016,16,4,Suppression adjustment,8.043240461219625e-06
2016,17,1,National benchmark,12.859716106123948
2016,17,2,Industry mix,-1.4126046856416443
2016,17,3,Within-industry performance,-1.338273754959987
2016,17,4,Suppression adjustment,0.0
2016,18,1,National benchmark,12.859716106123948
2016,18,2,Industry mix,-1.5175498056688963
2016,18,3,Within-industry performance,-1.2683679401139578
2016,18,4,Suppression adjustment,0.0
2016,19,1,National benchmark,12.859716106123948
2016,19,2,Industry mix,-0.4541637859880101
2016,19,3,Within-industry performance,-0.21616040261827196
2016,19,4,Suppression adjustment,0.0
2016,20,1,National benchmark,12.859716106123948
2016,20,2,Industry mix,-0.41674522978612627
2016,20,3,Within-industry performance,-2.1285662143941035
2016,20,4,Suppression adjustment,-1.7763568394002505e-15
2016,21,1,National benchmark,12.859716106123948
2016,21,2,Industry mix,-0.38393703763435
2016,21,3,Within-industry performance,-2.624550292235037
2016,21,4,Suppression adjustment,-5.03081373537384e-06
2016,22,1,National benchmark,12.859716106123948
2016,22,2,Industry mix,1.0169679889285195
2016,22,3,Within-industry performance,0.38412654618231956
2016,22,4,Suppression adjustment,-2.509725183230671e-06
2016,23,1,National benchmark,12.859716106123948
2016,23,2,Industry mix,0.7539141286785236
2016,23,3,Within-industry performance,2.055527343538675
2016,23,4,Suppression adjustment,-1.7763568394002505e-15
2016,24,1,National benchmark,12.879520472423307
2016,24,2,Industry mix,1.3520120365562731
2016,24,3,Within-industry performance,1.396851553618609
2016,24,4,Suppression adjustment,-5.067858626972566e-06
2016,25,1,National benchmark,12.859716106123948
2016,25,2,Industry mix,-0.1957596452855745
2016,25,3,Within-industry performance,4.744227975716459
2016,25,4,Suppression adjustment,6.443423519186808e-06
2016,26,1,National benchmark,12.859716106123948
2016,26,2,Industry mix,-0.6328229037055473
2016,26,3,Within-industry performance,1.7777526631778897
2016,26,4,Suppression adjustment,-1.3888985339605142e-05
2016,27,1,National benchmark,12.859716106123948
2016,27,2,Industry mix,-0.3136824681129045
2016,27,3,Within-industry performance,-0.5517852983787079
2016,27,4,Suppression adjustment,0.0
2016,28,1,National benchmark,12.859716106123948
2016,28,2,Industry mix,0.34186769617180623
2016,28,3,Within-industry performance,0.4818559452251425
2016,28,4,Suppression adjustment,3.552713678800501e-15
2016,29,1,National benchmark,12.859716106123948
2016,29,2,Industry mix,-1.0541258211919584
2016,29,3,Within-industry performance,-1.3222406198663668
2016,29,4,Suppression adjustment,-1.606399897369215e-05
2016,30,1,National benchmark,12.806443068259147
2016,30,2,Industry mix,0.8079286991011685
2016,30,3,Within-industry performance,2.8344565491412985
2016,30,4,Suppression adjustment,-0.26312683477999954
2016,31,1,National benchmark,11.896402987565008
2016,31,2,Industry mix,-0.8023790222404169
2016,31,3,Within-industry performance,-3.8910503295183387
2016,31,4,Suppression adjustment,0.011785722482516192
2016,32,1,National benchmark,11.896402987565008
2016,32,2,Industry mix,-0.04352746682501546
2016,32,3,Within-industry performance,-2.688892308225686
2016,32,4,Suppression adjustment,0.21934312821473156
2016,33,1,National benchmark,12.859716106123948
2016,33,2,Industry mix,0.43108671112368957
2016,33,3,Within-industry performance,-0.7526744539453654
2016,33,4,Suppression adjustment,0.0
2016,34,1,National benchmark,12.859716106123948
2016,34,2,Industry mix,0.11376795301323062
2016,34,3,Within-industry performance,1.8973847463946263
2016,34,4,Suppression adjustment,1.7763568394002505e-15
2016,35,1,National benchmark,12.8470231253847
2016,35,2,Industry mix,2.627146452342231
2016,35,3,Within-industry performance,3.780872571275487
2016,35,4,Suppression adjustment,-0.03889642840845653
2016,36,1,National benchmark,12.798125551904041
2016,36,2,Industry mix,1.2480360004230289
2016,36,3,Within-industry performance,2.0747112645683496
2016,36,4,Suppression adjustment,-0.020883415729553434
2016,37,1,National benchmark,12.826972750383216
2016,37,2,Industry mix,-0.7133421995155228
2016,37,3,Within-industry performance,-1.5091729668036298
2016,37,4,Suppression adjustment,-2.8703052571188437e-05
2016,38,1,National benchmark,12.849066659344391
2016,38,2,Industry mix,-0.720423436128031
2016,38,3,Within-industry performance,1.366673746726034
2016,38,4,Suppression adjustment,-0.028450754429639957
2016,39,1,National benchmark,12.807591029366725
2016,39,2,Industry mix,-1.4941841138195993
2016,39,3,Within-industry performance,-3.962247779987203
2016,39,4,Suppression adjustment,0.05748816798998213
2016,40,1,National benchmark,12.859716106123948
2016,40,2,Industry mix,-0.331505932439219
2016,40,3,Within-industry performance,-1.235563713900992
2016,40,4,Suppression adjustment,-4.628943859330548e-06
2016,41,1,National benchmark,12.828435883561907
2016,41,2,Industry mix,-0.8005113698786493
2016,41,3,Within-industry performance,-1.2958809142240775
2016,41,4,Suppression adjustment,-0.07012940804003875
2016,42,1,National benchmark,12.841878386269915
2016,42,2,Industry mix,-0.8827162504235974
2016,42,3,Within-industry performance,-0.6037751288936878
2016,42,4,Suppression adjustment,-0.01280562469046842
2016,43,1,National benchmark,12.8470231253847
2016,43,2,Industry mix,-0.3444825519108307
2016,43,3,Within-industry performance,-1.228959394524654
2016,43,4,Suppression adjustment,-0.007030294742598642
2016,44,1,National benchmark,12.859716106123948
2016,44,2,Industry mix,0.7889925413689146
2016,44,3,Within-industry performance,-1.1422635897148137
2016,44,4,Suppression adjustment,1.5164841833836817e-05
2016,45,1,National benchmark,12.879520472423307
2016,45,2,Industry mix,-0.7625664581983727
2016,45,3,Within-industry performance,-2.300769874681687
2016,45,4,Suppression adjustment,1.7763568394002505e-15
2016,46,1,National benchmark,12.889874294921063
2016,46,2,Industry mix,-0.7159319046798907
2016,46,3,Within-industry performance,-2.7422668434301256
2016,46,4,Suppression adjustment,-0.001097069994607125
2016,47,1,National benchmark,12.785117904760247
2016,47,2,Industry mix,-0.8505720380040305
2016,47,3,Within-industry performance,-5.360636368183039
2016,47,4,Suppression adjustment,0.009369984463982739
2017,01,1,National benchmark,13.438326183889526
2017,01,2,Industry mix,-1.9520348793555016
2017,01,3,Within-industry performance,-1.8084335907050888
2017,01,4,Suppression adjustment,-5.96537695507493e-06
2017,02,1,National benchmark,13.441687149231251
2017,02,2,Industry mix,-1.4225783195580348
2017,02,3,Within-industry performance,-0.658281513991659
2017,02,4,Suppression adjustment,-0.08632476893240693
2017,03,1,National benchmark,13.438326183889526
2017,03,2,Industry mix,-1.2705781279666715
2017,03,3,Within-industry performance,-3.4218963562159477
2017,03,4,Suppression adjustment,1.1539082873213147e-05
2017,04,1,National benchmark,13.438326183889526
2017,04,2,Industry mix,-1.0077490103192703
2017,04,3,Within-industry performance,-0.2519072980827466
2017,04,4,Suppression adjustment,0.0
2017,05,1,National benchmark,13.438326183889526
2017,05,2,Industry mix,-1.0934373871035765
2017,05,3,Within-industry performance,-3.1839752764951985
2017,05,4,Suppression adjustment,-1.587074862285931e-05
2017,06,1,National benchmark,13.438326183889526
2017,06,2,Industry mix,-0.7231644771303811
2017,06,3,Within-industry performance,-1.6221407518152429
2017,06,4,Suppression adjustment,1.7763568394002505e-15
2017,07,1,National benchmark,13.438326183889526
2017,07,2,Industry mix,-0.08656837009255836
2017,07,3,Within-industry performance,-2.3715012935931643
2017,07,4,Suppression adjustment,6.305806387274515e-06
2017,08,1,National benchmark,13.438326183889526
2017,08,2,Industry mix,0.03933402333898678
2017,08,3,Within-industry performance,2.619165160316819
2017,08,4,Suppression adjustment,-7.378576302841111e-06
2017,09,1,National benchmark,13.438326183889526
2017,09,2,Industry mix,-0.09215179029372902
2017,09,3,Within-industry performance,1.6952901568330114
2017,09,4,Suppression adjustment,-4.8507897076888185e-06
2017,10,1,National benchmark,13.438326183889526
2017,10,2,Industry mix,0.4195993181660258
2017,10,3,Within-industry performance,1.139783931300764
2017,10,4,Suppression adjustment,9.445635644311778e-06
2017,11,1,National benchmark,13.438326183889526
2017,11,2,Industry mix,-0.31477548267681876
2017,11,3,Within-industry performance,-1.0538919491865715
2017,11,4,Suppression adjustment,0.0
2017,12,1,National benchmark,13.438326183889526
2017,12,2,Industry mix,0.9949488949697041
2017,12,3,Within-industry performance,1.053291941391493
2017,12,4,Suppression adjustment,-9.643201542175461e-06
2017,13,1,National benchmark,13.438326183889526
2017,13,2,Industry mix,-1.030748211156235
2017,13,3,Within-industry performance,0.38322621333172735
2017,13,4,Suppression adjustment,1.7763568394002505e-15
2017,14,1,National benchmark,13.438326183889526
2017,14,2,Industry mix,0.8914945705177237
2017,14,3,Within-industry performance,0.46159209985080984
2017,14,4,Suppression adjustment,2.7853213566686463e-06
2017,15,1,National benchmark,13.438326183889526
2017,15,2,Industry mix,-0.8458288194911383
2017,15,3,Within-industry performance,-2.7289303970146275
2017,15,4,Suppression adjustment,-1.7763568394002505e-15
2017,16,1,National benchmark,13.438326183889526
2017,16,2,Industry mix,0.9536147484710333
2017,16,3,Within-industry performance,-3.4988267452323307
2017,16,4,Suppression adjustment,-1.6011656486014658e-05
2017,17,1,National benchmark,13.438326183889526
2017,17,2,Industry mix,-1.3810133900442931
2017,17,3,Within-industry performance,-2.0148109503110114
2017,17,4,Suppression adjustment,9.576801158317494e-06
2017,18,1,National benchmark,13.438326183889526
2017,18,2,Industry mix,-1.4509102179158047
2017,18,3,Within-industry performance,-1.7911676712943225
2017,18,4,Suppression adjustment,-2.728512960459284e-05
2017,19,1,National benchmark,13.438326183889526
2017,19,2,Industry mix,-0.48923700540622583
2017,19,3,Within-industry performance,0.232342478750178
2017,19,4,Suppression adjustment,0.0
2017,20,1,National benchmark,13.438326183889526
2017,20,2,Industry mix,-0.42381098441148457
2017,20,3,Within-industry performance,-2.209063640515673
2017,20,4,Suppression adjustment,-1.479793420777753e-05
2017,21,1,National benchmark,13.438326183889526
2017,21,2,Industry mix,-0.4366860984555756
2017,21,3,Within-industry performance,-3.1785743571980785
2017,21,4,Suppression adjustment,-9.933988645016711e-06
2017,22,1,National benchmark,13.438326183889526
2017,22,2,Industry mix,0.9338561705638817
2017,22,3,Within-industry performance,0.37978109648129704
2017,22,4,Suppression adjustment,2.468197278560069e-06
2017,23,1,National benchmark,13.438326183889526
2017,23,2,Industry mix,0.7436304205287538
2017,23,3,Within-industry performance,1.9414201647806664
2017,23,4,Suppression adjustment,-1.1819283152192384e-06
2017,24,1,National benchmark,13.458510461084382
2017,24,2,Industry mix,1.4645088524857477
2017,24,3,Within-industry performance,2.0752797262103937
2017,24,4,Suppression adjustment,-3.552713678800501e-15
2017,25,1,National benchmark,13.438326183889526
2017,25,2,Industry mix,-0.1490818331485606
2017,25,3,Within-industry performance,4.618914334259824
2017,25,4,Suppression adjustment,-6.3221115844669384e-06
2017,26,1,National benchmark,13.438326183889526
2017,26,2,Industry mix,-0.6638076470878099
2017,26,3,Within-industry performance,2.3934958139641167
2017,26,4,Suppression adjustment,-2.069821995398513e-05
2017,27,1,National benchmark,13.438326183889526
2017,27,2,Industry mix,-0.27936919497316637
2017,27,3,Within-industry performance,-0.35086551060995474
2017,27,4,Suppression adjustment,2.2571631070888998e-06
2017,28,1,National benchmark,13.438326183889526
2017,28,2,Industry mix,0.39752077562952565
2017,28,3,Within-industry performance,-0.08362569505596795
2017,28,4,Suppression adjustment,0.0
2017,29,1,National benchmark,13.438326183889526
2017,29,2,Industry mix,-1.152037813386894
2017,29,3,Within-industry performance,-1.1966301730888957
2017,29,4,Suppression adjustment,-3.249074013922382e-05
2017,30,1,National benchmark,13.36459730264152
2017,30,2,Industry mix,1.1067309295818013
2017,30,3,Within-industry performance,0.09423791518425768
2017,30,4,Suppression adjustment,-0.19056379056235784
2017,31,1,National benchmark,13.39037495703414
2017,31,2,Industry mix,-1.5013955925032374
2017,31,3,Within-industry performance,-4.319688849220969
2017,31,4,Suppression adjustment,-0.031090125630531595
2017,32,1,National benchmark,13.438326183889526
2017,32,2,Industry mix,-0.47105415481587243
2017,32,3,Within-industry performance,-3.2618413805733413
2017,32,4,Suppression adjustment,-1.7763568394002505e-15
2017,33,1,National benchmark,13.438326183889526
2017,33,2,Industry mix,0.5140541147866792
2017,33,3,Within-industry performance,-0.5114319044955851
2017,33,4,Suppression adjustment,-1.3724951962501564e-05
2017,34,1,National benchmark,13.438326183889526
2017,34,2,Industry mix,0.067747098443108
2017,34,3,Within-industry performance,1.1459629188485603
2017,34,4,Suppression adjustment,-4.610440804242444e-06
2017,35,1,National benchmark,13.468265540217303
2017,35,2,Industry mix,2.816052439670534
2017,35,3,Within-industry performance,4.517437737029905
2017,35,4,Suppression adjustment,-0.11404750448194889
2017,36,1,National benchmark,13.351398039438806
2017,36,2,Industry mix,1.1141720290531791
2017,36,3,Within-industry performance,2.892570744426788
2017,36,4,Suppression adjustment,-0.020025280617833374
2017,37,1,National benchmark,13.421210322836467
2017,37,2,Industry mix,-0.6484299823231092
2017,37,3,Within-industry performance,-1.0905531997504725
2017,37,4,Suppression adjustment,1.437235908063883e-05
2017,38,1,National benchmark,13.468265540217303
2017,38,2,Industry mix,-0.7989742092149318
2017,38,3,Within-industry performance,1.533914097167962
2017,38,4,Suppression adjustment,-0.041034171181307144
2017,39,1,National benchmark,13.400707395692468
2017,39,2,Industry mix,-1.6139080264132613
2017,39,3,Within-industry performance,-4.095495863565477
2017,39,4,Suppression adjustment,0.0543330741320629
2017,40,1,National benchmark,13.438326183889526
2017,40,2,Industry mix,-0.3466519510526899
2017,40,3,Within-industry performance,-1.3785857617684796
2017,40,4,Suppression adjustment,0.0
2017,41,1,National benchmark,13.438326183889526
2017,41,2,Industry mix,-0.8917694835671024
2017,41,3,Within-industry performance,-1.3658584141786827
2017,41,4,Suppression adjustment,-1.6338000552451604e-05
2017,42,1,National benchmark,13.418810852877693
2017,42,2,Industry mix,-1.1546862040154537
2017,42,3,Within-industry performance,-1.4790555502022795
2017,42,4,Suppression adjustment,-0.013807897083889742
2017,43,1,National benchmark,13.441687149231251
2017,43,2,Industry mix,-0.2593619169169046
2017,43,3,Within-industry performance,-1.6443890473632676
2017,43,4,Suppression adjustment,-0.018684295294118414
2017,44,1,National benchmark,13.438326183889526
2017,44,2,Industry mix,0.8545730629759447
2017,44,3,Within-industry performance,0.05698808977265346
2017,44,4,Suppression adjustment,-4.5065344750128133e-05
2017,45,1,National benchmark,13.458510461084382
2017,45,2,Industry mix,-0.9677484448840621
2017,45,3,Within-industry performance,-1.9075208361625056
2017,45,4,Suppression adjustment,-1.7836121713799002e-05
2017,46,1,National benchmark,13.487460590616703
2017,46,2,Industry mix,-0.7647962327270289
2017,46,3,Within-industry performance,-2.066508905552349
2017,46,4,Suppression adjustment,0.00013802561491438325
2017,47,1,National benchmark,13.340617042385894
2017,47,2,Industry mix,-1.2021272173189606
2017,47,3,Within-industry performance,-5.5325365731126785
2017,47,4,Suppression adjustment,0.004138138875944719
2018,01,1,National benchmark,13.413123672100644
2018,01,2,Industry mix,-1.943562223327798
2018,01,3,Within-industry performance,-1.5571615003367572
2018,01,4,Suppression adjustment,-5.859535221475198e-06
2018,02,1,National benchmark,13.38888292490532
2018,02,2,Industry mix,-1.3987791064922694
2018,02,3,Within-industry performance,-2.3307886704153713
2018,02,4,Suppression adjustment,-0.0712555501787655
2018,03,1,National benchmark,13.413123672100644
2018,03,2,Industry mix,-1.1190298345901828
2018,03,3,Within-industry performance,-3.1812782814495106
2018,03,4,Suppression adjustment,1.1371389582848224e-05
2018,04,1,National benchmark,13.413123672100644
2018,04,2,Industry mix,-0.8137632294694574
2018,04,3,Within-industry performance,-0.4007671137902171
2018,04,4,Suppression adjustment,2.526954177817231e-05
2018,05,1,National benchmark,13.413123672100644
2018,05,2,Industry mix,-0.8734379235900018
2018,05,3,Within-industry performance,-4.499294952367436
2018,05,4,Suppression adjustment,1.599002222540946e-05
2018,06,1,National benchmark,13.413123672100644
2018,06,2,Industry mix,-0.5845851734853431
2018,06,3,Within-industry performance,-2.3250154204742204
2018,06,4,Suppression adjustment,-1.9792573825228033e-05
2018,07,1,National benchmark,13.413123672100644
2018,07,2,Industry mix,0.08900405146447854
2018,07,3,Within-industry performance,-2.5795433412270206
2018,07,4,Suppression adjustment,-1.2457256040931952e-05
2018,08,1,National benchmark,13.413123672100644
2018,08,2,Industry mix,-0.03973349833687889
2018,08,3,Within-industry performance,3.041588511089877
2018,08,4,Suppression adjustment,0.0
2018,09,1,National benchmark,13.413123672100644
2018,09,2,Industry mix,-0.10688658289696065
2018,09,3,Within-industry performance,1.6227971326513404
2018,09,4,Suppression adjustment,4.831548077177672e-06
2018,10,1,National benchmark,13.413123672100644
2018,10,2,Industry mix,0.4373669821339381
2018,10,3,Within-industry performance,0.8285490875447189
2018,10,4,Suppression adjustment,-4.69150977444599e-06
2018,11,1,National benchmark,13.413123672100644
2018,11,2,Industry mix,-0.3278876466702533
2018,11,3,Within-industry performance,-1.012596976148465
2018,11,4,Suppression adjustment,1.7763568394002505e-15
2018,12,1,National benchmark,13.413123672100644
2018,12,2,Industry mix,0.8646337888940037
2018,12,3,Within-industry performance,0.6994186822027668
2018,12,4,Suppression adjustment,-4.716647406866059e-06
2018,13,1,National benchmark,13.413123672100644
2018,13,2,Industry mix,-0.951804735396361
2018,13,3,Within-industry performance,-0.009507437888997994
2018,13,4,Suppression adjustment,4.050304786673564e-06
2018,14,1,National benchmark,13.413123672100644
2018,14,2,Industry mix,0.9066267593053231
2018,14,3,Within-industry performance,0.600269010946894
2018,14,4,Suppression adjustment,2.8095885600265547e-06
2018,15,1,National benchmark,13.413123672100644
2018,15,2,Industry mix,-0.7925292975839071
2018,15,3,Within-industry performance,-2.599969829935829
2018,15,4,Suppression adjustment,0.0
2018,16,1,National benchmark,13.413123672100644
2018,16,2,Industry mix,0.9144278143245224
2018,16,3,Within-industry performance,-2.916044004756432
2018,16,4,Suppression adjustment,-1.7763568394002505e-15
2018,17,1,National benchmark,13.413123672100644
2018,17,2,Industry mix,-1.1752380747401656
2018,17,3,Within-industry performance,-1.514211533441364
2018,17,4,Suppression adjustment,-2.8560820267031772e-05
2018,18,1,National benchmark,13.459959884694694
2018,18,2,Industry mix,-1.369835761310402
2018,18,3,Within-industry performance,-1.4699861142735366
2018,18,4,Suppression adjustment,-0.018542028617185125
2018,19,1,National benchmark,13.413123672100644
2018,19,2,Industry mix,-0.18306024551170763
2018,19,3,Within-industry performance,1.109174689803777
2018,19,4,Suppression adjustment,-1.388271878965952e-05
2018,20,1,National benchmark,13.413123672100644
2018,20,2,Industry mix,-0.19345657100404057
2018,20,3,Within-industry performance,-2.022470187224158
2018,20,4,Suppression adjustment,0.0
2018,21,1,National benchmark,13.413123672100644
2018,21,2,Industry mix,-0.4093261940539756
2018,21,3,Within-industry performance,-2.7085314111646532
2018,21,4,Suppression adjustment,-4.886892865485493e-06
2018,22,1,National benchmark,13.413123672100644
2018,22,2,Industry mix,0.806277015149921
2018,22,3,Within-industry performance,0.5751767354525447
2018,22,4,Suppression adjustment,7.258491830697267e-06
2018,23,1,National benchmark,13.413123672100644
2018,23,2,Industry mix,0.5892574374409452
2018,23,3,Within-industry performance,1.8721179630403169
2018,23,4,Suppression adjustment,0.0
2018,24,1,National benchmark,13.43362530307558
2018,24,2,Industry mix,1.365149311947007
2018,24,3,Within-industry performance,2.4089057698767617
2018,24,4,Suppression adjustment,0.0
2018,25,1,National benchmark,13.413123672100644
2018,25,2,Industry mix,-0.09788078285764917
2018,25,3,Within-industry performance,4.502776686512709
2018,25,4,Suppression adjustment,0.0
2018,26,1,National benchmark,13.413123672100644
2018,26,2,Industry mix,-0.6013003258416217
2018,26,3,Within-industry performance,2.894684581479776
2018,26,4,Suppression adjustment,1.7763568394002505e-15
2018,27,1,National benchmark,13.413123672100644
2018,27,2,Industry mix,-0.275213249909104
2018,27,3,Within-industry performance,-0.6015428438954151
2018,27,4,Suppression adjustment,0.0
2018,28,1,National benchmark,13.413123672100644
2018,28,2,Industry mix,0.4007544977750738
2018,28,3,Within-industry performance,0.23821157258714515
2018,28,4,Suppression adjustment,-5.493539596557184e-06
2018,29,1,National benchmark,13.413123672100644
2018,29,2,Industry mix,-1.205444203283005
2018,29,3,Within-industry performance,-0.816666671506368
2018,29,4,Suppression adjustment,-3.231644260459632e-05
2018,30,1,National benchmark,13.29475051057087
2018,30,2,Industry mix,1.0588392680937277
2018,30,3,Within-industry performance,1.980705732678126
2018,30,4,Suppression adjustment,-0.19165483100103842
2018,31,1,National benchmark,13.397212927032069
2018,31,2,Industry mix,-1.4159228731484903
2018,31,3,Within-industry performance,-4.793094787611388
2018,31,4,Suppression adjustment,0.007836924276994672
2018,32,1,National benchmark,13.413123672100644
2018,32,2,Industry mix,-0.40657905088976865
2018,32,3,Within-industry performance,-2.599401764068019
2018,32,4,Suppression adjustment,-2.357378594908255e-05
2018,33,1,National benchmark,13.413123672100644
2018,33,2,Industry mix,0.46889831335650917
2018,33,3,Within-industry performance,-0.9768681413489715
2018,33,4,Suppression adjustment,6.648405712184058e-06
2018,34,1,National benchmark,13.413123672100644
2018,34,2,Industry mix,0.01005722049094021
2018,34,3,Within-industry performance,-0.1991480193623804
2018,34,4,Suppression adjustment,9.081002541933003e-06
2018,35,1,National benchmark,13.408927930167675
2018,35,2,Industry mix,2.5021311620102047
2018,35,3,Within-industry performance,4.122575608632154
2018,35,4,Suppression adjustment,-0.10490040289535685
2018,36,1,National benchmark,13.370381941378445
2018,36,2,Industry mix,1.2785764481131652
2018,36,3,Within-industry performance,3.0697610319080924
2018,36,4,Suppression adjustment,-0.04223449842710281
2018,37,1,National benchmark,13.368165871295195
2018,37,2,Industry mix,-0.5960106453053587
2018,37,3,Within-industry performance,-1.3067175033679008
2018,37,4,Suppression adjustment,-1.4191039774402725e-05
2018,38,1,National benchmark,13.38888292490532
2018,38,2,Industry mix,-0.6089532814082428
2018,38,3,Within-industry performance,0.5508164691384898
2018,38,4,Suppression adjustment,-0.0051972000177595845
2018,39,1,National benchmark,13.376972242279882
2018,39,2,Industry mix,-1.5897374243801505
2018,39,3,Within-industry performance,-3.71932967955981
2018,39,4,Suppression adjustment,0.06288185340273067
2018,40,1,National benchmark,13.413123672100644
2018,40,2,Industry mix,-0.32979963973118454
2018,40,3,Within-industry performance,-1.3384579870199023
2018,40,4,Suppression adjustment,4.493614573775062e-06
2018,41,1,National benchmark,13.413123672100644
2018,41,2,Industry mix,-0.8080467746083297
2018,41,3,Within-industry performance,-0.09923301495273484
2018,41,4,Suppression adjustment,1.6188040277143045e-05
2018,42,1,National benchmark,13.397212927032069
2018,42,2,Industry mix,-1.1748304476278308
2018,42,3,Within-industry performance,-0.30677352332893804
2018,42,4,Suppression adjustment,-0.0069082703508360765
2018,43,1,National benchmark,13.38888292490532
2018,43,2,Industry mix,-0.3024746230432764
2018,43,3,Within-industry performance,-2.433572645144679
2018,43,4,Suppression adjustment,-0.021987165496673455
2018,44,1,National benchmark,13.413123672100644
2018,44,2,Industry mix,0.9677566705399865
2018,44,3,Within-industry performance,1.011077409151146
2018,44,4,Suppression adjustment,0.0
2018,45,1,National benchmark,13.397212927032069
2018,45,2,Industry mix,-0.850305023584019
2018,45,3,Within-industry performance,-1.653244522965123
2018,45,4,Suppression adjustment,-0.01660487079059081
2018,46,1,National benchmark,13.459959884694694
2018,46,2,Industry mix,-0.7349104477995719
2018,46,3,Within-industry performance,-2.7213366002879558
2018,46,4,Suppression adjustment,-0.0010102474427338137
2018,47,1,National benchmark,13.301137529861236
2018,47,2,Industry mix,-1.2220192675451376
2018,47,3,Within-industry performance,-5.567244812252224
2018,47,4,Suppression adjustment,0.016584574350114067
2019,01,1,National benchmark,12.991703161054929
2019,01,2,Industry mix,-1.650606531979962
2019,01,3,Within-industry performance,-1.0868213642604698
2019,01,4,Suppression adjustment,5.927576864905859e-06
2019,02,1,National benchmark,13.009364832436539
2019,02,2,Industry mix,-1.369457429610608
2019,02,3,Within-industry performance,-1.738295151828165
2019,02,4,Suppression adjustment,-1.7581799323096448e-05
2019,03,1,National benchmark,12.991703161054929
2019,03,2,Industry mix,-1.0998946583988272
2019,03,3,Within-industry performance,-3.065943305654766
2019,03,4,Suppression adjustment,-1.1410445120318968e-05
2019,04,1,National benchmark,12.991703161054929
2019,04,2,Industry mix,-0.9343643189723017
2019,04,3,Within-industry performance,-0.4368778974285057
2019,04,4,Suppression adjustment,0.0
2019,05,1,National benchmark,12.991703161054929
2019,05,2,Industry mix,-1.015578168666075
2019,05,3,Within-industry performance,-3.973517831603142
2019,05,4,Suppression adjustment,3.238709050457089e-05
2019,06,1,National benchmark,12.991703161054929
2019,06,2,Industry mix,-0.6408364538203792
2019,06,3,Within-industry performance,-1.390874023787233
2019,06,4,Suppression adjustment,-1.0161878726933082e-05
2019,07,1,National benchmark,12.991703161054929
2019,07,2,Industry mix,0.1420601710466569
2019,07,3,Within-industry performance,-2.326581944725098
2019,07,4,Suppression adjustment,-1.2603347450124147e-05
2019,08,1,National benchmark,12.991703161054929
2019,08,2,Industry mix,0.025526415038922445
2019,08,3,Within-industry performance,2.456757440376202
2019,08,4,Suppression adjustment,3.673890759614551e-06
2019,09,1,National benchmark,12.991703161054929
2019,09,2,Industry mix,0.01155194277714438
2019,09,3,Within-industry performance,1.466628500501307
2019,09,4,Suppression adjustment,0.0
2019,10,1,National benchmark,12.991703161054929
2019,10,2,Industry mix,0.4097499129459431
2019,10,3,Within-industry performance,1.1354899336392368
2019,10,4,Suppression adjustment,0.0
2019,11,1,National benchmark,12.991703161054929
2019,11,2,Industry mix,-0.17914514856191638
2019,11,3,Within-industry performance,-0.6014007723283847
2019,11,4,Suppression adjustment,-2.5674797861086063e-06
2019,12,1,National benchmark,12.991703161054929
2019,12,2,Industry mix,0.8556376986905225
2019,12,3,Within-industry performance,1.0770665345160348
2019,12,4,Suppression adjustment,9.592970272365164e-06
2019,13,1,National benchmark,12.991703161054929
2019,13,2,Industry mix,-0.8270901544862846
2019,13,3,Within-industry performance,-0.7102280335565341
2019,13,4,Suppression adjustment,-8.135008600973492e-06
2019,14,1,National benchmark,12.991703161054929
2019,14,2,Industry mix,0.7563268736616262
2019,14,3,Within-industry performance,0.4554875391384825
2019,14,4,Suppression adjustment,-8.408543081372954e-06
2019,15,1,National benchmark,12.991703161054929
2019,15,2,Industry mix,-0.7306111971895446
2019,15,3,Within-industry performance,-2.2135692244325313
2019,15,4,Suppression adjustment,0.0
2019,16,1,National benchmark,12.991703161054929
2019,16,2,Industry mix,1.0338826764981375
2019,16,3,Within-industry performance,-2.883243096827533
2019,16,4,Suppression adjustment,-1.5793047900558577e-05
2019,17,1,National benchmark,12.991703161054929
2019,17,2,Industry mix,-1.2465064676068325
2019,17,3,Within-industry performance,-1.614061827888395
2019,17,4,Suppression adjustment,3.86600429127526e-05
2019,18,1,National benchmark,13.025144967370384
2019,18,2,Industry mix,-1.2976410622158254
2019,18,3,Within-industry performance,-0.6564293884392396
2019,18,4,Suppression adjustment,-0.020511254321485595
2019,19,1,National benchmark,12.991703161054929
2019,19,2,Industry mix,-0.2843888398964105
2019,19,3,Within-industry performance,0.9003994158928441
2019,19,4,Suppression adjustment,-2.7046763856120037e-05
2019,20,1,National benchmark,12.991703161054929
2019,20,2,Industry mix,-0.3444855593807794
2019,20,3,Within-industry performance,-1.8883140204614217
2019,20,4,Suppression adjustment,-1.4835181138650455e-05
2019,21,1,National benchmark,12.991703161054929
2019,21,2,Industry mix,-0.3341958526643387
2019,21,3,Within-industry performance,-2.707070778423065
2019,21,4,Suppression adjustment,0.0
2019,22,1,National benchmark,12.991703161054929
2019,22,2,Industry mix,0.8191530492928383
2019,22,3,Within-industry performance,0.45061836592342
2019,22,4,Suppression adjustment,1.7763568394002505e-15
2019,23,1,National benchmark,12.991703161054929
2019,23,2,Industry mix,0.4172661674882656
2019,23,3,Within-industry performance,1.6872684375678304
2019,23,4,Suppression adjustment,-2.3569202109996468e-06
2019,24,1,National benchmark,13.009364832436539
2019,24,2,Industry mix,1.175294965006818
2019,24,3,Within-industry performance,0.2117647502084759
2019,24,4,Suppression adjustment,-9.629551163570227e-06
2019,25,1,National benchmark,12.991703161054929
2019,25,2,Industry mix,-0.1353893462581085
2019,25,3,Within-industry performance,4.9282125682985125
2019,25,4,Suppression adjustment,0.0
2019,26,1,National benchmark,12.991703161054929
2019,26,2,Industry mix,-0.5590186092679358
2019,26,3,Within-industry performance,2.800576013872634
2019,26,4,Suppression adjustment,1.37730612710385e-05
2019,27,1,National benchmark,12.991703161054929
2019,27,2,Industry mix,-0.14329685163484296
2019,27,3,Within-industry performance,-0.750168836368834
2019,27,4,Suppression adjustment,-2.25041745238741e-06
2019,28,1,National benchmark,12.991703161054929
2019,28,2,Industry mix,0.3965870256815252
2019,28,3,Within-industry performance,0.6006615656682137
2019,28,4,Suppression adjustment,-2.7544870579987446e-06
2019,29,1,National benchmark,12.87043912404113
2019,29,2,Industry mix,-0.7646647718503194
2019,29,3,Within-industry performance,-0.9189504081841527
2019,29,4,Suppression adjustment,0.003413222984898212
2019,30,1,National benchmark,12.991703161054929
2019,30,2,Industry mix,1.0018039943662804
2019,30,3,Within-industry performance,1.1218077220485563
2019,30,4,Suppression adjustment,0.0
2019,31,1,National benchmark,12.970079878421707
2019,31,2,Industry mix,-1.429561254844309
2019,31,3,Within-industry performance,-4.141784636237524
2019,31,4,Suppression adjustment,0.005434174363273314
2019,32,1,National benchmark,12.991703161054929
2019,32,2,Industry mix,-0.5683357435404303
2019,32,3,Within-industry performance,-1.9810620218568205
2019,32,4,Suppression adjustment,0.0
2019,33,1,National benchmark,12.991703161054929
2019,33,2,Industry mix,0.34532489406078914
2019,33,3,Within-industry performance,-1.3905512518109824
2019,33,4,Suppression adjustment,-6.620061434148283e-06
2019,34,1,National benchmark,12.991703161054929
2019,34,2,Industry mix,-0.033849324643126566
2019,34,3,Within-industry performance,-0.5552586909894381
2019,34,4,Suppression adjustment,9.147498843731228e-06
2019,35,1,National benchmark,12.976396577372666
2019,35,2,Industry mix,2.5126534336241244
2019,35,3,Within-industry performance,4.9653764538479885
2019,35,4,Suppression adjustment,-0.12781664112766933
2019,36,1,National benchmark,12.827859760584918
2019,36,2,Industry mix,1.18925021730688
2019,36,3,Within-industry performance,4.41891980718182
2019,36,4,Suppression adjustment,-0.022077375994214776
2019,37,1,National benchmark,12.947993101851477
2019,37,2,Industry mix,-0.45145133361663603
2019,37,3,Within-industry performance,-0.5389789828467105
2019,37,4,Suppression adjustment,-1.7763568394002505e-15
2019,38,1,National benchmark,12.976396577372666
2019,38,2,Industry mix,-0.3992538002747138
2019,38,3,Within-industry performance,0.6804925263877006
2019,38,4,Suppression adjustment,-0.035212712072539176
2019,39,1,National benchmark,12.973142977606503
2019,39,2,Industry mix,-1.3913729219890008
2019,39,3,Within-industry performance,-3.312070988141834
2019,39,4,Suppression adjustment,-0.15477146281718746
2019,40,1,National benchmark,12.991703161054929
2019,40,2,Industry mix,-0.3579818540056727
2019,40,3,Within-industry performance,-1.1047061892490906
2019,40,4,Suppression adjustment,4.4953315985196696e-06
2019,41,1,National benchmark,12.991703161054929
2019,41,2,Industry mix,-0.7241816189252358
2019,41,3,Within-industry performance,-0.05009863357330896
2019,41,4,Suppression adjustment,-1.6153262151874515e-05
2019,42,1,National benchmark,12.965824684314384
2019,42,2,Industry mix,-1.2194986783884256
2019,42,3,Within-industry performance,0.5629727574767396
2019,42,4,Suppression adjustment,-0.11684040718816391
2019,43,1,National benchmark,12.965824684314384
2019,43,2,Industry mix,-0.41757528709673075
2019,43,3,Within-industry performance,-1.7701354877807873
2019,43,4,Suppression adjustment,-0.026788628711070572
2019,44,1,National benchmark,12.991703161054929
2019,44,2,Industry mix,0.725979439379999
2019,44,3,Within-industry performance,0.5273832139518402
2019,44,4,Suppression adjustment,-3.029430921230869e-05
2019,45,1,National benchmark,13.009364832436539
2019,45,2,Industry mix,-0.5785941942740093
2019,45,3,Within-industry performance,-2.01745780466339
2019,45,4,Suppression adjustment,-3.6176177985680624e-05
2019,46,1,National benchmark,13.025144967370384
2019,46,2,Industry mix,-0.7720724803671267
2019,46,3,Within-industry performance,-3.0260579759078023
2019,46,4,Suppression adjustment,-0.0011616870366832899
2019,47,1,National benchmark,12.973142977606503
2019,47,2,Industry mix,-1.0426293557153699
2019,47,3,Within-industry performance,-5.020286124363932
2019,47,4,Suppression adjustment,0.024036471872222798
