reference_year,industry_code,value_added,employment,national_va_per_worker,cells_matched,employment_30plus,value_added_30plus,capital_stock_30plus,capital_per_worker_30plus,va_per_worker_30plus
2016,09,9780853.0,1130444.0,8.65222248957047,47,904754.0,8463365.0,6691078.0,7.395466613024093,9.354327253596004
2016,10,2977065.0,101827.0,29.23649916034058,46,63001.0,2607998.0,1828408.0,29.021888541451723,41.396136569260804
2016,11,1502805.0,258823.0,5.806303921985295,47,144951.0,977020.0,1002043.0,6.91297748894454,6.74034673786314
2016,12,831702.0,90947.0,9.144908573125006,41,40641.0,482141.0,477682.0,11.75369700548707,11.86341379395192
2016,13,740052.0,95934.0,7.714178497717181,38,50833.0,467375.0,459861.0,9.046505222985068,9.194322585721874
2016,14,2318750.0,186139.0,12.45708851986956,45,133819.0,1972657.0,2821271.0,21.08273862456004,14.741232560398748
2016,15,2220755.0,260164.0,8.535981150351317,47,166996.0,1612783.0,1451414.0,8.691309971496324,9.657614553642004
2016,16,11051598.0,357192.0,30.940217026137205,44,322442.0,10473752.0,8292180.0,25.716811085404508,32.48259221813535
2016,17,851270.0,25515.0,33.363511659807955,7,9275.0,413000.0,1097236.0,118.30037735849056,44.528301886792455
2016,18,4259819.0,425035.0,10.022278165327561,47,308566.0,3429505.0,3172418.0,10.281165131608796,11.114332103990717
2016,19,1362017.0,111726.0,12.190689723072516,37,88111.0,1224452.0,765430.0,8.687110576432001,13.896698482595816
2016,20,119156.0,20885.0,5.7053387598755085,11,6543.0,43590.0,20744.0,3.17041112639462,6.66208161393856
2016,21,2970717.0,236031.0,12.58613063538264,45,134131.0,1915986.0,2393026.0,17.84096144813652,14.284438347585569
2016,22,3039130.0,215684.0,14.090660410600693,44,177043.0,2613615.0,5900791.0,33.329705212857895,14.762600046316432
2016,23,2109312.0,136472.0,15.456005627527992,39,114291.0,1909747.0,2198165.0,19.233054221242266,16.709513435003633
2016,24,5703205.0,591865.0,9.63598962601269,47,344179.0,3772271.0,3344392.0,9.717013530749988,10.960200941951717
2016,25,4189228.0,319153.0,13.126080594573763,44,259387.0,3679844.0,2597594.0,10.014356926137394,14.186694013192643
2016,26,6759856.0,587805.0,11.500167572579342,45,417337.0,5350213.0,4194114.0,10.049705633576702,12.819886566491828
2016,27,2647296.0,207210.0,12.775908498624585,39,170177.0,2288208.0,1221911.0,7.180235872062617,13.446047350699565
2016,28,5203235.0,394373.0,13.193689730280724,45,364056.0,4997469.0,4795980.0,13.173742501153669,13.727198562858462
2016,29,5474766.0,477529.0,11.464782243591488,47,400707.0,4973209.0,2966337.0,7.402758125014038,12.411085905661743
2016,30,1872607.0,126677.0,14.782533530159382,31,110836.0,1717954.0,678835.0,6.124679706954419,15.499963910642752
2016,31,17833190.0,1057212.0,16.868130516868895,45,974585.0,17229760.0,10386245.0,10.65709507123545,17.679073656992465
2016,32,1473650.0,151002.0,9.759142263016384,45,89388.0,1082532.0,762747.0,8.532991005504094,12.110484628809235
2017,09,10026116.0,1138973.0,8.802768810147388,47,918976.0,8758894.0,6942656.0,7.554774009332126,9.531145535900828
2017,10,2927133.0,102129.0,28.661134447610376,46,63254.0,2531041.0,1827451.0,28.890678850349385,40.01392797293452
2017,11,1470817.0,251923.0,5.838359339957051,47,143662.0,970952.0,1007040.0,7.009786860826106,6.758586125767426
2017,12,821400.0,90819.0,9.044362963697024,42,42636.0,494946.0,482622.0,11.319589079651,11.60864058542077
2017,13,736065.0,95505.0,7.707083398774933,40,51788.0,474040.0,456377.0,8.812408279910404,9.153471846759867
2017,14,2295863.0,186657.0,12.299903030692661,45,135413.0,1948822.0,2798575.0,20.66695959767526,14.391690605776402
2017,15,2222061.0,258298.0,8.602703079388922,45,167166.0,1607322.0,1428645.0,8.54626538889487,9.615125085244607
2017,16,11473442.0,366260.0,31.325948779555507,45,330475.0,10887901.0,8370307.0,25.328109539299493,32.94621680913836
2017,17,1352008.0,25573.0,52.86857232237125,9,9888.0,940388.0,1184540.0,119.79571197411003,95.1039644012945
2017,18,4524366.0,435564.0,10.387373612144254,47,319904.0,3693252.0,3286785.0,10.274285410623188,11.544875962788836
2017,19,1334106.0,115382.0,11.562514083652562,36,89821.0,1169590.0,730395.0,8.131672994065976,13.021342447757206
2017,20,123522.0,20715.0,5.9629254163649525,15,8427.0,56421.0,28799.0,3.4174676634626793,6.695265218939125
2017,21,3177579.0,239873.0,13.246922329732817,47,139898.0,2107025.0,2409210.0,17.22118972394173,15.061151696235829
2017,22,3464203.0,220408.0,15.717228957206634,45,182626.0,3030967.0,5932322.0,32.48344704478004,16.596579895524187
2017,23,2394908.0,139815.0,17.129120623681292,39,117671.0,2188401.0,2282794.0,19.399801140467915,18.5976238835397
2017,24,6064472.0,606216.0,10.003813822136005,47,359764.0,4103251.0,3463327.0,9.626663590576044,11.405396315362292
2017,25,4408854.0,327617.0,13.457341957224441,44,267972.0,3903857.0,2575266.0,9.610205543862792,14.568152642813429
2017,26,7700685.0,610154.0,12.620887513644096,47,440936.0,6240748.0,4266870.0,9.676846526480034,14.15341001868752
2017,27,2572150.0,205868.0,12.494171022208405,39,171607.0,2268224.0,1262361.0,7.356116009253702,13.217549400665474
2017,28,5850444.0,405708.0,14.42033186429649,43,367859.0,5504762.0,4841935.0,13.162475296241222,14.96432600534444
2017,29,6213044.0,485679.0,12.792490513281406,47,409423.0,5703477.0,3172285.0,7.748184640335301,13.93052417670722
2017,30,1835127.0,126923.0,14.458585126415228,31,111451.0,1670829.0,648142.0,5.8154884209204045,14.991601690428977
2017,31,18767023.0,1083760.0,17.316585775448438,45,1002122.0,18155233.0,10749463.0,10.726700940604038,18.1167891733741
2017,32,1621261.0,152854.0,10.606598453426145,47,92130.0,1229372.0,772464.0,8.384500162813415,13.343883642678824
2018,09,10153954.0,1145915.0,8.861001034108115,47,932176.0,8937532.0,7297213.0,7.828149405262526,9.587816034740221
2018,10,2880413.0,103561.0,27.813684688251367,46,64685.0,2486764.0,1937547.0,29.953575017391977,38.4442142691505
2018,11,1470507.0,247591.0,5.939258696802388,47,143139.0,976964.0,991616.0,6.927643758863762,6.825281719168081
2018,12,842336.0,89358.0,9.4265314801137,42,43029.0,520217.0,487898.0,11.338818006460759,12.089916103093262
2018,13,708233.0,93045.0,7.611725509162233,38,50567.0,449882.0,451250.0,8.923804061937627,8.896750845413017
2018,14,2265207.0,187035.0,12.111139626273157,45,137113.0,1916051.0,2787867.0,20.332623456565024,13.974247518470166
2018,15,2118862.0,253665.0,8.352993120848364,45,166051.0,1533321.0,1435568.0,8.645343900367958,9.234036530945312
2018,16,11503083.0,374699.0,30.699529489003172,45,339455.0,10917518.0,8579430.0,25.27413059168373,32.161900693759115
2018,17,1257585.0,26116.0,48.153813754020526,9,10737.0,834457.0,1390491.0,129.5046102263202,77.71789140355779
2018,18,4653850.0,450072.0,10.340234451376668,47,335849.0,3825948.0,3497904.0,10.415109171085815,11.391869560427454
2018,19,1403407.0,119435.0,11.750383053543768,38,97296.0,1266918.0,829877.0,8.529405114290412,13.021275283670448
2018,20,111008.0,20127.0,5.515377353803348,14,7765.0,45305.0,23339.0,3.0056664520283323,5.8345138441725695
2018,21,3259202.0,239975.0,13.581423064902594,47,140712.0,2176198.0,2429429.0,17.265258115867873,15.465617715617716
2018,22,3374868.0,223717.0,15.085433829346899,44,185016.0,2902002.0,6172589.0,33.362460543952956,15.685140744584253
2018,23,2148231.0,139276.0,15.424272667221919,38,113037.0,1815064.0,1937346.0,17.139042968231642,16.05725558887798
2018,24,6301988.0,612442.0,10.289934393787494,47,367798.0,4295758.0,3577995.0,9.728152409746654,11.679666556098729
2018,25,4517025.0,330182.0,13.680409592285466,44,271583.0,4011666.0,2604854.0,9.591373539580902,14.771417945894994
2018,26,7989481.0,622124.0,12.842264564620558,47,452954.0,6496788.0,4623575.0,10.20760386264389,14.34315184323353
2018,27,2635112.0,207924.0,12.673438371712741,41,174263.0,2331451.0,1286090.0,7.38016675943832,13.378921515181077
2018,28,6055469.0,413238.0,14.653708032659146,43,373011.0,5628223.0,5350634.0,14.344440244389576,15.088624732246503
2018,29,6599324.0,503300.0,13.112108086628254,47,428070.0,6084060.0,3231843.0,7.549800266311585,14.212768939659401
2018,30,2011145.0,124300.0,16.179766693483508,27,104345.0,1766458.0,671059.0,6.431156260482055,16.929014327471368
2018,31,18346956.0,1093367.0,16.780235730546103,45,1013804.0,17748111.0,11398145.0,11.242947354715508,17.506451937455367
2018,32,1660422.0,153092.0,10.845909649099887,47,93941.0,1274103.0,771945.0,8.217338542276535,13.562800055353893
2019,09,10325478.0,1136951.0,9.081726477218455,47,930371.0,9111444.0,7689252.0,8.264715903655638,9.793344805459327
2019,10,2782563.0,103462.0,26.89454099089521,44,64558.0,2379109.0,1974282.0,30.581523591189317,36.85227237522847
2019,11,1454845.0,239139.0,6.0836793663936035,47,138595.0,977719.0,984715.0,7.104982142212923,7.054504130740647
2019,12,873863.0,87554.0,9.980846106402906,43,42999.0,550434.0,538571.0,12.525198260424661,12.801088397404591
2019,13,728883.0,89287.0,8.163372047442516,38,47972.0,470509.0,428704.0,8.9365463186859,9.807992162094555
2019,14,2394693.0,187842.0,12.748442840259367,45,138065.0,2038622.0,2783630.0,20.161735414478688,14.765668344620288
2019,15,2129072.0,251733.0,8.45765950431608,45,165530.0,1549053.0,1402331.0,8.471763426569202,9.358140518335045
2019,16,11515566.0,381259.0,30.204050265042923,45,345845.0,10950602.0,8985029.0,25.97993031560381,31.663323165001664
2019,17,934240.0,26836.0,34.81293784468624,9,11195.0,618058.0,1319956.0,117.90585082626173,55.20839660562751
2019,18,4654951.0,451650.0,10.306544890955387,47,338890.0,3837322.0,3723050.0,10.986013160612588,11.323208120629113
2019,19,1404954.0,117186.0,11.989094260406533,39,95680.0,1267957.0,838726.0,8.765948996655519,13.252058946488294
2019,20,113125.0,19167.0,5.902071268325768,11,5429.0,35619.0,20045.0,3.6922085098544852,6.560876772886351
2019,21,3163883.0,237550.0,13.318808671858555,45,139238.0,2061870.0,2434498.0,17.48443671986096,14.808242002901506
2019,22,3009631.0,223524.0,13.46446466598665,43,185031.0,2551081.0,6360931.0,34.37765023158281,13.78731671990099
2019,23,2116911.0,139911.0,15.1304114758668,39,117347.0,1903820.0,2331341.0,19.867069460659412,16.223848926687516
2019,24,6243861.0,612427.0,10.195273885703928,47,368912.0,4203881.0,3783293.0,10.255272260051177,11.39534902632606
2019,25,4484640.0,327541.0,13.691843158566408,45,269622.0,3971872.0,2807543.0,10.412885447033254,14.731260802160062
2019,26,7570594.0,622006.0,12.171255582743575,47,454878.0,6124356.0,4800076.0,10.552447029753033,13.463733132840014
2019,27,2646650.0,210129.0,12.595358089554512,41,177656.0,2362500.0,1353047.0,7.616106407889404,13.298171747647139
2019,28,5075108.0,409850.0,12.382842503354887,43,374355.0,4774822.0,5637622.0,15.059561111778926,12.754796917364533
2019,29,6225809.0,502824.0,12.381686236138291,47,428321.0,5713669.0,3299094.0,7.702386761330871,13.339689158364871
2019,30,1894730.0,120296.0,15.750565272328258,27,101784.0,1686842.0,732353.0,7.195168199324058,16.572761927218423
2019,31,16759394.0,1064560.0,15.743024348087474,45,987010.0,16176740.0,11543632.0,11.695557289186533,16.389641442335943
2019,32,1702316.0,150374.0,11.320547435061913,45,92388.0,1311870.0,797650.0,8.633697016928606,14.199571372905572
